[0.000000] (-) TimerEvent: {}
[0.000506] (linkattacher_msgs) JobQueued: {'identifier': 'linkattacher_msgs', 'dependencies': OrderedDict()}
[0.000589] (bin_nodes) JobQueued: {'identifier': 'bin_nodes', 'dependencies': OrderedDict([('linkattacher_msgs', '/home/ibrahim/BinPicking/install/linkattacher_msgs')])}
[0.000635] (ros2_linkattacher) JobQueued: {'identifier': 'ros2_linkattacher', 'dependencies': OrderedDict([('linkattacher_msgs', '/home/ibrahim/BinPicking/install/linkattacher_msgs')])}
[0.000680] (moveit_config) JobQueued: {'identifier': 'moveit_config', 'dependencies': OrderedDict([('linkattacher_msgs', '/home/ibrahim/BinPicking/install/linkattacher_msgs'), ('bin_nodes', '/home/ibrahim/BinPicking/install/bin_nodes')])}
[0.000726] (linkattacher_msgs) JobStarted: {'identifier': 'linkattacher_msgs'}
[0.016694] (linkattacher_msgs) JobProgress: {'identifier': 'linkattacher_msgs', 'progress': 'cmake'}
[0.017910] (linkattacher_msgs) JobProgress: {'identifier': 'linkattacher_msgs', 'progress': 'build'}
[0.018927] (linkattacher_msgs) Command: {'cmd': ['/usr/bin/cmake', '--build', '/home/ibrahim/BinPicking/build/linkattacher_msgs', '--', '-j16', '-l16'], 'cwd': '/home/ibrahim/BinPicking/build/linkattacher_msgs', 'env': OrderedDict([('PYTHON_BASIC_REPL', '1'), ('LESSOPEN', '| /usr/bin/lesspipe %s'), ('USER', 'ibrahim'), ('GIT_ASKPASS', '/home/ibrahim/.vscode-server/bin/7e7950df89d055b5a378379db9ee14290772148a/extensions/git/dist/askpass.sh'), ('SHLVL', '1'), ('LD_LIBRARY_PATH', '/home/ibrahim/BinPicking/install/ros2_linkattacher/lib:/home/ibrahim/BinPicking/install/linkattacher_msgs/lib:/home/ibrahim/RobotArmExpanded/install/action_interfaces/lib:/home/ibrahim/RobotArm/install/action_interfaces/lib:/home/ibrahim/RobotNav/install/action_interfaces/lib:/home/ibrahim/ros2_ws/install/action_interfaces/lib:/usr/lib/x86_64-linux-gnu/gazebo-11/plugins:/opt/ros/humble/opt/rviz_ogre_vendor/lib:/opt/ros/humble/lib/x86_64-linux-gnu:/opt/ros/humble/lib'), ('HOME', '/home/ibrahim'), ('OLDPWD', '/home/ibrahim/BinPicking/src'), ('TERM_PROGRAM_VERSION', '1.126.0'), ('VSCODE_IPC_HOOK_CLI', '/run/user/1000/vscode-ipc-526a32f8-c8d3-4116-acd1-62ce41b7aaf8.sock'), ('ROS_PYTHON_VERSION', '3'), ('VSCODE_GIT_ASKPASS_MAIN', '/home/ibrahim/.vscode-server/bin/7e7950df89d055b5a378379db9ee14290772148a/extensions/git/dist/askpass-main.js'), ('VSCODE_GIT_ASKPASS_NODE', '/home/ibrahim/.vscode-server/bin/7e7950df89d055b5a378379db9ee14290772148a/node'), ('PYDEVD_DISABLE_FILE_VALIDATION', '1'), ('BUNDLED_DEBUGPY_PATH', '/home/ibrahim/.vscode-server/extensions/ms-python.debugpy-2026.6.0-linux-x64/bundled/libs/debugpy'), ('VSCODE_PYTHON_AUTOACTIVATE_GUARD', '1'), ('DBUS_SESSION_BUS_ADDRESS', 'unix:path=/run/user/1000/bus'), ('COLORTERM', 'truecolor'), ('WSL_DISTRO_NAME', 'Ubuntu-22.04'), ('WAYLAND_DISPLAY', 'wayland-0'), ('COLCON_PREFIX_PATH', '/home/ibrahim/BinPicking/install:/home/ibrahim/MoveItArm/install:/home/ibrahim/RobotArmExpanded/install:/home/ibrahim/RobotArm/install:/home/ibrahim/TF2Sample/install:/home/ibrahim/RobotNav/install:/home/ibrahim/RobotMonitor/install:/home/ibrahim/ros2_ws/install'), ('ROS_DISTRO', 'humble'), ('LOGNAME', 'ibrahim'), ('NAME', 'Ibrahim-laptop'), ('WSL_INTEROP', '/run/WSL/411_interop'), ('PULSE_SERVER', 'unix:/mnt/wslg/PulseServer'), ('_', '/usr/bin/colcon'), ('ROS_VERSION', '2'), ('CLAUDE_CODE_SSE_PORT', '29659'), ('TERM', 'xterm-256color'), ('ROS_LOCALHOST_ONLY', '0'), ('PATH', '/home/ibrahim/.vscode-server/data/User/globalStorage/github.copilot-chat/debugCommand:/home/ibrahim/.vscode-server/data/User/globalStorage/github.copilot-chat/copilotCli:/home/ibrahim/.vscode-server/bin/7e7950df89d055b5a378379db9ee14290772148a/bin/remote-cli:/opt/ros/humble/bin:/usr/local/sbin:/usr/local/bin:/usr/sbin:/usr/bin:/sbin:/bin:/usr/games:/usr/local/games:/usr/lib/wsl/lib:/mnt/c/Windows/system32:/mnt/c/Windows:/mnt/c/Windows/System32/Wbem:/mnt/c/Windows/System32/WindowsPowerShell/v1.0/:/mnt/c/Windows/System32/OpenSSH/:/mnt/c/Program Files (x86)/NVIDIA Corporation/PhysX/Common:/mnt/c/Program Files/NVIDIA Corporation/NVIDIA App/NvDLISR:/mnt/c/Program Files/dotnet/:/mnt/c/Program Files/nodejs/:/mnt/c/Program Files/Git/cmd:/mnt/c/Program Files/PostgreSQL/18/bin:/mnt/c/Users/zanto/.local/bin:/mnt/c/Program Files/Docker/Docker/resources/bin:/mnt/c/Program Files/GitHub CLI/:/mnt/c/Users/zanto/AppData/Local/Programs/Python/Python312/Scripts/:/mnt/c/Users/zanto/AppData/Local/Programs/Python/Python312/:/mnt/c/Users/zanto/AppData/Local/Programs/Python/Python314/Scripts/:/mnt/c/Users/zanto/AppData/Local/Programs/Python/Python314/:/mnt/c/Users/zanto/AppData/Local/Microsoft/WindowsApps:/mnt/c/Users/zanto/AppData/Local/Programs/Microsoft VS Code/bin:/mnt/c/Users/zanto/AppData/Local/Programs/Ollama:/mnt/c/Users/zanto/AppData/Roaming/npm:/mnt/c/msys64/ucrt64/bin:/snap/bin:/home/ibrahim/.vscode-server/extensions/ms-python.debugpy-2026.6.0-linux-x64/bundled/scripts/noConfigScripts'), ('XDG_RUNTIME_DIR', '/run/user/1000/'), ('DISPLAY', ':0'), ('VSCODE_DEBUGPY_ADAPTER_ENDPOINTS', '/home/ibrahim/.vscode-server/extensions/ms-python.debugpy-2026.6.0-linux-x64/.noConfigDebugAdapterEndpoints/endpoint-b4e1a109d7f98f28.txt'), ('LANG', 'C.UTF-8'), ('PYTHONSTARTUP', '/home/ibrahim/.vscode-server/data/User/workspaceStorage/53d6af783f54596ecf064b03d33c69c7/ms-python.python/pythonrc.py'), ('RMW_IMPLEMENTATION', 'rmw_cyclonedds_cpp'), ('LS_COLORS', 'rs=0:di=01;34:ln=01;36:mh=00:pi=40;33:so=01;35:do=01;35:bd=40;33;01:cd=40;33;01:or=40;31;01:mi=00:su=37;41:sg=30;43:ca=30;41:tw=30;42:ow=34;42:st=37;44:ex=01;32:*.tar=01;31:*.tgz=01;31:*.arc=01;31:*.arj=01;31:*.taz=01;31:*.lha=01;31:*.lz4=01;31:*.lzh=01;31:*.lzma=01;31:*.tlz=01;31:*.txz=01;31:*.tzo=01;31:*.t7z=01;31:*.zip=01;31:*.z=01;31:*.dz=01;31:*.gz=01;31:*.lrz=01;31:*.lz=01;31:*.lzo=01;31:*.xz=01;31:*.zst=01;31:*.tzst=01;31:*.bz2=01;31:*.bz=01;31:*.tbz=01;31:*.tbz2=01;31:*.tz=01;31:*.deb=01;31:*.rpm=01;31:*.jar=01;31:*.war=01;31:*.ear=01;31:*.sar=01;31:*.rar=01;31:*.alz=01;31:*.ace=01;31:*.zoo=01;31:*.cpio=01;31:*.7z=01;31:*.rz=01;31:*.cab=01;31:*.wim=01;31:*.swm=01;31:*.dwm=01;31:*.esd=01;31:*.jpg=01;35:*.jpeg=01;35:*.mjpg=01;35:*.mjpeg=01;35:*.gif=01;35:*.bmp=01;35:*.pbm=01;35:*.pgm=01;35:*.ppm=01;35:*.tga=01;35:*.xbm=01;35:*.xpm=01;35:*.tif=01;35:*.tiff=01;35:*.png=01;35:*.svg=01;35:*.svgz=01;35:*.mng=01;35:*.pcx=01;35:*.mov=01;35:*.mpg=01;35:*.mpeg=01;35:*.m2v=01;35:*.mkv=01;35:*.webm=01;35:*.webp=01;35:*.ogm=01;35:*.mp4=01;35:*.m4v=01;35:*.mp4v=01;35:*.vob=01;35:*.qt=01;35:*.nuv=01;35:*.wmv=01;35:*.asf=01;35:*.rm=01;35:*.rmvb=01;35:*.flc=01;35:*.avi=01;35:*.fli=01;35:*.flv=01;35:*.gl=01;35:*.dl=01;35:*.xcf=01;35:*.xwd=01;35:*.yuv=01;35:*.cgm=01;35:*.emf=01;35:*.ogv=01;35:*.ogx=01;35:*.aac=00;36:*.au=00;36:*.flac=00;36:*.m4a=00;36:*.mid=00;36:*.midi=00;36:*.mka=00;36:*.mp3=00;36:*.mpc=00;36:*.ogg=00;36:*.ra=00;36:*.wav=00;36:*.oga=00;36:*.opus=00;36:*.spx=00;36:*.xspf=00;36:'), ('VSCODE_GIT_IPC_HANDLE', '/run/user/1000/vscode-git-6e1624529d.sock'), ('TERM_PROGRAM', 'vscode'), ('ROS_DOMAIN_ID', '10'), ('AMENT_PREFIX_PATH', '/home/ibrahim/BinPicking/install/ros2_linkattacher:/home/ibrahim/BinPicking/install/moveit_config:/home/ibrahim/BinPicking/install/linkattacher_msgs:/home/ibrahim/BinPicking/install/bin_nodes:/home/ibrahim/RobotArmExpanded/install/main_arm_package:/home/ibrahim/RobotArmExpanded/install/action_interfaces:/home/ibrahim/MoveItArm/install/moveit_config:/home/ibrahim/MoveItArm/install/moveit_arm_package:/home/ibrahim/RobotArm/install/main_arm_package:/home/ibrahim/RobotArm/install/action_interfaces:/home/ibrahim/TF2Sample/install/tf2sim:/home/ibrahim/RobotNav/install/main_robot_nodes:/home/ibrahim/RobotNav/install/action_interfaces:/home/ibrahim/RobotMonitor/install/Robot3Node_Package:/home/ibrahim/ros2_ws/install/my_first_package:/home/ibrahim/ros2_ws/install/action_interfaces:/opt/ros/humble'), ('SHELL', '/bin/bash'), ('LESSCLOSE', '/usr/bin/lesspipe %s %s'), ('VSCODE_GIT_ASKPASS_EXTRA_ARGS', ''), ('PWD', '/home/ibrahim/BinPicking/build/linkattacher_msgs'), ('COPILOT_DEBUG_NONCE', 'd05f4ba8ec07642c4df8354ff840a334'), ('XDG_DATA_DIRS', '/usr/local/share:/usr/share:/var/lib/snapd/desktop'), ('PYTHONPATH', '/home/ibrahim/BinPicking/install/linkattacher_msgs/local/lib/python3.10/dist-packages:/home/ibrahim/RobotArmExpanded/install/action_interfaces/local/lib/python3.10/dist-packages:/home/ibrahim/RobotArm/install/action_interfaces/local/lib/python3.10/dist-packages:/home/ibrahim/RobotNav/install/action_interfaces/local/lib/python3.10/dist-packages:/home/ibrahim/ros2_ws/install/action_interfaces/local/lib/python3.10/dist-packages:/opt/ros/humble/lib/python3.10/site-packages:/opt/ros/humble/local/lib/python3.10/dist-packages'), ('COLCON', '1'), ('WSL2_GUI_APPS_ENABLED', '1'), ('HOSTTYPE', 'x86_64'), ('CMAKE_PREFIX_PATH', '/home/ibrahim/BinPicking/install/ros2_linkattacher:/home/ibrahim/BinPicking/install/moveit_config:/home/ibrahim/BinPicking/install/linkattacher_msgs:/home/ibrahim/BinPicking/install/bin_nodes:/home/ibrahim/RobotArmExpanded/install/main_arm_package:/home/ibrahim/RobotArmExpanded/install/action_interfaces:/home/ibrahim/MoveItArm/install/moveit_config:/home/ibrahim/MoveItArm/install/moveit_arm_package:/home/ibrahim/TF2Sample/install/tf2sim:/home/ibrahim/RobotNav/install/main_robot_nodes:/home/ibrahim/RobotNav/install/action_interfaces:/home/ibrahim/RobotMonitor/install/Robot3Node_Package:/home/ibrahim/ros2_ws/install/my_first_package:/home/ibrahim/ros2_ws/install/action_interfaces:/home/ibrahim/RobotArm/install/main_arm_package:/home/ibrahim/RobotArm/install/action_interfaces:/opt/ros/humble'), ('WSLENV', 'VSCODE_WSL_EXT_LOCATION/up')]), 'shell': False}
[0.098907] (-) TimerEvent: {}
[0.128123] (linkattacher_msgs) StdoutLine: {'line': b'[  5%] Built target linkattacher_msgs__cpp\n'}
[0.128471] (linkattacher_msgs) StdoutLine: {'line': b'[ 15%] Built target linkattacher_msgs__rosidl_generator_c\n'}
[0.128573] (linkattacher_msgs) StdoutLine: {'line': b'[ 15%] Built target linkattacher_msgs__rs\n'}
[0.145081] (linkattacher_msgs) StdoutLine: {'line': b'[ 15%] Built target ament_cmake_python_copy_linkattacher_msgs\n'}
[0.164456] (linkattacher_msgs) StdoutLine: {'line': b'[ 35%] Built target linkattacher_msgs__rosidl_typesupport_c\n'}
[0.164741] (linkattacher_msgs) StdoutLine: {'line': b'[ 35%] Built target linkattacher_msgs__rosidl_typesupport_introspection_c\n'}
[0.167572] (linkattacher_msgs) StdoutLine: {'line': b'[ 65%] Built target linkattacher_msgs__rosidl_typesupport_fastrtps_c\n'}
[0.167955] (linkattacher_msgs) StdoutLine: {'line': b'[ 65%] Built target linkattacher_msgs__rosidl_typesupport_cpp\n'}
[0.168054] (linkattacher_msgs) StdoutLine: {'line': b'[ 65%] Built target linkattacher_msgs__rosidl_typesupport_fastrtps_cpp\n'}
[0.168789] (linkattacher_msgs) StdoutLine: {'line': b'[ 75%] Built target linkattacher_msgs__rosidl_typesupport_introspection_cpp\n'}
[0.199019] (-) TimerEvent: {}
[0.199372] (linkattacher_msgs) StdoutLine: {'line': b'[ 75%] Built target linkattacher_msgs\n'}
[0.230975] (linkattacher_msgs) StdoutLine: {'line': b'[ 77%] Built target linkattacher_msgs__py\n'}
[0.266681] (linkattacher_msgs) StdoutLine: {'line': b'[ 85%] Built target linkattacher_msgs__rosidl_generator_py\n'}
[0.299189] (-) TimerEvent: {}
[0.300399] (linkattacher_msgs) StdoutLine: {'line': b'[ 97%] Built target linkattacher_msgs__rosidl_typesupport_introspection_c__pyext\n'}
[0.300672] (linkattacher_msgs) StdoutLine: {'line': b'[ 97%] Built target linkattacher_msgs__rosidl_typesupport_fastrtps_c__pyext\n'}
[0.300763] (linkattacher_msgs) StdoutLine: {'line': b'[100%] Built target linkattacher_msgs__rosidl_typesupport_c__pyext\n'}
[0.397648] (linkattacher_msgs) StdoutLine: {'line': b'running egg_info\n'}
[0.398265] (linkattacher_msgs) StdoutLine: {'line': b'writing linkattacher_msgs.egg-info/PKG-INFO\n'}
[0.398781] (linkattacher_msgs) StdoutLine: {'line': b'writing dependency_links to linkattacher_msgs.egg-info/dependency_links.txt\n'}
[0.399048] (linkattacher_msgs) StdoutLine: {'line': b'writing top-level names to linkattacher_msgs.egg-info/top_level.txt\n'}
[0.399216] (-) TimerEvent: {}
[0.400301] (linkattacher_msgs) StdoutLine: {'line': b"reading manifest file 'linkattacher_msgs.egg-info/SOURCES.txt'\n"}
[0.400810] (linkattacher_msgs) StdoutLine: {'line': b"writing manifest file 'linkattacher_msgs.egg-info/SOURCES.txt'\n"}
[0.435748] (linkattacher_msgs) StdoutLine: {'line': b'[100%] Built target ament_cmake_python_build_linkattacher_msgs_egg\n'}
[0.452968] (linkattacher_msgs) CommandEnded: {'returncode': 0}
[0.454013] (linkattacher_msgs) JobProgress: {'identifier': 'linkattacher_msgs', 'progress': 'install'}
[0.467178] (linkattacher_msgs) Command: {'cmd': ['/usr/bin/cmake', '--install', '/home/ibrahim/BinPicking/build/linkattacher_msgs'], 'cwd': '/home/ibrahim/BinPicking/build/linkattacher_msgs', 'env': OrderedDict([('PYTHON_BASIC_REPL', '1'), ('LESSOPEN', '| /usr/bin/lesspipe %s'), ('USER', 'ibrahim'), ('GIT_ASKPASS', '/home/ibrahim/.vscode-server/bin/7e7950df89d055b5a378379db9ee14290772148a/extensions/git/dist/askpass.sh'), ('SHLVL', '1'), ('LD_LIBRARY_PATH', '/home/ibrahim/BinPicking/install/ros2_linkattacher/lib:/home/ibrahim/BinPicking/install/linkattacher_msgs/lib:/home/ibrahim/RobotArmExpanded/install/action_interfaces/lib:/home/ibrahim/RobotArm/install/action_interfaces/lib:/home/ibrahim/RobotNav/install/action_interfaces/lib:/home/ibrahim/ros2_ws/install/action_interfaces/lib:/usr/lib/x86_64-linux-gnu/gazebo-11/plugins:/opt/ros/humble/opt/rviz_ogre_vendor/lib:/opt/ros/humble/lib/x86_64-linux-gnu:/opt/ros/humble/lib'), ('HOME', '/home/ibrahim'), ('OLDPWD', '/home/ibrahim/BinPicking/src'), ('TERM_PROGRAM_VERSION', '1.126.0'), ('VSCODE_IPC_HOOK_CLI', '/run/user/1000/vscode-ipc-526a32f8-c8d3-4116-acd1-62ce41b7aaf8.sock'), ('ROS_PYTHON_VERSION', '3'), ('VSCODE_GIT_ASKPASS_MAIN', '/home/ibrahim/.vscode-server/bin/7e7950df89d055b5a378379db9ee14290772148a/extensions/git/dist/askpass-main.js'), ('VSCODE_GIT_ASKPASS_NODE', '/home/ibrahim/.vscode-server/bin/7e7950df89d055b5a378379db9ee14290772148a/node'), ('PYDEVD_DISABLE_FILE_VALIDATION', '1'), ('BUNDLED_DEBUGPY_PATH', '/home/ibrahim/.vscode-server/extensions/ms-python.debugpy-2026.6.0-linux-x64/bundled/libs/debugpy'), ('VSCODE_PYTHON_AUTOACTIVATE_GUARD', '1'), ('DBUS_SESSION_BUS_ADDRESS', 'unix:path=/run/user/1000/bus'), ('COLORTERM', 'truecolor'), ('WSL_DISTRO_NAME', 'Ubuntu-22.04'), ('WAYLAND_DISPLAY', 'wayland-0'), ('COLCON_PREFIX_PATH', '/home/ibrahim/BinPicking/install:/home/ibrahim/MoveItArm/install:/home/ibrahim/RobotArmExpanded/install:/home/ibrahim/RobotArm/install:/home/ibrahim/TF2Sample/install:/home/ibrahim/RobotNav/install:/home/ibrahim/RobotMonitor/install:/home/ibrahim/ros2_ws/install'), ('ROS_DISTRO', 'humble'), ('LOGNAME', 'ibrahim'), ('NAME', 'Ibrahim-laptop'), ('WSL_INTEROP', '/run/WSL/411_interop'), ('PULSE_SERVER', 'unix:/mnt/wslg/PulseServer'), ('_', '/usr/bin/colcon'), ('ROS_VERSION', '2'), ('CLAUDE_CODE_SSE_PORT', '29659'), ('TERM', 'xterm-256color'), ('ROS_LOCALHOST_ONLY', '0'), ('PATH', '/home/ibrahim/.vscode-server/data/User/globalStorage/github.copilot-chat/debugCommand:/home/ibrahim/.vscode-server/data/User/globalStorage/github.copilot-chat/copilotCli:/home/ibrahim/.vscode-server/bin/7e7950df89d055b5a378379db9ee14290772148a/bin/remote-cli:/opt/ros/humble/bin:/usr/local/sbin:/usr/local/bin:/usr/sbin:/usr/bin:/sbin:/bin:/usr/games:/usr/local/games:/usr/lib/wsl/lib:/mnt/c/Windows/system32:/mnt/c/Windows:/mnt/c/Windows/System32/Wbem:/mnt/c/Windows/System32/WindowsPowerShell/v1.0/:/mnt/c/Windows/System32/OpenSSH/:/mnt/c/Program Files (x86)/NVIDIA Corporation/PhysX/Common:/mnt/c/Program Files/NVIDIA Corporation/NVIDIA App/NvDLISR:/mnt/c/Program Files/dotnet/:/mnt/c/Program Files/nodejs/:/mnt/c/Program Files/Git/cmd:/mnt/c/Program Files/PostgreSQL/18/bin:/mnt/c/Users/zanto/.local/bin:/mnt/c/Program Files/Docker/Docker/resources/bin:/mnt/c/Program Files/GitHub CLI/:/mnt/c/Users/zanto/AppData/Local/Programs/Python/Python312/Scripts/:/mnt/c/Users/zanto/AppData/Local/Programs/Python/Python312/:/mnt/c/Users/zanto/AppData/Local/Programs/Python/Python314/Scripts/:/mnt/c/Users/zanto/AppData/Local/Programs/Python/Python314/:/mnt/c/Users/zanto/AppData/Local/Microsoft/WindowsApps:/mnt/c/Users/zanto/AppData/Local/Programs/Microsoft VS Code/bin:/mnt/c/Users/zanto/AppData/Local/Programs/Ollama:/mnt/c/Users/zanto/AppData/Roaming/npm:/mnt/c/msys64/ucrt64/bin:/snap/bin:/home/ibrahim/.vscode-server/extensions/ms-python.debugpy-2026.6.0-linux-x64/bundled/scripts/noConfigScripts'), ('XDG_RUNTIME_DIR', '/run/user/1000/'), ('DISPLAY', ':0'), ('VSCODE_DEBUGPY_ADAPTER_ENDPOINTS', '/home/ibrahim/.vscode-server/extensions/ms-python.debugpy-2026.6.0-linux-x64/.noConfigDebugAdapterEndpoints/endpoint-b4e1a109d7f98f28.txt'), ('LANG', 'C.UTF-8'), ('PYTHONSTARTUP', '/home/ibrahim/.vscode-server/data/User/workspaceStorage/53d6af783f54596ecf064b03d33c69c7/ms-python.python/pythonrc.py'), ('RMW_IMPLEMENTATION', 'rmw_cyclonedds_cpp'), ('LS_COLORS', 'rs=0:di=01;34:ln=01;36:mh=00:pi=40;33:so=01;35:do=01;35:bd=40;33;01:cd=40;33;01:or=40;31;01:mi=00:su=37;41:sg=30;43:ca=30;41:tw=30;42:ow=34;42:st=37;44:ex=01;32:*.tar=01;31:*.tgz=01;31:*.arc=01;31:*.arj=01;31:*.taz=01;31:*.lha=01;31:*.lz4=01;31:*.lzh=01;31:*.lzma=01;31:*.tlz=01;31:*.txz=01;31:*.tzo=01;31:*.t7z=01;31:*.zip=01;31:*.z=01;31:*.dz=01;31:*.gz=01;31:*.lrz=01;31:*.lz=01;31:*.lzo=01;31:*.xz=01;31:*.zst=01;31:*.tzst=01;31:*.bz2=01;31:*.bz=01;31:*.tbz=01;31:*.tbz2=01;31:*.tz=01;31:*.deb=01;31:*.rpm=01;31:*.jar=01;31:*.war=01;31:*.ear=01;31:*.sar=01;31:*.rar=01;31:*.alz=01;31:*.ace=01;31:*.zoo=01;31:*.cpio=01;31:*.7z=01;31:*.rz=01;31:*.cab=01;31:*.wim=01;31:*.swm=01;31:*.dwm=01;31:*.esd=01;31:*.jpg=01;35:*.jpeg=01;35:*.mjpg=01;35:*.mjpeg=01;35:*.gif=01;35:*.bmp=01;35:*.pbm=01;35:*.pgm=01;35:*.ppm=01;35:*.tga=01;35:*.xbm=01;35:*.xpm=01;35:*.tif=01;35:*.tiff=01;35:*.png=01;35:*.svg=01;35:*.svgz=01;35:*.mng=01;35:*.pcx=01;35:*.mov=01;35:*.mpg=01;35:*.mpeg=01;35:*.m2v=01;35:*.mkv=01;35:*.webm=01;35:*.webp=01;35:*.ogm=01;35:*.mp4=01;35:*.m4v=01;35:*.mp4v=01;35:*.vob=01;35:*.qt=01;35:*.nuv=01;35:*.wmv=01;35:*.asf=01;35:*.rm=01;35:*.rmvb=01;35:*.flc=01;35:*.avi=01;35:*.fli=01;35:*.flv=01;35:*.gl=01;35:*.dl=01;35:*.xcf=01;35:*.xwd=01;35:*.yuv=01;35:*.cgm=01;35:*.emf=01;35:*.ogv=01;35:*.ogx=01;35:*.aac=00;36:*.au=00;36:*.flac=00;36:*.m4a=00;36:*.mid=00;36:*.midi=00;36:*.mka=00;36:*.mp3=00;36:*.mpc=00;36:*.ogg=00;36:*.ra=00;36:*.wav=00;36:*.oga=00;36:*.opus=00;36:*.spx=00;36:*.xspf=00;36:'), ('VSCODE_GIT_IPC_HANDLE', '/run/user/1000/vscode-git-6e1624529d.sock'), ('TERM_PROGRAM', 'vscode'), ('ROS_DOMAIN_ID', '10'), ('AMENT_PREFIX_PATH', '/home/ibrahim/BinPicking/install/ros2_linkattacher:/home/ibrahim/BinPicking/install/moveit_config:/home/ibrahim/BinPicking/install/linkattacher_msgs:/home/ibrahim/BinPicking/install/bin_nodes:/home/ibrahim/RobotArmExpanded/install/main_arm_package:/home/ibrahim/RobotArmExpanded/install/action_interfaces:/home/ibrahim/MoveItArm/install/moveit_config:/home/ibrahim/MoveItArm/install/moveit_arm_package:/home/ibrahim/RobotArm/install/main_arm_package:/home/ibrahim/RobotArm/install/action_interfaces:/home/ibrahim/TF2Sample/install/tf2sim:/home/ibrahim/RobotNav/install/main_robot_nodes:/home/ibrahim/RobotNav/install/action_interfaces:/home/ibrahim/RobotMonitor/install/Robot3Node_Package:/home/ibrahim/ros2_ws/install/my_first_package:/home/ibrahim/ros2_ws/install/action_interfaces:/opt/ros/humble'), ('SHELL', '/bin/bash'), ('LESSCLOSE', '/usr/bin/lesspipe %s %s'), ('VSCODE_GIT_ASKPASS_EXTRA_ARGS', ''), ('PWD', '/home/ibrahim/BinPicking/build/linkattacher_msgs'), ('COPILOT_DEBUG_NONCE', 'd05f4ba8ec07642c4df8354ff840a334'), ('XDG_DATA_DIRS', '/usr/local/share:/usr/share:/var/lib/snapd/desktop'), ('PYTHONPATH', '/home/ibrahim/BinPicking/install/linkattacher_msgs/local/lib/python3.10/dist-packages:/home/ibrahim/RobotArmExpanded/install/action_interfaces/local/lib/python3.10/dist-packages:/home/ibrahim/RobotArm/install/action_interfaces/local/lib/python3.10/dist-packages:/home/ibrahim/RobotNav/install/action_interfaces/local/lib/python3.10/dist-packages:/home/ibrahim/ros2_ws/install/action_interfaces/local/lib/python3.10/dist-packages:/opt/ros/humble/lib/python3.10/site-packages:/opt/ros/humble/local/lib/python3.10/dist-packages'), ('COLCON', '1'), ('WSL2_GUI_APPS_ENABLED', '1'), ('HOSTTYPE', 'x86_64'), ('CMAKE_PREFIX_PATH', '/home/ibrahim/BinPicking/install/ros2_linkattacher:/home/ibrahim/BinPicking/install/moveit_config:/home/ibrahim/BinPicking/install/linkattacher_msgs:/home/ibrahim/BinPicking/install/bin_nodes:/home/ibrahim/RobotArmExpanded/install/main_arm_package:/home/ibrahim/RobotArmExpanded/install/action_interfaces:/home/ibrahim/MoveItArm/install/moveit_config:/home/ibrahim/MoveItArm/install/moveit_arm_package:/home/ibrahim/TF2Sample/install/tf2sim:/home/ibrahim/RobotNav/install/main_robot_nodes:/home/ibrahim/RobotNav/install/action_interfaces:/home/ibrahim/RobotMonitor/install/Robot3Node_Package:/home/ibrahim/ros2_ws/install/my_first_package:/home/ibrahim/ros2_ws/install/action_interfaces:/home/ibrahim/RobotArm/install/main_arm_package:/home/ibrahim/RobotArm/install/action_interfaces:/opt/ros/humble'), ('WSLENV', 'VSCODE_WSL_EXT_LOCATION/up')]), 'shell': False}
[0.479285] (linkattacher_msgs) StdoutLine: {'line': b'-- Install configuration: ""\n'}
[0.479774] (linkattacher_msgs) StdoutLine: {'line': b'-- Up-to-date: /home/ibrahim/BinPicking/install/linkattacher_msgs/share/linkattacher_msgs/srv\n'}
[0.479954] (linkattacher_msgs) StdoutLine: {'line': b'-- Up-to-date: /home/ibrahim/BinPicking/install/linkattacher_msgs/share/linkattacher_msgs/srv/DetachLink.srv\n'}
[0.480102] (linkattacher_msgs) StdoutLine: {'line': b'-- Up-to-date: /home/ibrahim/BinPicking/install/linkattacher_msgs/share/linkattacher_msgs/srv/AttachLink.srv\n'}
[0.480293] (linkattacher_msgs) StdoutLine: {'line': b'-- Up-to-date: /home/ibrahim/BinPicking/install/linkattacher_msgs/share/ament_index/resource_index/rosidl_interfaces/linkattacher_msgs\n'}
[0.480563] (linkattacher_msgs) StdoutLine: {'line': b'-- Up-to-date: /home/ibrahim/BinPicking/install/linkattacher_msgs/include/linkattacher_msgs/linkattacher_msgs\n'}
[0.480749] (linkattacher_msgs) StdoutLine: {'line': b'-- Up-to-date: /home/ibrahim/BinPicking/install/linkattacher_msgs/include/linkattacher_msgs/linkattacher_msgs/srv\n'}
[0.481022] (linkattacher_msgs) StdoutLine: {'line': b'-- Up-to-date: /home/ibrahim/BinPicking/install/linkattacher_msgs/include/linkattacher_msgs/linkattacher_msgs/srv/detail\n'}
[0.481103] (linkattacher_msgs) StdoutLine: {'line': b'-- Up-to-date: /home/ibrahim/BinPicking/install/linkattacher_msgs/include/linkattacher_msgs/linkattacher_msgs/srv/detail/detach_link__struct.h\n'}
[0.481153] (linkattacher_msgs) StdoutLine: {'line': b'-- Up-to-date: /home/ibrahim/BinPicking/install/linkattacher_msgs/include/linkattacher_msgs/linkattacher_msgs/srv/detail/attach_link__type_support.h\n'}
[0.481195] (linkattacher_msgs) StdoutLine: {'line': b'-- Up-to-date: /home/ibrahim/BinPicking/install/linkattacher_msgs/include/linkattacher_msgs/linkattacher_msgs/srv/detail/detach_link__type_support.h\n'}
[0.481324] (linkattacher_msgs) StdoutLine: {'line': b'-- Up-to-date: /home/ibrahim/BinPicking/install/linkattacher_msgs/include/linkattacher_msgs/linkattacher_msgs/srv/detail/attach_link__functions.h\n'}
[0.481504] (linkattacher_msgs) StdoutLine: {'line': b'-- Up-to-date: /home/ibrahim/BinPicking/install/linkattacher_msgs/include/linkattacher_msgs/linkattacher_msgs/srv/detail/attach_link__struct.h\n'}
[0.481905] (linkattacher_msgs) StdoutLine: {'line': b'-- Up-to-date: /home/ibrahim/BinPicking/install/linkattacher_msgs/include/linkattacher_msgs/linkattacher_msgs/srv/detail/detach_link__functions.h\n'}
[0.482259] (linkattacher_msgs) StdoutLine: {'line': b'-- Up-to-date: /home/ibrahim/BinPicking/install/linkattacher_msgs/include/linkattacher_msgs/linkattacher_msgs/srv/detail/detach_link__functions.c\n'}
[0.482464] (linkattacher_msgs) StdoutLine: {'line': b'-- Up-to-date: /home/ibrahim/BinPicking/install/linkattacher_msgs/include/linkattacher_msgs/linkattacher_msgs/srv/detail/attach_link__functions.c\n'}
[0.482534] (linkattacher_msgs) StdoutLine: {'line': b'-- Up-to-date: /home/ibrahim/BinPicking/install/linkattacher_msgs/include/linkattacher_msgs/linkattacher_msgs/srv/detach_link.h\n'}
[0.482599] (linkattacher_msgs) StdoutLine: {'line': b'-- Up-to-date: /home/ibrahim/BinPicking/install/linkattacher_msgs/include/linkattacher_msgs/linkattacher_msgs/srv/attach_link.h\n'}
[0.482725] (linkattacher_msgs) StdoutLine: {'line': b'-- Up-to-date: /home/ibrahim/BinPicking/install/linkattacher_msgs/include/linkattacher_msgs/linkattacher_msgs/msg\n'}
[0.482920] (linkattacher_msgs) StdoutLine: {'line': b'-- Up-to-date: /home/ibrahim/BinPicking/install/linkattacher_msgs/include/linkattacher_msgs/linkattacher_msgs/msg/rosidl_generator_c__visibility_control.h\n'}
[0.483254] (linkattacher_msgs) StdoutLine: {'line': b'-- Up-to-date: /home/ibrahim/BinPicking/install/linkattacher_msgs/share/linkattacher_msgs/environment/library_path.sh\n'}
[0.483515] (linkattacher_msgs) StdoutLine: {'line': b'-- Up-to-date: /home/ibrahim/BinPicking/install/linkattacher_msgs/share/linkattacher_msgs/environment/library_path.dsv\n'}
[0.483661] (linkattacher_msgs) StdoutLine: {'line': b'-- Up-to-date: /home/ibrahim/BinPicking/install/linkattacher_msgs/lib/liblinkattacher_msgs__rosidl_generator_c.so\n'}
[0.483899] (linkattacher_msgs) StdoutLine: {'line': b'-- Up-to-date: /home/ibrahim/BinPicking/install/linkattacher_msgs/include/linkattacher_msgs/linkattacher_msgs\n'}
[0.484007] (linkattacher_msgs) StdoutLine: {'line': b'-- Up-to-date: /home/ibrahim/BinPicking/install/linkattacher_msgs/include/linkattacher_msgs/linkattacher_msgs/srv\n'}
[0.484114] (linkattacher_msgs) StdoutLine: {'line': b'-- Up-to-date: /home/ibrahim/BinPicking/install/linkattacher_msgs/include/linkattacher_msgs/linkattacher_msgs/srv/detail\n'}
[0.484262] (linkattacher_msgs) StdoutLine: {'line': b'-- Up-to-date: /home/ibrahim/BinPicking/install/linkattacher_msgs/include/linkattacher_msgs/linkattacher_msgs/srv/detail/detach_link__rosidl_typesupport_fastrtps_c.h\n'}
[0.484428] (linkattacher_msgs) StdoutLine: {'line': b'-- Up-to-date: /home/ibrahim/BinPicking/install/linkattacher_msgs/include/linkattacher_msgs/linkattacher_msgs/srv/detail/attach_link__rosidl_typesupport_fastrtps_c.h\n'}
[0.484499] (linkattacher_msgs) StdoutLine: {'line': b'-- Up-to-date: /home/ibrahim/BinPicking/install/linkattacher_msgs/include/linkattacher_msgs/linkattacher_msgs/msg\n'}
[0.484564] (linkattacher_msgs) StdoutLine: {'line': b'-- Up-to-date: /home/ibrahim/BinPicking/install/linkattacher_msgs/include/linkattacher_msgs/linkattacher_msgs/msg/rosidl_typesupport_fastrtps_c__visibility_control.h\n'}
[0.484629] (linkattacher_msgs) StdoutLine: {'line': b'-- Up-to-date: /home/ibrahim/BinPicking/install/linkattacher_msgs/lib/liblinkattacher_msgs__rosidl_typesupport_fastrtps_c.so\n'}
[0.484686] (linkattacher_msgs) StdoutLine: {'line': b'-- Up-to-date: /home/ibrahim/BinPicking/install/linkattacher_msgs/include/linkattacher_msgs/linkattacher_msgs\n'}
[0.484738] (linkattacher_msgs) StdoutLine: {'line': b'-- Up-to-date: /home/ibrahim/BinPicking/install/linkattacher_msgs/include/linkattacher_msgs/linkattacher_msgs/srv\n'}
[0.484787] (linkattacher_msgs) StdoutLine: {'line': b'-- Up-to-date: /home/ibrahim/BinPicking/install/linkattacher_msgs/include/linkattacher_msgs/linkattacher_msgs/srv/detail\n'}
[0.484898] (linkattacher_msgs) StdoutLine: {'line': b'-- Up-to-date: /home/ibrahim/BinPicking/install/linkattacher_msgs/include/linkattacher_msgs/linkattacher_msgs/srv/detail/attach_link__rosidl_typesupport_introspection_c.h\n'}
[0.485276] (linkattacher_msgs) StdoutLine: {'line': b'-- Up-to-date: /home/ibrahim/BinPicking/install/linkattacher_msgs/include/linkattacher_msgs/linkattacher_msgs/srv/detail/detach_link__type_support.c\n'}
[0.485496] (linkattacher_msgs) StdoutLine: {'line': b'-- Up-to-date: /home/ibrahim/BinPicking/install/linkattacher_msgs/include/linkattacher_msgs/linkattacher_msgs/srv/detail/attach_link__type_support.c\n'}
[0.485963] (linkattacher_msgs) StdoutLine: {'line': b'-- Up-to-date: /home/ibrahim/BinPicking/install/linkattacher_msgs/include/linkattacher_msgs/linkattacher_msgs/srv/detail/detach_link__rosidl_typesupport_introspection_c.h\n'}
[0.486242] (linkattacher_msgs) StdoutLine: {'line': b'-- Up-to-date: /home/ibrahim/BinPicking/install/linkattacher_msgs/include/linkattacher_msgs/linkattacher_msgs/msg\n'}
[0.486524] (linkattacher_msgs) StdoutLine: {'line': b'-- Up-to-date: /home/ibrahim/BinPicking/install/linkattacher_msgs/include/linkattacher_msgs/linkattacher_msgs/msg/rosidl_typesupport_introspection_c__visibility_control.h\n'}
[0.486856] (linkattacher_msgs) StdoutLine: {'line': b'-- Up-to-date: /home/ibrahim/BinPicking/install/linkattacher_msgs/lib/liblinkattacher_msgs__rosidl_typesupport_introspection_c.so\n'}
[0.487078] (linkattacher_msgs) StdoutLine: {'line': b'-- Up-to-date: /home/ibrahim/BinPicking/install/linkattacher_msgs/lib/liblinkattacher_msgs__rosidl_typesupport_c.so\n'}
[0.487202] (linkattacher_msgs) StdoutLine: {'line': b'-- Up-to-date: /home/ibrahim/BinPicking/install/linkattacher_msgs/include/linkattacher_msgs/linkattacher_msgs\n'}
[0.487387] (linkattacher_msgs) StdoutLine: {'line': b'-- Up-to-date: /home/ibrahim/BinPicking/install/linkattacher_msgs/include/linkattacher_msgs/linkattacher_msgs/srv\n'}
[0.487577] (linkattacher_msgs) StdoutLine: {'line': b'-- Up-to-date: /home/ibrahim/BinPicking/install/linkattacher_msgs/include/linkattacher_msgs/linkattacher_msgs/srv/detail\n'}
[0.487791] (linkattacher_msgs) StdoutLine: {'line': b'-- Up-to-date: /home/ibrahim/BinPicking/install/linkattacher_msgs/include/linkattacher_msgs/linkattacher_msgs/srv/detail/attach_link__type_support.hpp\n'}
[0.487960] (linkattacher_msgs) StdoutLine: {'line': b'-- Up-to-date: /home/ibrahim/BinPicking/install/linkattacher_msgs/include/linkattacher_msgs/linkattacher_msgs/srv/detail/detach_link__traits.hpp\n'}
[0.488150] (linkattacher_msgs) StdoutLine: {'line': b'-- Up-to-date: /home/ibrahim/BinPicking/install/linkattacher_msgs/include/linkattacher_msgs/linkattacher_msgs/srv/detail/attach_link__struct.hpp\n'}
[0.488344] (linkattacher_msgs) StdoutLine: {'line': b'-- Up-to-date: /home/ibrahim/BinPicking/install/linkattacher_msgs/include/linkattacher_msgs/linkattacher_msgs/srv/detail/attach_link__traits.hpp\n'}
[0.488618] (linkattacher_msgs) StdoutLine: {'line': b'-- Up-to-date: /home/ibrahim/BinPicking/install/linkattacher_msgs/include/linkattacher_msgs/linkattacher_msgs/srv/detail/detach_link__type_support.hpp\n'}
[0.488840] (linkattacher_msgs) StdoutLine: {'line': b'-- Up-to-date: /home/ibrahim/BinPicking/install/linkattacher_msgs/include/linkattacher_msgs/linkattacher_msgs/srv/detail/detach_link__struct.hpp\n'}
[0.489045] (linkattacher_msgs) StdoutLine: {'line': b'-- Up-to-date: /home/ibrahim/BinPicking/install/linkattacher_msgs/include/linkattacher_msgs/linkattacher_msgs/srv/detail/attach_link__builder.hpp\n'}
[0.489392] (linkattacher_msgs) StdoutLine: {'line': b'-- Up-to-date: /home/ibrahim/BinPicking/install/linkattacher_msgs/include/linkattacher_msgs/linkattacher_msgs/srv/detail/detach_link__builder.hpp\n'}
[0.489700] (linkattacher_msgs) StdoutLine: {'line': b'-- Up-to-date: /home/ibrahim/BinPicking/install/linkattacher_msgs/include/linkattacher_msgs/linkattacher_msgs/srv/attach_link.hpp\n'}
[0.489833] (linkattacher_msgs) StdoutLine: {'line': b'-- Up-to-date: /home/ibrahim/BinPicking/install/linkattacher_msgs/include/linkattacher_msgs/linkattacher_msgs/srv/detach_link.hpp\n'}
[0.490002] (linkattacher_msgs) StdoutLine: {'line': b'-- Up-to-date: /home/ibrahim/BinPicking/install/linkattacher_msgs/include/linkattacher_msgs/linkattacher_msgs/msg\n'}
[0.490246] (linkattacher_msgs) StdoutLine: {'line': b'-- Up-to-date: /home/ibrahim/BinPicking/install/linkattacher_msgs/include/linkattacher_msgs/linkattacher_msgs/msg/rosidl_generator_cpp__visibility_control.hpp\n'}
[0.490451] (linkattacher_msgs) StdoutLine: {'line': b'-- Up-to-date: /home/ibrahim/BinPicking/install/linkattacher_msgs/include/linkattacher_msgs/linkattacher_msgs\n'}
[0.490617] (linkattacher_msgs) StdoutLine: {'line': b'-- Up-to-date: /home/ibrahim/BinPicking/install/linkattacher_msgs/include/linkattacher_msgs/linkattacher_msgs/srv\n'}
[0.490812] (linkattacher_msgs) StdoutLine: {'line': b'-- Up-to-date: /home/ibrahim/BinPicking/install/linkattacher_msgs/include/linkattacher_msgs/linkattacher_msgs/srv/detail\n'}
[0.491142] (linkattacher_msgs) StdoutLine: {'line': b'-- Up-to-date: /home/ibrahim/BinPicking/install/linkattacher_msgs/include/linkattacher_msgs/linkattacher_msgs/srv/detail/dds_fastrtps\n'}
[0.491341] (linkattacher_msgs) StdoutLine: {'line': b'-- Up-to-date: /home/ibrahim/BinPicking/install/linkattacher_msgs/include/linkattacher_msgs/linkattacher_msgs/srv/detail/detach_link__rosidl_typesupport_fastrtps_cpp.hpp\n'}
[0.491629] (linkattacher_msgs) StdoutLine: {'line': b'-- Up-to-date: /home/ibrahim/BinPicking/install/linkattacher_msgs/include/linkattacher_msgs/linkattacher_msgs/srv/detail/attach_link__rosidl_typesupport_fastrtps_cpp.hpp\n'}
[0.491831] (linkattacher_msgs) StdoutLine: {'line': b'-- Up-to-date: /home/ibrahim/BinPicking/install/linkattacher_msgs/include/linkattacher_msgs/linkattacher_msgs/msg\n'}
[0.492051] (linkattacher_msgs) StdoutLine: {'line': b'-- Up-to-date: /home/ibrahim/BinPicking/install/linkattacher_msgs/include/linkattacher_msgs/linkattacher_msgs/msg/rosidl_typesupport_fastrtps_cpp__visibility_control.h\n'}
[0.492331] (linkattacher_msgs) StdoutLine: {'line': b'-- Up-to-date: /home/ibrahim/BinPicking/install/linkattacher_msgs/lib/liblinkattacher_msgs__rosidl_typesupport_fastrtps_cpp.so\n'}
[0.492440] (linkattacher_msgs) StdoutLine: {'line': b'-- Up-to-date: /home/ibrahim/BinPicking/install/linkattacher_msgs/include/linkattacher_msgs/linkattacher_msgs\n'}
[0.492501] (linkattacher_msgs) StdoutLine: {'line': b'-- Up-to-date: /home/ibrahim/BinPicking/install/linkattacher_msgs/include/linkattacher_msgs/linkattacher_msgs/srv\n'}
[0.492635] (linkattacher_msgs) StdoutLine: {'line': b'-- Up-to-date: /home/ibrahim/BinPicking/install/linkattacher_msgs/include/linkattacher_msgs/linkattacher_msgs/srv/detail\n'}
[0.492700] (linkattacher_msgs) StdoutLine: {'line': b'-- Up-to-date: /home/ibrahim/BinPicking/install/linkattacher_msgs/include/linkattacher_msgs/linkattacher_msgs/srv/detail/attach_link__rosidl_typesupport_introspection_cpp.hpp\n'}
[0.492776] (linkattacher_msgs) StdoutLine: {'line': b'-- Up-to-date: /home/ibrahim/BinPicking/install/linkattacher_msgs/include/linkattacher_msgs/linkattacher_msgs/srv/detail/attach_link__type_support.cpp\n'}
[0.492872] (linkattacher_msgs) StdoutLine: {'line': b'-- Up-to-date: /home/ibrahim/BinPicking/install/linkattacher_msgs/include/linkattacher_msgs/linkattacher_msgs/srv/detail/detach_link__type_support.cpp\n'}
[0.492981] (linkattacher_msgs) StdoutLine: {'line': b'-- Up-to-date: /home/ibrahim/BinPicking/install/linkattacher_msgs/include/linkattacher_msgs/linkattacher_msgs/srv/detail/detach_link__rosidl_typesupport_introspection_cpp.hpp\n'}
[0.493094] (linkattacher_msgs) StdoutLine: {'line': b'-- Up-to-date: /home/ibrahim/BinPicking/install/linkattacher_msgs/lib/liblinkattacher_msgs__rosidl_typesupport_introspection_cpp.so\n'}
[0.493209] (linkattacher_msgs) StdoutLine: {'line': b'-- Up-to-date: /home/ibrahim/BinPicking/install/linkattacher_msgs/lib/liblinkattacher_msgs__rosidl_typesupport_cpp.so\n'}
[0.493319] (linkattacher_msgs) StdoutLine: {'line': b'-- Up-to-date: /home/ibrahim/BinPicking/install/linkattacher_msgs/share/linkattacher_msgs/environment/pythonpath.sh\n'}
[0.493435] (linkattacher_msgs) StdoutLine: {'line': b'-- Up-to-date: /home/ibrahim/BinPicking/install/linkattacher_msgs/share/linkattacher_msgs/environment/pythonpath.dsv\n'}
[0.493485] (linkattacher_msgs) StdoutLine: {'line': b'-- Up-to-date: /home/ibrahim/BinPicking/install/linkattacher_msgs/local/lib/python3.10/dist-packages/linkattacher_msgs-0.0.0-py3.10.egg-info\n'}
[0.493698] (linkattacher_msgs) StdoutLine: {'line': b'-- Installing: /home/ibrahim/BinPicking/install/linkattacher_msgs/local/lib/python3.10/dist-packages/linkattacher_msgs-0.0.0-py3.10.egg-info/top_level.txt\n'}
[0.493848] (linkattacher_msgs) StdoutLine: {'line': b'-- Installing: /home/ibrahim/BinPicking/install/linkattacher_msgs/local/lib/python3.10/dist-packages/linkattacher_msgs-0.0.0-py3.10.egg-info/PKG-INFO\n'}
[0.493963] (linkattacher_msgs) StdoutLine: {'line': b'-- Installing: /home/ibrahim/BinPicking/install/linkattacher_msgs/local/lib/python3.10/dist-packages/linkattacher_msgs-0.0.0-py3.10.egg-info/dependency_links.txt\n'}
[0.494041] (linkattacher_msgs) StdoutLine: {'line': b'-- Installing: /home/ibrahim/BinPicking/install/linkattacher_msgs/local/lib/python3.10/dist-packages/linkattacher_msgs-0.0.0-py3.10.egg-info/SOURCES.txt\n'}
[0.494113] (linkattacher_msgs) StdoutLine: {'line': b'-- Up-to-date: /home/ibrahim/BinPicking/install/linkattacher_msgs/local/lib/python3.10/dist-packages/linkattacher_msgs\n'}
[0.494157] (linkattacher_msgs) StdoutLine: {'line': b'-- Up-to-date: /home/ibrahim/BinPicking/install/linkattacher_msgs/local/lib/python3.10/dist-packages/linkattacher_msgs/linkattacher_msgs_s__rosidl_typesupport_c.cpython-310-x86_64-linux-gnu.so\n'}
[0.494195] (linkattacher_msgs) StdoutLine: {'line': b'-- Up-to-date: /home/ibrahim/BinPicking/install/linkattacher_msgs/local/lib/python3.10/dist-packages/linkattacher_msgs/linkattacher_msgs_s__rosidl_typesupport_introspection_c.cpython-310-x86_64-linux-gnu.so\n'}
[0.494233] (linkattacher_msgs) StdoutLine: {'line': b'-- Up-to-date: /home/ibrahim/BinPicking/install/linkattacher_msgs/local/lib/python3.10/dist-packages/linkattacher_msgs/_linkattacher_msgs_s.ep.rosidl_typesupport_c.c\n'}
[0.494268] (linkattacher_msgs) StdoutLine: {'line': b'-- Up-to-date: /home/ibrahim/BinPicking/install/linkattacher_msgs/local/lib/python3.10/dist-packages/linkattacher_msgs/srv\n'}
[0.494302] (linkattacher_msgs) StdoutLine: {'line': b'-- Up-to-date: /home/ibrahim/BinPicking/install/linkattacher_msgs/local/lib/python3.10/dist-packages/linkattacher_msgs/srv/_attach_link.py\n'}
[0.494336] (linkattacher_msgs) StdoutLine: {'line': b'-- Up-to-date: /home/ibrahim/BinPicking/install/linkattacher_msgs/local/lib/python3.10/dist-packages/linkattacher_msgs/srv/_attach_link_s.c\n'}
[0.494370] (linkattacher_msgs) StdoutLine: {'line': b'-- Up-to-date: /home/ibrahim/BinPicking/install/linkattacher_msgs/local/lib/python3.10/dist-packages/linkattacher_msgs/srv/_detach_link.py\n'}
[0.494403] (linkattacher_msgs) StdoutLine: {'line': b'-- Up-to-date: /home/ibrahim/BinPicking/install/linkattacher_msgs/local/lib/python3.10/dist-packages/linkattacher_msgs/srv/__init__.py\n'}
[0.494437] (linkattacher_msgs) StdoutLine: {'line': b'-- Up-to-date: /home/ibrahim/BinPicking/install/linkattacher_msgs/local/lib/python3.10/dist-packages/linkattacher_msgs/srv/_detach_link_s.c\n'}
[0.494470] (linkattacher_msgs) StdoutLine: {'line': b'-- Up-to-date: /home/ibrahim/BinPicking/install/linkattacher_msgs/local/lib/python3.10/dist-packages/linkattacher_msgs/linkattacher_msgs_s__rosidl_typesupport_fastrtps_c.cpython-310-x86_64-linux-gnu.so\n'}
[0.494504] (linkattacher_msgs) StdoutLine: {'line': b'-- Up-to-date: /home/ibrahim/BinPicking/install/linkattacher_msgs/local/lib/python3.10/dist-packages/linkattacher_msgs/_linkattacher_msgs_s.ep.rosidl_typesupport_introspection_c.c\n'}
[0.494538] (linkattacher_msgs) StdoutLine: {'line': b'-- Up-to-date: /home/ibrahim/BinPicking/install/linkattacher_msgs/local/lib/python3.10/dist-packages/linkattacher_msgs/_linkattacher_msgs_s.ep.rosidl_typesupport_fastrtps_c.c\n'}
[0.494576] (linkattacher_msgs) StdoutLine: {'line': b'-- Up-to-date: /home/ibrahim/BinPicking/install/linkattacher_msgs/local/lib/python3.10/dist-packages/linkattacher_msgs/__init__.py\n'}
[0.494611] (linkattacher_msgs) StdoutLine: {'line': b'-- Up-to-date: /home/ibrahim/BinPicking/install/linkattacher_msgs/local/lib/python3.10/dist-packages/linkattacher_msgs/liblinkattacher_msgs__rosidl_generator_py.so\n'}
[0.499407] (-) TimerEvent: {}
[0.533236] (linkattacher_msgs) StdoutLine: {'line': b"Listing '/home/ibrahim/BinPicking/install/linkattacher_msgs/local/lib/python3.10/dist-packages/linkattacher_msgs'...\n"}
[0.533496] (linkattacher_msgs) StdoutLine: {'line': b"Listing '/home/ibrahim/BinPicking/install/linkattacher_msgs/local/lib/python3.10/dist-packages/linkattacher_msgs/srv'...\n"}
[0.539993] (linkattacher_msgs) StdoutLine: {'line': b'-- Up-to-date: /home/ibrahim/BinPicking/install/linkattacher_msgs/local/lib/python3.10/dist-packages/linkattacher_msgs/linkattacher_msgs_s__rosidl_typesupport_fastrtps_c.cpython-310-x86_64-linux-gnu.so\n'}
[0.540533] (linkattacher_msgs) StdoutLine: {'line': b'-- Up-to-date: /home/ibrahim/BinPicking/install/linkattacher_msgs/local/lib/python3.10/dist-packages/linkattacher_msgs/linkattacher_msgs_s__rosidl_typesupport_introspection_c.cpython-310-x86_64-linux-gnu.so\n'}
[0.540771] (linkattacher_msgs) StdoutLine: {'line': b'-- Up-to-date: /home/ibrahim/BinPicking/install/linkattacher_msgs/local/lib/python3.10/dist-packages/linkattacher_msgs/linkattacher_msgs_s__rosidl_typesupport_c.cpython-310-x86_64-linux-gnu.so\n'}
[0.541260] (linkattacher_msgs) StdoutLine: {'line': b'-- Up-to-date: /home/ibrahim/BinPicking/install/linkattacher_msgs/lib/liblinkattacher_msgs__rosidl_generator_py.so\n'}
[0.541496] (linkattacher_msgs) StdoutLine: {'line': b'-- Up-to-date: /home/ibrahim/BinPicking/install/linkattacher_msgs/share/ament_index/resource_index/rust_packages/linkattacher_msgs\n'}
[0.541666] (linkattacher_msgs) StdoutLine: {'line': b'-- Up-to-date: /home/ibrahim/BinPicking/install/linkattacher_msgs/share/linkattacher_msgs/rust\n'}
[0.542110] (linkattacher_msgs) StdoutLine: {'line': b'-- Up-to-date: /home/ibrahim/BinPicking/install/linkattacher_msgs/share/linkattacher_msgs/rust/src\n'}
[0.542374] (linkattacher_msgs) StdoutLine: {'line': b'-- Up-to-date: /home/ibrahim/BinPicking/install/linkattacher_msgs/share/linkattacher_msgs/rust/src/lib.rs\n'}
[0.542454] (linkattacher_msgs) StdoutLine: {'line': b'-- Up-to-date: /home/ibrahim/BinPicking/install/linkattacher_msgs/share/linkattacher_msgs/rust/src/srv\n'}
[0.542618] (linkattacher_msgs) StdoutLine: {'line': b'-- Up-to-date: /home/ibrahim/BinPicking/install/linkattacher_msgs/share/linkattacher_msgs/rust/src/srv/rmw.rs\n'}
[0.542878] (linkattacher_msgs) StdoutLine: {'line': b'-- Up-to-date: /home/ibrahim/BinPicking/install/linkattacher_msgs/share/linkattacher_msgs/rust/src/srv.rs\n'}
[0.543067] (linkattacher_msgs) StdoutLine: {'line': b'-- Up-to-date: /home/ibrahim/BinPicking/install/linkattacher_msgs/share/linkattacher_msgs/rust/build.rs\n'}
[0.543277] (linkattacher_msgs) StdoutLine: {'line': b'-- Up-to-date: /home/ibrahim/BinPicking/install/linkattacher_msgs/share/linkattacher_msgs/rust/Cargo.toml\n'}
[0.543521] (linkattacher_msgs) StdoutLine: {'line': b'-- Up-to-date: /home/ibrahim/BinPicking/install/linkattacher_msgs/share/linkattacher_msgs/srv/AttachLink.idl\n'}
[0.543666] (linkattacher_msgs) StdoutLine: {'line': b'-- Up-to-date: /home/ibrahim/BinPicking/install/linkattacher_msgs/share/linkattacher_msgs/srv/DetachLink.idl\n'}
[0.543919] (linkattacher_msgs) StdoutLine: {'line': b'-- Up-to-date: /home/ibrahim/BinPicking/install/linkattacher_msgs/share/linkattacher_msgs/srv/AttachLink.srv\n'}
[0.544054] (linkattacher_msgs) StdoutLine: {'line': b'-- Up-to-date: /home/ibrahim/BinPicking/install/linkattacher_msgs/share/linkattacher_msgs/srv/AttachLink_Request.msg\n'}
[0.544174] (linkattacher_msgs) StdoutLine: {'line': b'-- Up-to-date: /home/ibrahim/BinPicking/install/linkattacher_msgs/share/linkattacher_msgs/srv/AttachLink_Response.msg\n'}
[0.544238] (linkattacher_msgs) StdoutLine: {'line': b'-- Up-to-date: /home/ibrahim/BinPicking/install/linkattacher_msgs/share/linkattacher_msgs/srv/DetachLink.srv\n'}
[0.544295] (linkattacher_msgs) StdoutLine: {'line': b'-- Up-to-date: /home/ibrahim/BinPicking/install/linkattacher_msgs/share/linkattacher_msgs/srv/DetachLink_Request.msg\n'}
[0.544347] (linkattacher_msgs) StdoutLine: {'line': b'-- Up-to-date: /home/ibrahim/BinPicking/install/linkattacher_msgs/share/linkattacher_msgs/srv/DetachLink_Response.msg\n'}
[0.544409] (linkattacher_msgs) StdoutLine: {'line': b'-- Up-to-date: /home/ibrahim/BinPicking/install/linkattacher_msgs/share/ament_index/resource_index/package_run_dependencies/linkattacher_msgs\n'}
[0.544546] (linkattacher_msgs) StdoutLine: {'line': b'-- Up-to-date: /home/ibrahim/BinPicking/install/linkattacher_msgs/share/ament_index/resource_index/parent_prefix_path/linkattacher_msgs\n'}
[0.544633] (linkattacher_msgs) StdoutLine: {'line': b'-- Up-to-date: /home/ibrahim/BinPicking/install/linkattacher_msgs/share/linkattacher_msgs/environment/ament_prefix_path.sh\n'}
[0.544715] (linkattacher_msgs) StdoutLine: {'line': b'-- Up-to-date: /home/ibrahim/BinPicking/install/linkattacher_msgs/share/linkattacher_msgs/environment/ament_prefix_path.dsv\n'}
[0.545023] (linkattacher_msgs) StdoutLine: {'line': b'-- Up-to-date: /home/ibrahim/BinPicking/install/linkattacher_msgs/share/linkattacher_msgs/environment/path.sh\n'}
[0.545222] (linkattacher_msgs) StdoutLine: {'line': b'-- Up-to-date: /home/ibrahim/BinPicking/install/linkattacher_msgs/share/linkattacher_msgs/environment/path.dsv\n'}
[0.545513] (linkattacher_msgs) StdoutLine: {'line': b'-- Up-to-date: /home/ibrahim/BinPicking/install/linkattacher_msgs/share/linkattacher_msgs/local_setup.bash\n'}
[0.545776] (linkattacher_msgs) StdoutLine: {'line': b'-- Up-to-date: /home/ibrahim/BinPicking/install/linkattacher_msgs/share/linkattacher_msgs/local_setup.sh\n'}
[0.545908] (linkattacher_msgs) StdoutLine: {'line': b'-- Up-to-date: /home/ibrahim/BinPicking/install/linkattacher_msgs/share/linkattacher_msgs/local_setup.zsh\n'}
[0.546117] (linkattacher_msgs) StdoutLine: {'line': b'-- Up-to-date: /home/ibrahim/BinPicking/install/linkattacher_msgs/share/linkattacher_msgs/local_setup.dsv\n'}
[0.546263] (linkattacher_msgs) StdoutLine: {'line': b'-- Installing: /home/ibrahim/BinPicking/install/linkattacher_msgs/share/linkattacher_msgs/package.dsv\n'}
[0.546523] (linkattacher_msgs) StdoutLine: {'line': b'-- Up-to-date: /home/ibrahim/BinPicking/install/linkattacher_msgs/share/ament_index/resource_index/packages/linkattacher_msgs\n'}
[0.546696] (linkattacher_msgs) StdoutLine: {'line': b'-- Up-to-date: /home/ibrahim/BinPicking/install/linkattacher_msgs/share/linkattacher_msgs/cmake/export_linkattacher_msgs__rosidl_generator_cExport.cmake\n'}
[0.546882] (linkattacher_msgs) StdoutLine: {'line': b'-- Up-to-date: /home/ibrahim/BinPicking/install/linkattacher_msgs/share/linkattacher_msgs/cmake/export_linkattacher_msgs__rosidl_generator_cExport-noconfig.cmake\n'}
[0.547056] (linkattacher_msgs) StdoutLine: {'line': b'-- Up-to-date: /home/ibrahim/BinPicking/install/linkattacher_msgs/share/linkattacher_msgs/cmake/export_linkattacher_msgs__rosidl_typesupport_fastrtps_cExport.cmake\n'}
[0.547306] (linkattacher_msgs) StdoutLine: {'line': b'-- Up-to-date: /home/ibrahim/BinPicking/install/linkattacher_msgs/share/linkattacher_msgs/cmake/export_linkattacher_msgs__rosidl_typesupport_fastrtps_cExport-noconfig.cmake\n'}
[0.547447] (linkattacher_msgs) StdoutLine: {'line': b'-- Up-to-date: /home/ibrahim/BinPicking/install/linkattacher_msgs/share/linkattacher_msgs/cmake/linkattacher_msgs__rosidl_typesupport_introspection_cExport.cmake\n'}
[0.547813] (linkattacher_msgs) StdoutLine: {'line': b'-- Up-to-date: /home/ibrahim/BinPicking/install/linkattacher_msgs/share/linkattacher_msgs/cmake/linkattacher_msgs__rosidl_typesupport_introspection_cExport-noconfig.cmake\n'}
[0.547955] (linkattacher_msgs) StdoutLine: {'line': b'-- Up-to-date: /home/ibrahim/BinPicking/install/linkattacher_msgs/share/linkattacher_msgs/cmake/linkattacher_msgs__rosidl_typesupport_cExport.cmake\n'}
[0.548138] (linkattacher_msgs) StdoutLine: {'line': b'-- Up-to-date: /home/ibrahim/BinPicking/install/linkattacher_msgs/share/linkattacher_msgs/cmake/linkattacher_msgs__rosidl_typesupport_cExport-noconfig.cmake\n'}
[0.548299] (linkattacher_msgs) StdoutLine: {'line': b'-- Up-to-date: /home/ibrahim/BinPicking/install/linkattacher_msgs/share/linkattacher_msgs/cmake/export_linkattacher_msgs__rosidl_generator_cppExport.cmake\n'}
[0.548522] (linkattacher_msgs) StdoutLine: {'line': b'-- Up-to-date: /home/ibrahim/BinPicking/install/linkattacher_msgs/share/linkattacher_msgs/cmake/export_linkattacher_msgs__rosidl_typesupport_fastrtps_cppExport.cmake\n'}
[0.548640] (linkattacher_msgs) StdoutLine: {'line': b'-- Up-to-date: /home/ibrahim/BinPicking/install/linkattacher_msgs/share/linkattacher_msgs/cmake/export_linkattacher_msgs__rosidl_typesupport_fastrtps_cppExport-noconfig.cmake\n'}
[0.548693] (linkattacher_msgs) StdoutLine: {'line': b'-- Up-to-date: /home/ibrahim/BinPicking/install/linkattacher_msgs/share/linkattacher_msgs/cmake/linkattacher_msgs__rosidl_typesupport_introspection_cppExport.cmake\n'}
[0.548741] (linkattacher_msgs) StdoutLine: {'line': b'-- Up-to-date: /home/ibrahim/BinPicking/install/linkattacher_msgs/share/linkattacher_msgs/cmake/linkattacher_msgs__rosidl_typesupport_introspection_cppExport-noconfig.cmake\n'}
[0.548779] (linkattacher_msgs) StdoutLine: {'line': b'-- Up-to-date: /home/ibrahim/BinPicking/install/linkattacher_msgs/share/linkattacher_msgs/cmake/linkattacher_msgs__rosidl_typesupport_cppExport.cmake\n'}
[0.548815] (linkattacher_msgs) StdoutLine: {'line': b'-- Up-to-date: /home/ibrahim/BinPicking/install/linkattacher_msgs/share/linkattacher_msgs/cmake/linkattacher_msgs__rosidl_typesupport_cppExport-noconfig.cmake\n'}
[0.548850] (linkattacher_msgs) StdoutLine: {'line': b'-- Up-to-date: /home/ibrahim/BinPicking/install/linkattacher_msgs/share/linkattacher_msgs/cmake/export_linkattacher_msgs__rosidl_generator_pyExport.cmake\n'}
[0.548885] (linkattacher_msgs) StdoutLine: {'line': b'-- Up-to-date: /home/ibrahim/BinPicking/install/linkattacher_msgs/share/linkattacher_msgs/cmake/export_linkattacher_msgs__rosidl_generator_pyExport-noconfig.cmake\n'}
[0.548918] (linkattacher_msgs) StdoutLine: {'line': b'-- Up-to-date: /home/ibrahim/BinPicking/install/linkattacher_msgs/share/linkattacher_msgs/cmake/rosidl_cmake-extras.cmake\n'}
[0.548951] (linkattacher_msgs) StdoutLine: {'line': b'-- Up-to-date: /home/ibrahim/BinPicking/install/linkattacher_msgs/share/linkattacher_msgs/cmake/ament_cmake_export_include_directories-extras.cmake\n'}
[0.548988] (linkattacher_msgs) StdoutLine: {'line': b'-- Up-to-date: /home/ibrahim/BinPicking/install/linkattacher_msgs/share/linkattacher_msgs/cmake/ament_cmake_export_libraries-extras.cmake\n'}
[0.549028] (linkattacher_msgs) StdoutLine: {'line': b'-- Up-to-date: /home/ibrahim/BinPicking/install/linkattacher_msgs/share/linkattacher_msgs/cmake/ament_cmake_export_targets-extras.cmake\n'}
[0.549062] (linkattacher_msgs) StdoutLine: {'line': b'-- Up-to-date: /home/ibrahim/BinPicking/install/linkattacher_msgs/share/linkattacher_msgs/cmake/rosidl_cmake_export_typesupport_targets-extras.cmake\n'}
[0.549095] (linkattacher_msgs) StdoutLine: {'line': b'-- Up-to-date: /home/ibrahim/BinPicking/install/linkattacher_msgs/share/linkattacher_msgs/cmake/ament_cmake_export_dependencies-extras.cmake\n'}
[0.549128] (linkattacher_msgs) StdoutLine: {'line': b'-- Up-to-date: /home/ibrahim/BinPicking/install/linkattacher_msgs/share/linkattacher_msgs/cmake/rosidl_cmake_export_typesupport_libraries-extras.cmake\n'}
[0.549160] (linkattacher_msgs) StdoutLine: {'line': b'-- Up-to-date: /home/ibrahim/BinPicking/install/linkattacher_msgs/share/linkattacher_msgs/cmake/linkattacher_msgsConfig.cmake\n'}
[0.549193] (linkattacher_msgs) StdoutLine: {'line': b'-- Up-to-date: /home/ibrahim/BinPicking/install/linkattacher_msgs/share/linkattacher_msgs/cmake/linkattacher_msgsConfig-version.cmake\n'}
[0.549226] (linkattacher_msgs) StdoutLine: {'line': b'-- Up-to-date: /home/ibrahim/BinPicking/install/linkattacher_msgs/share/linkattacher_msgs/package.xml\n'}
[0.552077] (linkattacher_msgs) CommandEnded: {'returncode': 0}
[0.574605] (linkattacher_msgs) JobEnded: {'identifier': 'linkattacher_msgs', 'rc': 0}
[0.576753] (bin_nodes) JobStarted: {'identifier': 'bin_nodes'}
[0.584047] (ros2_linkattacher) JobStarted: {'identifier': 'ros2_linkattacher'}
[0.599592] (-) TimerEvent: {}
[0.676200] (bin_nodes) JobProgress: {'identifier': 'bin_nodes', 'progress': 'cmake'}
[0.676963] (bin_nodes) JobProgress: {'identifier': 'bin_nodes', 'progress': 'build'}
[0.677317] (bin_nodes) Command: {'cmd': ['/usr/bin/cmake', '--build', '/home/ibrahim/BinPicking/build/bin_nodes', '--', '-j16', '-l16'], 'cwd': '/home/ibrahim/BinPicking/build/bin_nodes', 'env': OrderedDict([('PYTHON_BASIC_REPL', '1'), ('LESSOPEN', '| /usr/bin/lesspipe %s'), ('USER', 'ibrahim'), ('GIT_ASKPASS', '/home/ibrahim/.vscode-server/bin/7e7950df89d055b5a378379db9ee14290772148a/extensions/git/dist/askpass.sh'), ('SHLVL', '1'), ('LD_LIBRARY_PATH', '/home/ibrahim/BinPicking/install/linkattacher_msgs/lib:/home/ibrahim/BinPicking/install/ros2_linkattacher/lib:/home/ibrahim/RobotArmExpanded/install/action_interfaces/lib:/home/ibrahim/RobotArm/install/action_interfaces/lib:/home/ibrahim/RobotNav/install/action_interfaces/lib:/home/ibrahim/ros2_ws/install/action_interfaces/lib:/usr/lib/x86_64-linux-gnu/gazebo-11/plugins:/opt/ros/humble/opt/rviz_ogre_vendor/lib:/opt/ros/humble/lib/x86_64-linux-gnu:/opt/ros/humble/lib'), ('HOME', '/home/ibrahim'), ('OLDPWD', '/home/ibrahim/BinPicking/src'), ('TERM_PROGRAM_VERSION', '1.126.0'), ('VSCODE_IPC_HOOK_CLI', '/run/user/1000/vscode-ipc-526a32f8-c8d3-4116-acd1-62ce41b7aaf8.sock'), ('ROS_PYTHON_VERSION', '3'), ('VSCODE_GIT_ASKPASS_MAIN', '/home/ibrahim/.vscode-server/bin/7e7950df89d055b5a378379db9ee14290772148a/extensions/git/dist/askpass-main.js'), ('VSCODE_GIT_ASKPASS_NODE', '/home/ibrahim/.vscode-server/bin/7e7950df89d055b5a378379db9ee14290772148a/node'), ('PYDEVD_DISABLE_FILE_VALIDATION', '1'), ('BUNDLED_DEBUGPY_PATH', '/home/ibrahim/.vscode-server/extensions/ms-python.debugpy-2026.6.0-linux-x64/bundled/libs/debugpy'), ('VSCODE_PYTHON_AUTOACTIVATE_GUARD', '1'), ('DBUS_SESSION_BUS_ADDRESS', 'unix:path=/run/user/1000/bus'), ('COLORTERM', 'truecolor'), ('WSL_DISTRO_NAME', 'Ubuntu-22.04'), ('WAYLAND_DISPLAY', 'wayland-0'), ('COLCON_PREFIX_PATH', '/home/ibrahim/BinPicking/install:/home/ibrahim/MoveItArm/install:/home/ibrahim/RobotArmExpanded/install:/home/ibrahim/RobotArm/install:/home/ibrahim/TF2Sample/install:/home/ibrahim/RobotNav/install:/home/ibrahim/RobotMonitor/install:/home/ibrahim/ros2_ws/install'), ('ROS_DISTRO', 'humble'), ('LOGNAME', 'ibrahim'), ('NAME', 'Ibrahim-laptop'), ('WSL_INTEROP', '/run/WSL/411_interop'), ('PULSE_SERVER', 'unix:/mnt/wslg/PulseServer'), ('_', '/usr/bin/colcon'), ('ROS_VERSION', '2'), ('CLAUDE_CODE_SSE_PORT', '29659'), ('TERM', 'xterm-256color'), ('ROS_LOCALHOST_ONLY', '0'), ('PATH', '/home/ibrahim/.vscode-server/data/User/globalStorage/github.copilot-chat/debugCommand:/home/ibrahim/.vscode-server/data/User/globalStorage/github.copilot-chat/copilotCli:/home/ibrahim/.vscode-server/bin/7e7950df89d055b5a378379db9ee14290772148a/bin/remote-cli:/opt/ros/humble/bin:/usr/local/sbin:/usr/local/bin:/usr/sbin:/usr/bin:/sbin:/bin:/usr/games:/usr/local/games:/usr/lib/wsl/lib:/mnt/c/Windows/system32:/mnt/c/Windows:/mnt/c/Windows/System32/Wbem:/mnt/c/Windows/System32/WindowsPowerShell/v1.0/:/mnt/c/Windows/System32/OpenSSH/:/mnt/c/Program Files (x86)/NVIDIA Corporation/PhysX/Common:/mnt/c/Program Files/NVIDIA Corporation/NVIDIA App/NvDLISR:/mnt/c/Program Files/dotnet/:/mnt/c/Program Files/nodejs/:/mnt/c/Program Files/Git/cmd:/mnt/c/Program Files/PostgreSQL/18/bin:/mnt/c/Users/zanto/.local/bin:/mnt/c/Program Files/Docker/Docker/resources/bin:/mnt/c/Program Files/GitHub CLI/:/mnt/c/Users/zanto/AppData/Local/Programs/Python/Python312/Scripts/:/mnt/c/Users/zanto/AppData/Local/Programs/Python/Python312/:/mnt/c/Users/zanto/AppData/Local/Programs/Python/Python314/Scripts/:/mnt/c/Users/zanto/AppData/Local/Programs/Python/Python314/:/mnt/c/Users/zanto/AppData/Local/Microsoft/WindowsApps:/mnt/c/Users/zanto/AppData/Local/Programs/Microsoft VS Code/bin:/mnt/c/Users/zanto/AppData/Local/Programs/Ollama:/mnt/c/Users/zanto/AppData/Roaming/npm:/mnt/c/msys64/ucrt64/bin:/snap/bin:/home/ibrahim/.vscode-server/extensions/ms-python.debugpy-2026.6.0-linux-x64/bundled/scripts/noConfigScripts'), ('XDG_RUNTIME_DIR', '/run/user/1000/'), ('DISPLAY', ':0'), ('VSCODE_DEBUGPY_ADAPTER_ENDPOINTS', '/home/ibrahim/.vscode-server/extensions/ms-python.debugpy-2026.6.0-linux-x64/.noConfigDebugAdapterEndpoints/endpoint-b4e1a109d7f98f28.txt'), ('LANG', 'C.UTF-8'), ('PYTHONSTARTUP', '/home/ibrahim/.vscode-server/data/User/workspaceStorage/53d6af783f54596ecf064b03d33c69c7/ms-python.python/pythonrc.py'), ('RMW_IMPLEMENTATION', 'rmw_cyclonedds_cpp'), ('LS_COLORS', 'rs=0:di=01;34:ln=01;36:mh=00:pi=40;33:so=01;35:do=01;35:bd=40;33;01:cd=40;33;01:or=40;31;01:mi=00:su=37;41:sg=30;43:ca=30;41:tw=30;42:ow=34;42:st=37;44:ex=01;32:*.tar=01;31:*.tgz=01;31:*.arc=01;31:*.arj=01;31:*.taz=01;31:*.lha=01;31:*.lz4=01;31:*.lzh=01;31:*.lzma=01;31:*.tlz=01;31:*.txz=01;31:*.tzo=01;31:*.t7z=01;31:*.zip=01;31:*.z=01;31:*.dz=01;31:*.gz=01;31:*.lrz=01;31:*.lz=01;31:*.lzo=01;31:*.xz=01;31:*.zst=01;31:*.tzst=01;31:*.bz2=01;31:*.bz=01;31:*.tbz=01;31:*.tbz2=01;31:*.tz=01;31:*.deb=01;31:*.rpm=01;31:*.jar=01;31:*.war=01;31:*.ear=01;31:*.sar=01;31:*.rar=01;31:*.alz=01;31:*.ace=01;31:*.zoo=01;31:*.cpio=01;31:*.7z=01;31:*.rz=01;31:*.cab=01;31:*.wim=01;31:*.swm=01;31:*.dwm=01;31:*.esd=01;31:*.jpg=01;35:*.jpeg=01;35:*.mjpg=01;35:*.mjpeg=01;35:*.gif=01;35:*.bmp=01;35:*.pbm=01;35:*.pgm=01;35:*.ppm=01;35:*.tga=01;35:*.xbm=01;35:*.xpm=01;35:*.tif=01;35:*.tiff=01;35:*.png=01;35:*.svg=01;35:*.svgz=01;35:*.mng=01;35:*.pcx=01;35:*.mov=01;35:*.mpg=01;35:*.mpeg=01;35:*.m2v=01;35:*.mkv=01;35:*.webm=01;35:*.webp=01;35:*.ogm=01;35:*.mp4=01;35:*.m4v=01;35:*.mp4v=01;35:*.vob=01;35:*.qt=01;35:*.nuv=01;35:*.wmv=01;35:*.asf=01;35:*.rm=01;35:*.rmvb=01;35:*.flc=01;35:*.avi=01;35:*.fli=01;35:*.flv=01;35:*.gl=01;35:*.dl=01;35:*.xcf=01;35:*.xwd=01;35:*.yuv=01;35:*.cgm=01;35:*.emf=01;35:*.ogv=01;35:*.ogx=01;35:*.aac=00;36:*.au=00;36:*.flac=00;36:*.m4a=00;36:*.mid=00;36:*.midi=00;36:*.mka=00;36:*.mp3=00;36:*.mpc=00;36:*.ogg=00;36:*.ra=00;36:*.wav=00;36:*.oga=00;36:*.opus=00;36:*.spx=00;36:*.xspf=00;36:'), ('VSCODE_GIT_IPC_HANDLE', '/run/user/1000/vscode-git-6e1624529d.sock'), ('TERM_PROGRAM', 'vscode'), ('ROS_DOMAIN_ID', '10'), ('AMENT_PREFIX_PATH', '/home/ibrahim/BinPicking/install/ros2_linkattacher:/home/ibrahim/BinPicking/install/moveit_config:/home/ibrahim/BinPicking/install/linkattacher_msgs:/home/ibrahim/BinPicking/install/bin_nodes:/home/ibrahim/RobotArmExpanded/install/main_arm_package:/home/ibrahim/RobotArmExpanded/install/action_interfaces:/home/ibrahim/MoveItArm/install/moveit_config:/home/ibrahim/MoveItArm/install/moveit_arm_package:/home/ibrahim/RobotArm/install/main_arm_package:/home/ibrahim/RobotArm/install/action_interfaces:/home/ibrahim/TF2Sample/install/tf2sim:/home/ibrahim/RobotNav/install/main_robot_nodes:/home/ibrahim/RobotNav/install/action_interfaces:/home/ibrahim/RobotMonitor/install/Robot3Node_Package:/home/ibrahim/ros2_ws/install/my_first_package:/home/ibrahim/ros2_ws/install/action_interfaces:/opt/ros/humble'), ('SHELL', '/bin/bash'), ('LESSCLOSE', '/usr/bin/lesspipe %s %s'), ('VSCODE_GIT_ASKPASS_EXTRA_ARGS', ''), ('PWD', '/home/ibrahim/BinPicking/build/bin_nodes'), ('COPILOT_DEBUG_NONCE', 'd05f4ba8ec07642c4df8354ff840a334'), ('XDG_DATA_DIRS', '/usr/local/share:/usr/share:/var/lib/snapd/desktop'), ('PYTHONPATH', '/home/ibrahim/BinPicking/install/linkattacher_msgs/local/lib/python3.10/dist-packages:/home/ibrahim/RobotArmExpanded/install/action_interfaces/local/lib/python3.10/dist-packages:/home/ibrahim/RobotArm/install/action_interfaces/local/lib/python3.10/dist-packages:/home/ibrahim/RobotNav/install/action_interfaces/local/lib/python3.10/dist-packages:/home/ibrahim/ros2_ws/install/action_interfaces/local/lib/python3.10/dist-packages:/opt/ros/humble/lib/python3.10/site-packages:/opt/ros/humble/local/lib/python3.10/dist-packages'), ('COLCON', '1'), ('WSL2_GUI_APPS_ENABLED', '1'), ('HOSTTYPE', 'x86_64'), ('CMAKE_PREFIX_PATH', '/home/ibrahim/BinPicking/install/linkattacher_msgs:/home/ibrahim/BinPicking/install/ros2_linkattacher:/home/ibrahim/BinPicking/install/moveit_config:/home/ibrahim/BinPicking/install/bin_nodes:/home/ibrahim/RobotArmExpanded/install/main_arm_package:/home/ibrahim/RobotArmExpanded/install/action_interfaces:/home/ibrahim/MoveItArm/install/moveit_config:/home/ibrahim/MoveItArm/install/moveit_arm_package:/home/ibrahim/TF2Sample/install/tf2sim:/home/ibrahim/RobotNav/install/main_robot_nodes:/home/ibrahim/RobotNav/install/action_interfaces:/home/ibrahim/RobotMonitor/install/Robot3Node_Package:/home/ibrahim/ros2_ws/install/my_first_package:/home/ibrahim/ros2_ws/install/action_interfaces:/home/ibrahim/RobotArm/install/main_arm_package:/home/ibrahim/RobotArm/install/action_interfaces:/opt/ros/humble'), ('WSLENV', 'VSCODE_WSL_EXT_LOCATION/up')]), 'shell': False}
[0.681488] (ros2_linkattacher) JobProgress: {'identifier': 'ros2_linkattacher', 'progress': 'cmake'}
[0.681906] (ros2_linkattacher) JobProgress: {'identifier': 'ros2_linkattacher', 'progress': 'build'}
[0.683228] (ros2_linkattacher) Command: {'cmd': ['/usr/bin/cmake', '--build', '/home/ibrahim/BinPicking/build/ros2_linkattacher', '--', '-j16', '-l16'], 'cwd': '/home/ibrahim/BinPicking/build/ros2_linkattacher', 'env': OrderedDict([('PYTHON_BASIC_REPL', '1'), ('LESSOPEN', '| /usr/bin/lesspipe %s'), ('USER', 'ibrahim'), ('GIT_ASKPASS', '/home/ibrahim/.vscode-server/bin/7e7950df89d055b5a378379db9ee14290772148a/extensions/git/dist/askpass.sh'), ('SHLVL', '1'), ('LD_LIBRARY_PATH', '/home/ibrahim/BinPicking/install/linkattacher_msgs/lib:/home/ibrahim/BinPicking/install/ros2_linkattacher/lib:/home/ibrahim/RobotArmExpanded/install/action_interfaces/lib:/home/ibrahim/RobotArm/install/action_interfaces/lib:/home/ibrahim/RobotNav/install/action_interfaces/lib:/home/ibrahim/ros2_ws/install/action_interfaces/lib:/usr/lib/x86_64-linux-gnu/gazebo-11/plugins:/opt/ros/humble/opt/rviz_ogre_vendor/lib:/opt/ros/humble/lib/x86_64-linux-gnu:/opt/ros/humble/lib'), ('HOME', '/home/ibrahim'), ('OLDPWD', '/home/ibrahim/BinPicking/src'), ('TERM_PROGRAM_VERSION', '1.126.0'), ('VSCODE_IPC_HOOK_CLI', '/run/user/1000/vscode-ipc-526a32f8-c8d3-4116-acd1-62ce41b7aaf8.sock'), ('ROS_PYTHON_VERSION', '3'), ('VSCODE_GIT_ASKPASS_MAIN', '/home/ibrahim/.vscode-server/bin/7e7950df89d055b5a378379db9ee14290772148a/extensions/git/dist/askpass-main.js'), ('VSCODE_GIT_ASKPASS_NODE', '/home/ibrahim/.vscode-server/bin/7e7950df89d055b5a378379db9ee14290772148a/node'), ('PYDEVD_DISABLE_FILE_VALIDATION', '1'), ('BUNDLED_DEBUGPY_PATH', '/home/ibrahim/.vscode-server/extensions/ms-python.debugpy-2026.6.0-linux-x64/bundled/libs/debugpy'), ('VSCODE_PYTHON_AUTOACTIVATE_GUARD', '1'), ('DBUS_SESSION_BUS_ADDRESS', 'unix:path=/run/user/1000/bus'), ('COLORTERM', 'truecolor'), ('WSL_DISTRO_NAME', 'Ubuntu-22.04'), ('WAYLAND_DISPLAY', 'wayland-0'), ('COLCON_PREFIX_PATH', '/home/ibrahim/BinPicking/install:/home/ibrahim/MoveItArm/install:/home/ibrahim/RobotArmExpanded/install:/home/ibrahim/RobotArm/install:/home/ibrahim/TF2Sample/install:/home/ibrahim/RobotNav/install:/home/ibrahim/RobotMonitor/install:/home/ibrahim/ros2_ws/install'), ('ROS_DISTRO', 'humble'), ('LOGNAME', 'ibrahim'), ('NAME', 'Ibrahim-laptop'), ('WSL_INTEROP', '/run/WSL/411_interop'), ('PULSE_SERVER', 'unix:/mnt/wslg/PulseServer'), ('_', '/usr/bin/colcon'), ('ROS_VERSION', '2'), ('CLAUDE_CODE_SSE_PORT', '29659'), ('TERM', 'xterm-256color'), ('ROS_LOCALHOST_ONLY', '0'), ('PATH', '/home/ibrahim/.vscode-server/data/User/globalStorage/github.copilot-chat/debugCommand:/home/ibrahim/.vscode-server/data/User/globalStorage/github.copilot-chat/copilotCli:/home/ibrahim/.vscode-server/bin/7e7950df89d055b5a378379db9ee14290772148a/bin/remote-cli:/opt/ros/humble/bin:/usr/local/sbin:/usr/local/bin:/usr/sbin:/usr/bin:/sbin:/bin:/usr/games:/usr/local/games:/usr/lib/wsl/lib:/mnt/c/Windows/system32:/mnt/c/Windows:/mnt/c/Windows/System32/Wbem:/mnt/c/Windows/System32/WindowsPowerShell/v1.0/:/mnt/c/Windows/System32/OpenSSH/:/mnt/c/Program Files (x86)/NVIDIA Corporation/PhysX/Common:/mnt/c/Program Files/NVIDIA Corporation/NVIDIA App/NvDLISR:/mnt/c/Program Files/dotnet/:/mnt/c/Program Files/nodejs/:/mnt/c/Program Files/Git/cmd:/mnt/c/Program Files/PostgreSQL/18/bin:/mnt/c/Users/zanto/.local/bin:/mnt/c/Program Files/Docker/Docker/resources/bin:/mnt/c/Program Files/GitHub CLI/:/mnt/c/Users/zanto/AppData/Local/Programs/Python/Python312/Scripts/:/mnt/c/Users/zanto/AppData/Local/Programs/Python/Python312/:/mnt/c/Users/zanto/AppData/Local/Programs/Python/Python314/Scripts/:/mnt/c/Users/zanto/AppData/Local/Programs/Python/Python314/:/mnt/c/Users/zanto/AppData/Local/Microsoft/WindowsApps:/mnt/c/Users/zanto/AppData/Local/Programs/Microsoft VS Code/bin:/mnt/c/Users/zanto/AppData/Local/Programs/Ollama:/mnt/c/Users/zanto/AppData/Roaming/npm:/mnt/c/msys64/ucrt64/bin:/snap/bin:/home/ibrahim/.vscode-server/extensions/ms-python.debugpy-2026.6.0-linux-x64/bundled/scripts/noConfigScripts'), ('XDG_RUNTIME_DIR', '/run/user/1000/'), ('DISPLAY', ':0'), ('VSCODE_DEBUGPY_ADAPTER_ENDPOINTS', '/home/ibrahim/.vscode-server/extensions/ms-python.debugpy-2026.6.0-linux-x64/.noConfigDebugAdapterEndpoints/endpoint-b4e1a109d7f98f28.txt'), ('LANG', 'C.UTF-8'), ('PYTHONSTARTUP', '/home/ibrahim/.vscode-server/data/User/workspaceStorage/53d6af783f54596ecf064b03d33c69c7/ms-python.python/pythonrc.py'), ('RMW_IMPLEMENTATION', 'rmw_cyclonedds_cpp'), ('LS_COLORS', 'rs=0:di=01;34:ln=01;36:mh=00:pi=40;33:so=01;35:do=01;35:bd=40;33;01:cd=40;33;01:or=40;31;01:mi=00:su=37;41:sg=30;43:ca=30;41:tw=30;42:ow=34;42:st=37;44:ex=01;32:*.tar=01;31:*.tgz=01;31:*.arc=01;31:*.arj=01;31:*.taz=01;31:*.lha=01;31:*.lz4=01;31:*.lzh=01;31:*.lzma=01;31:*.tlz=01;31:*.txz=01;31:*.tzo=01;31:*.t7z=01;31:*.zip=01;31:*.z=01;31:*.dz=01;31:*.gz=01;31:*.lrz=01;31:*.lz=01;31:*.lzo=01;31:*.xz=01;31:*.zst=01;31:*.tzst=01;31:*.bz2=01;31:*.bz=01;31:*.tbz=01;31:*.tbz2=01;31:*.tz=01;31:*.deb=01;31:*.rpm=01;31:*.jar=01;31:*.war=01;31:*.ear=01;31:*.sar=01;31:*.rar=01;31:*.alz=01;31:*.ace=01;31:*.zoo=01;31:*.cpio=01;31:*.7z=01;31:*.rz=01;31:*.cab=01;31:*.wim=01;31:*.swm=01;31:*.dwm=01;31:*.esd=01;31:*.jpg=01;35:*.jpeg=01;35:*.mjpg=01;35:*.mjpeg=01;35:*.gif=01;35:*.bmp=01;35:*.pbm=01;35:*.pgm=01;35:*.ppm=01;35:*.tga=01;35:*.xbm=01;35:*.xpm=01;35:*.tif=01;35:*.tiff=01;35:*.png=01;35:*.svg=01;35:*.svgz=01;35:*.mng=01;35:*.pcx=01;35:*.mov=01;35:*.mpg=01;35:*.mpeg=01;35:*.m2v=01;35:*.mkv=01;35:*.webm=01;35:*.webp=01;35:*.ogm=01;35:*.mp4=01;35:*.m4v=01;35:*.mp4v=01;35:*.vob=01;35:*.qt=01;35:*.nuv=01;35:*.wmv=01;35:*.asf=01;35:*.rm=01;35:*.rmvb=01;35:*.flc=01;35:*.avi=01;35:*.fli=01;35:*.flv=01;35:*.gl=01;35:*.dl=01;35:*.xcf=01;35:*.xwd=01;35:*.yuv=01;35:*.cgm=01;35:*.emf=01;35:*.ogv=01;35:*.ogx=01;35:*.aac=00;36:*.au=00;36:*.flac=00;36:*.m4a=00;36:*.mid=00;36:*.midi=00;36:*.mka=00;36:*.mp3=00;36:*.mpc=00;36:*.ogg=00;36:*.ra=00;36:*.wav=00;36:*.oga=00;36:*.opus=00;36:*.spx=00;36:*.xspf=00;36:'), ('VSCODE_GIT_IPC_HANDLE', '/run/user/1000/vscode-git-6e1624529d.sock'), ('TERM_PROGRAM', 'vscode'), ('ROS_DOMAIN_ID', '10'), ('AMENT_PREFIX_PATH', '/home/ibrahim/BinPicking/install/ros2_linkattacher:/home/ibrahim/BinPicking/install/moveit_config:/home/ibrahim/BinPicking/install/linkattacher_msgs:/home/ibrahim/BinPicking/install/bin_nodes:/home/ibrahim/RobotArmExpanded/install/main_arm_package:/home/ibrahim/RobotArmExpanded/install/action_interfaces:/home/ibrahim/MoveItArm/install/moveit_config:/home/ibrahim/MoveItArm/install/moveit_arm_package:/home/ibrahim/RobotArm/install/main_arm_package:/home/ibrahim/RobotArm/install/action_interfaces:/home/ibrahim/TF2Sample/install/tf2sim:/home/ibrahim/RobotNav/install/main_robot_nodes:/home/ibrahim/RobotNav/install/action_interfaces:/home/ibrahim/RobotMonitor/install/Robot3Node_Package:/home/ibrahim/ros2_ws/install/my_first_package:/home/ibrahim/ros2_ws/install/action_interfaces:/opt/ros/humble'), ('SHELL', '/bin/bash'), ('LESSCLOSE', '/usr/bin/lesspipe %s %s'), ('VSCODE_GIT_ASKPASS_EXTRA_ARGS', ''), ('PWD', '/home/ibrahim/BinPicking/build/ros2_linkattacher'), ('COPILOT_DEBUG_NONCE', 'd05f4ba8ec07642c4df8354ff840a334'), ('XDG_DATA_DIRS', '/usr/local/share:/usr/share:/var/lib/snapd/desktop'), ('PYTHONPATH', '/home/ibrahim/BinPicking/install/linkattacher_msgs/local/lib/python3.10/dist-packages:/home/ibrahim/RobotArmExpanded/install/action_interfaces/local/lib/python3.10/dist-packages:/home/ibrahim/RobotArm/install/action_interfaces/local/lib/python3.10/dist-packages:/home/ibrahim/RobotNav/install/action_interfaces/local/lib/python3.10/dist-packages:/home/ibrahim/ros2_ws/install/action_interfaces/local/lib/python3.10/dist-packages:/opt/ros/humble/lib/python3.10/site-packages:/opt/ros/humble/local/lib/python3.10/dist-packages'), ('COLCON', '1'), ('WSL2_GUI_APPS_ENABLED', '1'), ('HOSTTYPE', 'x86_64'), ('CMAKE_PREFIX_PATH', '/home/ibrahim/BinPicking/install/linkattacher_msgs:/home/ibrahim/BinPicking/install/ros2_linkattacher:/home/ibrahim/BinPicking/install/moveit_config:/home/ibrahim/BinPicking/install/bin_nodes:/home/ibrahim/RobotArmExpanded/install/main_arm_package:/home/ibrahim/RobotArmExpanded/install/action_interfaces:/home/ibrahim/MoveItArm/install/moveit_config:/home/ibrahim/MoveItArm/install/moveit_arm_package:/home/ibrahim/TF2Sample/install/tf2sim:/home/ibrahim/RobotNav/install/main_robot_nodes:/home/ibrahim/RobotNav/install/action_interfaces:/home/ibrahim/RobotMonitor/install/Robot3Node_Package:/home/ibrahim/ros2_ws/install/my_first_package:/home/ibrahim/ros2_ws/install/action_interfaces:/home/ibrahim/RobotArm/install/main_arm_package:/home/ibrahim/RobotArm/install/action_interfaces:/opt/ros/humble'), ('WSLENV', 'VSCODE_WSL_EXT_LOCATION/up')]), 'shell': False}
[0.699668] (-) TimerEvent: {}
[0.751584] (bin_nodes) StdoutLine: {'line': b'\x1b[35m\x1b[1mConsolidate compiler generated dependencies of target pick_and_place_fixed\x1b[0m\n'}
[0.779810] (bin_nodes) StdoutLine: {'line': b'[ 50%] Built target MoveArm\n'}
[0.788643] (bin_nodes) StdoutLine: {'line': b'[ 75%] \x1b[32mBuilding CXX object CMakeFiles/pick_and_place_fixed.dir/src/pick_and_place_fixed.cpp.o\x1b[0m\n'}
[0.789276] (ros2_linkattacher) StdoutLine: {'line': b'[100%] Built target gazebo_link_attacher\n'}
[0.799846] (-) TimerEvent: {}
[0.806771] (ros2_linkattacher) CommandEnded: {'returncode': 0}
[0.807638] (ros2_linkattacher) JobProgress: {'identifier': 'ros2_linkattacher', 'progress': 'install'}
[0.808137] (ros2_linkattacher) Command: {'cmd': ['/usr/bin/cmake', '--install', '/home/ibrahim/BinPicking/build/ros2_linkattacher'], 'cwd': '/home/ibrahim/BinPicking/build/ros2_linkattacher', 'env': OrderedDict([('PYTHON_BASIC_REPL', '1'), ('LESSOPEN', '| /usr/bin/lesspipe %s'), ('USER', 'ibrahim'), ('GIT_ASKPASS', '/home/ibrahim/.vscode-server/bin/7e7950df89d055b5a378379db9ee14290772148a/extensions/git/dist/askpass.sh'), ('SHLVL', '1'), ('LD_LIBRARY_PATH', '/home/ibrahim/BinPicking/install/linkattacher_msgs/lib:/home/ibrahim/BinPicking/install/ros2_linkattacher/lib:/home/ibrahim/RobotArmExpanded/install/action_interfaces/lib:/home/ibrahim/RobotArm/install/action_interfaces/lib:/home/ibrahim/RobotNav/install/action_interfaces/lib:/home/ibrahim/ros2_ws/install/action_interfaces/lib:/usr/lib/x86_64-linux-gnu/gazebo-11/plugins:/opt/ros/humble/opt/rviz_ogre_vendor/lib:/opt/ros/humble/lib/x86_64-linux-gnu:/opt/ros/humble/lib'), ('HOME', '/home/ibrahim'), ('OLDPWD', '/home/ibrahim/BinPicking/src'), ('TERM_PROGRAM_VERSION', '1.126.0'), ('VSCODE_IPC_HOOK_CLI', '/run/user/1000/vscode-ipc-526a32f8-c8d3-4116-acd1-62ce41b7aaf8.sock'), ('ROS_PYTHON_VERSION', '3'), ('VSCODE_GIT_ASKPASS_MAIN', '/home/ibrahim/.vscode-server/bin/7e7950df89d055b5a378379db9ee14290772148a/extensions/git/dist/askpass-main.js'), ('VSCODE_GIT_ASKPASS_NODE', '/home/ibrahim/.vscode-server/bin/7e7950df89d055b5a378379db9ee14290772148a/node'), ('PYDEVD_DISABLE_FILE_VALIDATION', '1'), ('BUNDLED_DEBUGPY_PATH', '/home/ibrahim/.vscode-server/extensions/ms-python.debugpy-2026.6.0-linux-x64/bundled/libs/debugpy'), ('VSCODE_PYTHON_AUTOACTIVATE_GUARD', '1'), ('DBUS_SESSION_BUS_ADDRESS', 'unix:path=/run/user/1000/bus'), ('COLORTERM', 'truecolor'), ('WSL_DISTRO_NAME', 'Ubuntu-22.04'), ('WAYLAND_DISPLAY', 'wayland-0'), ('COLCON_PREFIX_PATH', '/home/ibrahim/BinPicking/install:/home/ibrahim/MoveItArm/install:/home/ibrahim/RobotArmExpanded/install:/home/ibrahim/RobotArm/install:/home/ibrahim/TF2Sample/install:/home/ibrahim/RobotNav/install:/home/ibrahim/RobotMonitor/install:/home/ibrahim/ros2_ws/install'), ('ROS_DISTRO', 'humble'), ('LOGNAME', 'ibrahim'), ('NAME', 'Ibrahim-laptop'), ('WSL_INTEROP', '/run/WSL/411_interop'), ('PULSE_SERVER', 'unix:/mnt/wslg/PulseServer'), ('_', '/usr/bin/colcon'), ('ROS_VERSION', '2'), ('CLAUDE_CODE_SSE_PORT', '29659'), ('TERM', 'xterm-256color'), ('ROS_LOCALHOST_ONLY', '0'), ('PATH', '/home/ibrahim/.vscode-server/data/User/globalStorage/github.copilot-chat/debugCommand:/home/ibrahim/.vscode-server/data/User/globalStorage/github.copilot-chat/copilotCli:/home/ibrahim/.vscode-server/bin/7e7950df89d055b5a378379db9ee14290772148a/bin/remote-cli:/opt/ros/humble/bin:/usr/local/sbin:/usr/local/bin:/usr/sbin:/usr/bin:/sbin:/bin:/usr/games:/usr/local/games:/usr/lib/wsl/lib:/mnt/c/Windows/system32:/mnt/c/Windows:/mnt/c/Windows/System32/Wbem:/mnt/c/Windows/System32/WindowsPowerShell/v1.0/:/mnt/c/Windows/System32/OpenSSH/:/mnt/c/Program Files (x86)/NVIDIA Corporation/PhysX/Common:/mnt/c/Program Files/NVIDIA Corporation/NVIDIA App/NvDLISR:/mnt/c/Program Files/dotnet/:/mnt/c/Program Files/nodejs/:/mnt/c/Program Files/Git/cmd:/mnt/c/Program Files/PostgreSQL/18/bin:/mnt/c/Users/zanto/.local/bin:/mnt/c/Program Files/Docker/Docker/resources/bin:/mnt/c/Program Files/GitHub CLI/:/mnt/c/Users/zanto/AppData/Local/Programs/Python/Python312/Scripts/:/mnt/c/Users/zanto/AppData/Local/Programs/Python/Python312/:/mnt/c/Users/zanto/AppData/Local/Programs/Python/Python314/Scripts/:/mnt/c/Users/zanto/AppData/Local/Programs/Python/Python314/:/mnt/c/Users/zanto/AppData/Local/Microsoft/WindowsApps:/mnt/c/Users/zanto/AppData/Local/Programs/Microsoft VS Code/bin:/mnt/c/Users/zanto/AppData/Local/Programs/Ollama:/mnt/c/Users/zanto/AppData/Roaming/npm:/mnt/c/msys64/ucrt64/bin:/snap/bin:/home/ibrahim/.vscode-server/extensions/ms-python.debugpy-2026.6.0-linux-x64/bundled/scripts/noConfigScripts'), ('XDG_RUNTIME_DIR', '/run/user/1000/'), ('DISPLAY', ':0'), ('VSCODE_DEBUGPY_ADAPTER_ENDPOINTS', '/home/ibrahim/.vscode-server/extensions/ms-python.debugpy-2026.6.0-linux-x64/.noConfigDebugAdapterEndpoints/endpoint-b4e1a109d7f98f28.txt'), ('LANG', 'C.UTF-8'), ('PYTHONSTARTUP', '/home/ibrahim/.vscode-server/data/User/workspaceStorage/53d6af783f54596ecf064b03d33c69c7/ms-python.python/pythonrc.py'), ('RMW_IMPLEMENTATION', 'rmw_cyclonedds_cpp'), ('LS_COLORS', 'rs=0:di=01;34:ln=01;36:mh=00:pi=40;33:so=01;35:do=01;35:bd=40;33;01:cd=40;33;01:or=40;31;01:mi=00:su=37;41:sg=30;43:ca=30;41:tw=30;42:ow=34;42:st=37;44:ex=01;32:*.tar=01;31:*.tgz=01;31:*.arc=01;31:*.arj=01;31:*.taz=01;31:*.lha=01;31:*.lz4=01;31:*.lzh=01;31:*.lzma=01;31:*.tlz=01;31:*.txz=01;31:*.tzo=01;31:*.t7z=01;31:*.zip=01;31:*.z=01;31:*.dz=01;31:*.gz=01;31:*.lrz=01;31:*.lz=01;31:*.lzo=01;31:*.xz=01;31:*.zst=01;31:*.tzst=01;31:*.bz2=01;31:*.bz=01;31:*.tbz=01;31:*.tbz2=01;31:*.tz=01;31:*.deb=01;31:*.rpm=01;31:*.jar=01;31:*.war=01;31:*.ear=01;31:*.sar=01;31:*.rar=01;31:*.alz=01;31:*.ace=01;31:*.zoo=01;31:*.cpio=01;31:*.7z=01;31:*.rz=01;31:*.cab=01;31:*.wim=01;31:*.swm=01;31:*.dwm=01;31:*.esd=01;31:*.jpg=01;35:*.jpeg=01;35:*.mjpg=01;35:*.mjpeg=01;35:*.gif=01;35:*.bmp=01;35:*.pbm=01;35:*.pgm=01;35:*.ppm=01;35:*.tga=01;35:*.xbm=01;35:*.xpm=01;35:*.tif=01;35:*.tiff=01;35:*.png=01;35:*.svg=01;35:*.svgz=01;35:*.mng=01;35:*.pcx=01;35:*.mov=01;35:*.mpg=01;35:*.mpeg=01;35:*.m2v=01;35:*.mkv=01;35:*.webm=01;35:*.webp=01;35:*.ogm=01;35:*.mp4=01;35:*.m4v=01;35:*.mp4v=01;35:*.vob=01;35:*.qt=01;35:*.nuv=01;35:*.wmv=01;35:*.asf=01;35:*.rm=01;35:*.rmvb=01;35:*.flc=01;35:*.avi=01;35:*.fli=01;35:*.flv=01;35:*.gl=01;35:*.dl=01;35:*.xcf=01;35:*.xwd=01;35:*.yuv=01;35:*.cgm=01;35:*.emf=01;35:*.ogv=01;35:*.ogx=01;35:*.aac=00;36:*.au=00;36:*.flac=00;36:*.m4a=00;36:*.mid=00;36:*.midi=00;36:*.mka=00;36:*.mp3=00;36:*.mpc=00;36:*.ogg=00;36:*.ra=00;36:*.wav=00;36:*.oga=00;36:*.opus=00;36:*.spx=00;36:*.xspf=00;36:'), ('VSCODE_GIT_IPC_HANDLE', '/run/user/1000/vscode-git-6e1624529d.sock'), ('TERM_PROGRAM', 'vscode'), ('ROS_DOMAIN_ID', '10'), ('AMENT_PREFIX_PATH', '/home/ibrahim/BinPicking/install/ros2_linkattacher:/home/ibrahim/BinPicking/install/moveit_config:/home/ibrahim/BinPicking/install/linkattacher_msgs:/home/ibrahim/BinPicking/install/bin_nodes:/home/ibrahim/RobotArmExpanded/install/main_arm_package:/home/ibrahim/RobotArmExpanded/install/action_interfaces:/home/ibrahim/MoveItArm/install/moveit_config:/home/ibrahim/MoveItArm/install/moveit_arm_package:/home/ibrahim/RobotArm/install/main_arm_package:/home/ibrahim/RobotArm/install/action_interfaces:/home/ibrahim/TF2Sample/install/tf2sim:/home/ibrahim/RobotNav/install/main_robot_nodes:/home/ibrahim/RobotNav/install/action_interfaces:/home/ibrahim/RobotMonitor/install/Robot3Node_Package:/home/ibrahim/ros2_ws/install/my_first_package:/home/ibrahim/ros2_ws/install/action_interfaces:/opt/ros/humble'), ('SHELL', '/bin/bash'), ('LESSCLOSE', '/usr/bin/lesspipe %s %s'), ('VSCODE_GIT_ASKPASS_EXTRA_ARGS', ''), ('PWD', '/home/ibrahim/BinPicking/build/ros2_linkattacher'), ('COPILOT_DEBUG_NONCE', 'd05f4ba8ec07642c4df8354ff840a334'), ('XDG_DATA_DIRS', '/usr/local/share:/usr/share:/var/lib/snapd/desktop'), ('PYTHONPATH', '/home/ibrahim/BinPicking/install/linkattacher_msgs/local/lib/python3.10/dist-packages:/home/ibrahim/RobotArmExpanded/install/action_interfaces/local/lib/python3.10/dist-packages:/home/ibrahim/RobotArm/install/action_interfaces/local/lib/python3.10/dist-packages:/home/ibrahim/RobotNav/install/action_interfaces/local/lib/python3.10/dist-packages:/home/ibrahim/ros2_ws/install/action_interfaces/local/lib/python3.10/dist-packages:/opt/ros/humble/lib/python3.10/site-packages:/opt/ros/humble/local/lib/python3.10/dist-packages'), ('COLCON', '1'), ('WSL2_GUI_APPS_ENABLED', '1'), ('HOSTTYPE', 'x86_64'), ('CMAKE_PREFIX_PATH', '/home/ibrahim/BinPicking/install/linkattacher_msgs:/home/ibrahim/BinPicking/install/ros2_linkattacher:/home/ibrahim/BinPicking/install/moveit_config:/home/ibrahim/BinPicking/install/bin_nodes:/home/ibrahim/RobotArmExpanded/install/main_arm_package:/home/ibrahim/RobotArmExpanded/install/action_interfaces:/home/ibrahim/MoveItArm/install/moveit_config:/home/ibrahim/MoveItArm/install/moveit_arm_package:/home/ibrahim/TF2Sample/install/tf2sim:/home/ibrahim/RobotNav/install/main_robot_nodes:/home/ibrahim/RobotNav/install/action_interfaces:/home/ibrahim/RobotMonitor/install/Robot3Node_Package:/home/ibrahim/ros2_ws/install/my_first_package:/home/ibrahim/ros2_ws/install/action_interfaces:/home/ibrahim/RobotArm/install/main_arm_package:/home/ibrahim/RobotArm/install/action_interfaces:/opt/ros/humble'), ('WSLENV', 'VSCODE_WSL_EXT_LOCATION/up')]), 'shell': False}
[0.819394] (ros2_linkattacher) StdoutLine: {'line': b'-- Install configuration: ""\n'}
[0.820032] (ros2_linkattacher) StdoutLine: {'line': b'-- Up-to-date: /home/ibrahim/BinPicking/install/ros2_linkattacher/share/ros2_linkattacher/environment/library_path.sh\n'}
[0.820096] (ros2_linkattacher) StdoutLine: {'line': b'-- Up-to-date: /home/ibrahim/BinPicking/install/ros2_linkattacher/share/ros2_linkattacher/environment/library_path.dsv\n'}
[0.820150] (ros2_linkattacher) StdoutLine: {'line': b'-- Up-to-date: /home/ibrahim/BinPicking/install/ros2_linkattacher/lib/libgazebo_link_attacher.so\n'}
[0.820533] (ros2_linkattacher) StdoutLine: {'line': b'-- Up-to-date: /home/ibrahim/BinPicking/install/ros2_linkattacher/share/ament_index/resource_index/package_run_dependencies/ros2_linkattacher\n'}
[0.820723] (ros2_linkattacher) StdoutLine: {'line': b'-- Up-to-date: /home/ibrahim/BinPicking/install/ros2_linkattacher/share/ament_index/resource_index/parent_prefix_path/ros2_linkattacher\n'}
[0.820933] (ros2_linkattacher) StdoutLine: {'line': b'-- Up-to-date: /home/ibrahim/BinPicking/install/ros2_linkattacher/share/ros2_linkattacher/environment/ament_prefix_path.sh\n'}
[0.821226] (ros2_linkattacher) StdoutLine: {'line': b'-- Up-to-date: /home/ibrahim/BinPicking/install/ros2_linkattacher/share/ros2_linkattacher/environment/ament_prefix_path.dsv\n'}
[0.821678] (ros2_linkattacher) StdoutLine: {'line': b'-- Up-to-date: /home/ibrahim/BinPicking/install/ros2_linkattacher/share/ros2_linkattacher/environment/path.sh\n'}
[0.821934] (ros2_linkattacher) StdoutLine: {'line': b'-- Up-to-date: /home/ibrahim/BinPicking/install/ros2_linkattacher/share/ros2_linkattacher/environment/path.dsv\n'}
[0.822009] (ros2_linkattacher) StdoutLine: {'line': b'-- Up-to-date: /home/ibrahim/BinPicking/install/ros2_linkattacher/share/ros2_linkattacher/local_setup.bash\n'}
[0.822055] (ros2_linkattacher) StdoutLine: {'line': b'-- Up-to-date: /home/ibrahim/BinPicking/install/ros2_linkattacher/share/ros2_linkattacher/local_setup.sh\n'}
[0.822112] (ros2_linkattacher) StdoutLine: {'line': b'-- Up-to-date: /home/ibrahim/BinPicking/install/ros2_linkattacher/share/ros2_linkattacher/local_setup.zsh\n'}
[0.822178] (ros2_linkattacher) StdoutLine: {'line': b'-- Up-to-date: /home/ibrahim/BinPicking/install/ros2_linkattacher/share/ros2_linkattacher/local_setup.dsv\n'}
[0.822221] (ros2_linkattacher) StdoutLine: {'line': b'-- Installing: /home/ibrahim/BinPicking/install/ros2_linkattacher/share/ros2_linkattacher/package.dsv\n'}
[0.822267] (ros2_linkattacher) StdoutLine: {'line': b'-- Up-to-date: /home/ibrahim/BinPicking/install/ros2_linkattacher/share/ament_index/resource_index/packages/ros2_linkattacher\n'}
[0.822302] (ros2_linkattacher) StdoutLine: {'line': b'-- Up-to-date: /home/ibrahim/BinPicking/install/ros2_linkattacher/share/ros2_linkattacher/cmake/ament_cmake_export_libraries-extras.cmake\n'}
[0.822338] (ros2_linkattacher) StdoutLine: {'line': b'-- Up-to-date: /home/ibrahim/BinPicking/install/ros2_linkattacher/share/ros2_linkattacher/cmake/ros2_linkattacherConfig.cmake\n'}
[0.822373] (ros2_linkattacher) StdoutLine: {'line': b'-- Up-to-date: /home/ibrahim/BinPicking/install/ros2_linkattacher/share/ros2_linkattacher/cmake/ros2_linkattacherConfig-version.cmake\n'}
[0.822408] (ros2_linkattacher) StdoutLine: {'line': b'-- Up-to-date: /home/ibrahim/BinPicking/install/ros2_linkattacher/share/ros2_linkattacher/package.xml\n'}
[0.824339] (ros2_linkattacher) CommandEnded: {'returncode': 0}
[0.841093] (ros2_linkattacher) JobEnded: {'identifier': 'ros2_linkattacher', 'rc': 0}
[0.899934] (-) TimerEvent: {}
[1.000467] (-) TimerEvent: {}
[1.100931] (-) TimerEvent: {}
[1.201417] (-) TimerEvent: {}
[1.301896] (-) TimerEvent: {}
[1.402428] (-) TimerEvent: {}
[1.502811] (-) TimerEvent: {}
[1.603245] (-) TimerEvent: {}
[1.703816] (-) TimerEvent: {}
[1.804432] (-) TimerEvent: {}
[1.904965] (-) TimerEvent: {}
[2.005584] (-) TimerEvent: {}
[2.106125] (-) TimerEvent: {}
[2.206705] (-) TimerEvent: {}
[2.307218] (-) TimerEvent: {}
[2.407628] (-) TimerEvent: {}
[2.508095] (-) TimerEvent: {}
[2.608712] (-) TimerEvent: {}
[2.709251] (-) TimerEvent: {}
[2.809929] (-) TimerEvent: {}
[2.910461] (-) TimerEvent: {}
[3.010950] (-) TimerEvent: {}
[3.111402] (-) TimerEvent: {}
[3.211865] (-) TimerEvent: {}
[3.312468] (-) TimerEvent: {}
[3.413034] (-) TimerEvent: {}
[3.513534] (-) TimerEvent: {}
[3.614181] (-) TimerEvent: {}
[3.714661] (-) TimerEvent: {}
[3.815242] (-) TimerEvent: {}
[3.915859] (-) TimerEvent: {}
[4.016589] (-) TimerEvent: {}
[4.117163] (-) TimerEvent: {}
[4.217666] (-) TimerEvent: {}
[4.318082] (-) TimerEvent: {}
[4.418555] (-) TimerEvent: {}
[4.519126] (-) TimerEvent: {}
[4.619700] (-) TimerEvent: {}
[4.720195] (-) TimerEvent: {}
[4.820827] (-) TimerEvent: {}
[4.921347] (-) TimerEvent: {}
[5.022079] (-) TimerEvent: {}
[5.122696] (-) TimerEvent: {}
[5.223186] (-) TimerEvent: {}
[5.323716] (-) TimerEvent: {}
[5.424320] (-) TimerEvent: {}
[5.524983] (-) TimerEvent: {}
[5.625515] (-) TimerEvent: {}
[5.726009] (-) TimerEvent: {}
[5.826626] (-) TimerEvent: {}
[5.927274] (-) TimerEvent: {}
[6.028004] (-) TimerEvent: {}
[6.128578] (-) TimerEvent: {}
[6.229068] (-) TimerEvent: {}
[6.329571] (-) TimerEvent: {}
[6.430123] (-) TimerEvent: {}
[6.530744] (-) TimerEvent: {}
[6.631311] (-) TimerEvent: {}
[6.731919] (-) TimerEvent: {}
[6.832477] (-) TimerEvent: {}
[6.933066] (-) TimerEvent: {}
[7.033468] (-) TimerEvent: {}
[7.134078] (-) TimerEvent: {}
[7.234863] (-) TimerEvent: {}
[7.335414] (-) TimerEvent: {}
[7.435846] (-) TimerEvent: {}
[7.536463] (-) TimerEvent: {}
[7.637010] (-) TimerEvent: {}
[7.737496] (-) TimerEvent: {}
[7.838068] (-) TimerEvent: {}
[7.938587] (-) TimerEvent: {}
[8.039192] (-) TimerEvent: {}
[8.139876] (-) TimerEvent: {}
[8.240550] (-) TimerEvent: {}
[8.341201] (-) TimerEvent: {}
[8.441708] (-) TimerEvent: {}
[8.542251] (-) TimerEvent: {}
[8.642653] (-) TimerEvent: {}
[8.743182] (-) TimerEvent: {}
[8.843792] (-) TimerEvent: {}
[8.944361] (-) TimerEvent: {}
[9.044980] (-) TimerEvent: {}
[9.145677] (-) TimerEvent: {}
[9.246132] (-) TimerEvent: {}
[9.346679] (-) TimerEvent: {}
[9.447336] (-) TimerEvent: {}
[9.547874] (-) TimerEvent: {}
[9.648524] (-) TimerEvent: {}
[9.749183] (-) TimerEvent: {}
[9.850109] (-) TimerEvent: {}
[9.950680] (-) TimerEvent: {}
[10.051293] (-) TimerEvent: {}
[10.151933] (-) TimerEvent: {}
[10.252527] (-) TimerEvent: {}
[10.353058] (-) TimerEvent: {}
[10.453605] (-) TimerEvent: {}
[10.554178] (-) TimerEvent: {}
[10.654642] (-) TimerEvent: {}
[10.736216] (bin_nodes) StdoutLine: {'line': b'[100%] \x1b[32m\x1b[1mLinking CXX executable pick_and_place_fixed\x1b[0m\n'}
[10.754780] (-) TimerEvent: {}
[10.855279] (-) TimerEvent: {}
[10.955942] (-) TimerEvent: {}
[11.056436] (-) TimerEvent: {}
[11.156951] (-) TimerEvent: {}
[11.257683] (-) TimerEvent: {}
[11.358322] (-) TimerEvent: {}
[11.409748] (bin_nodes) StdoutLine: {'line': b'[100%] Built target pick_and_place_fixed\n'}
[11.428756] (bin_nodes) CommandEnded: {'returncode': 0}
[11.430031] (bin_nodes) JobProgress: {'identifier': 'bin_nodes', 'progress': 'install'}
[11.431333] (bin_nodes) Command: {'cmd': ['/usr/bin/cmake', '--install', '/home/ibrahim/BinPicking/build/bin_nodes'], 'cwd': '/home/ibrahim/BinPicking/build/bin_nodes', 'env': OrderedDict([('PYTHON_BASIC_REPL', '1'), ('LESSOPEN', '| /usr/bin/lesspipe %s'), ('USER', 'ibrahim'), ('GIT_ASKPASS', '/home/ibrahim/.vscode-server/bin/7e7950df89d055b5a378379db9ee14290772148a/extensions/git/dist/askpass.sh'), ('SHLVL', '1'), ('LD_LIBRARY_PATH', '/home/ibrahim/BinPicking/install/linkattacher_msgs/lib:/home/ibrahim/BinPicking/install/ros2_linkattacher/lib:/home/ibrahim/RobotArmExpanded/install/action_interfaces/lib:/home/ibrahim/RobotArm/install/action_interfaces/lib:/home/ibrahim/RobotNav/install/action_interfaces/lib:/home/ibrahim/ros2_ws/install/action_interfaces/lib:/usr/lib/x86_64-linux-gnu/gazebo-11/plugins:/opt/ros/humble/opt/rviz_ogre_vendor/lib:/opt/ros/humble/lib/x86_64-linux-gnu:/opt/ros/humble/lib'), ('HOME', '/home/ibrahim'), ('OLDPWD', '/home/ibrahim/BinPicking/src'), ('TERM_PROGRAM_VERSION', '1.126.0'), ('VSCODE_IPC_HOOK_CLI', '/run/user/1000/vscode-ipc-526a32f8-c8d3-4116-acd1-62ce41b7aaf8.sock'), ('ROS_PYTHON_VERSION', '3'), ('VSCODE_GIT_ASKPASS_MAIN', '/home/ibrahim/.vscode-server/bin/7e7950df89d055b5a378379db9ee14290772148a/extensions/git/dist/askpass-main.js'), ('VSCODE_GIT_ASKPASS_NODE', '/home/ibrahim/.vscode-server/bin/7e7950df89d055b5a378379db9ee14290772148a/node'), ('PYDEVD_DISABLE_FILE_VALIDATION', '1'), ('BUNDLED_DEBUGPY_PATH', '/home/ibrahim/.vscode-server/extensions/ms-python.debugpy-2026.6.0-linux-x64/bundled/libs/debugpy'), ('VSCODE_PYTHON_AUTOACTIVATE_GUARD', '1'), ('DBUS_SESSION_BUS_ADDRESS', 'unix:path=/run/user/1000/bus'), ('COLORTERM', 'truecolor'), ('WSL_DISTRO_NAME', 'Ubuntu-22.04'), ('WAYLAND_DISPLAY', 'wayland-0'), ('COLCON_PREFIX_PATH', '/home/ibrahim/BinPicking/install:/home/ibrahim/MoveItArm/install:/home/ibrahim/RobotArmExpanded/install:/home/ibrahim/RobotArm/install:/home/ibrahim/TF2Sample/install:/home/ibrahim/RobotNav/install:/home/ibrahim/RobotMonitor/install:/home/ibrahim/ros2_ws/install'), ('ROS_DISTRO', 'humble'), ('LOGNAME', 'ibrahim'), ('NAME', 'Ibrahim-laptop'), ('WSL_INTEROP', '/run/WSL/411_interop'), ('PULSE_SERVER', 'unix:/mnt/wslg/PulseServer'), ('_', '/usr/bin/colcon'), ('ROS_VERSION', '2'), ('CLAUDE_CODE_SSE_PORT', '29659'), ('TERM', 'xterm-256color'), ('ROS_LOCALHOST_ONLY', '0'), ('PATH', '/home/ibrahim/.vscode-server/data/User/globalStorage/github.copilot-chat/debugCommand:/home/ibrahim/.vscode-server/data/User/globalStorage/github.copilot-chat/copilotCli:/home/ibrahim/.vscode-server/bin/7e7950df89d055b5a378379db9ee14290772148a/bin/remote-cli:/opt/ros/humble/bin:/usr/local/sbin:/usr/local/bin:/usr/sbin:/usr/bin:/sbin:/bin:/usr/games:/usr/local/games:/usr/lib/wsl/lib:/mnt/c/Windows/system32:/mnt/c/Windows:/mnt/c/Windows/System32/Wbem:/mnt/c/Windows/System32/WindowsPowerShell/v1.0/:/mnt/c/Windows/System32/OpenSSH/:/mnt/c/Program Files (x86)/NVIDIA Corporation/PhysX/Common:/mnt/c/Program Files/NVIDIA Corporation/NVIDIA App/NvDLISR:/mnt/c/Program Files/dotnet/:/mnt/c/Program Files/nodejs/:/mnt/c/Program Files/Git/cmd:/mnt/c/Program Files/PostgreSQL/18/bin:/mnt/c/Users/zanto/.local/bin:/mnt/c/Program Files/Docker/Docker/resources/bin:/mnt/c/Program Files/GitHub CLI/:/mnt/c/Users/zanto/AppData/Local/Programs/Python/Python312/Scripts/:/mnt/c/Users/zanto/AppData/Local/Programs/Python/Python312/:/mnt/c/Users/zanto/AppData/Local/Programs/Python/Python314/Scripts/:/mnt/c/Users/zanto/AppData/Local/Programs/Python/Python314/:/mnt/c/Users/zanto/AppData/Local/Microsoft/WindowsApps:/mnt/c/Users/zanto/AppData/Local/Programs/Microsoft VS Code/bin:/mnt/c/Users/zanto/AppData/Local/Programs/Ollama:/mnt/c/Users/zanto/AppData/Roaming/npm:/mnt/c/msys64/ucrt64/bin:/snap/bin:/home/ibrahim/.vscode-server/extensions/ms-python.debugpy-2026.6.0-linux-x64/bundled/scripts/noConfigScripts'), ('XDG_RUNTIME_DIR', '/run/user/1000/'), ('DISPLAY', ':0'), ('VSCODE_DEBUGPY_ADAPTER_ENDPOINTS', '/home/ibrahim/.vscode-server/extensions/ms-python.debugpy-2026.6.0-linux-x64/.noConfigDebugAdapterEndpoints/endpoint-b4e1a109d7f98f28.txt'), ('LANG', 'C.UTF-8'), ('PYTHONSTARTUP', '/home/ibrahim/.vscode-server/data/User/workspaceStorage/53d6af783f54596ecf064b03d33c69c7/ms-python.python/pythonrc.py'), ('RMW_IMPLEMENTATION', 'rmw_cyclonedds_cpp'), ('LS_COLORS', 'rs=0:di=01;34:ln=01;36:mh=00:pi=40;33:so=01;35:do=01;35:bd=40;33;01:cd=40;33;01:or=40;31;01:mi=00:su=37;41:sg=30;43:ca=30;41:tw=30;42:ow=34;42:st=37;44:ex=01;32:*.tar=01;31:*.tgz=01;31:*.arc=01;31:*.arj=01;31:*.taz=01;31:*.lha=01;31:*.lz4=01;31:*.lzh=01;31:*.lzma=01;31:*.tlz=01;31:*.txz=01;31:*.tzo=01;31:*.t7z=01;31:*.zip=01;31:*.z=01;31:*.dz=01;31:*.gz=01;31:*.lrz=01;31:*.lz=01;31:*.lzo=01;31:*.xz=01;31:*.zst=01;31:*.tzst=01;31:*.bz2=01;31:*.bz=01;31:*.tbz=01;31:*.tbz2=01;31:*.tz=01;31:*.deb=01;31:*.rpm=01;31:*.jar=01;31:*.war=01;31:*.ear=01;31:*.sar=01;31:*.rar=01;31:*.alz=01;31:*.ace=01;31:*.zoo=01;31:*.cpio=01;31:*.7z=01;31:*.rz=01;31:*.cab=01;31:*.wim=01;31:*.swm=01;31:*.dwm=01;31:*.esd=01;31:*.jpg=01;35:*.jpeg=01;35:*.mjpg=01;35:*.mjpeg=01;35:*.gif=01;35:*.bmp=01;35:*.pbm=01;35:*.pgm=01;35:*.ppm=01;35:*.tga=01;35:*.xbm=01;35:*.xpm=01;35:*.tif=01;35:*.tiff=01;35:*.png=01;35:*.svg=01;35:*.svgz=01;35:*.mng=01;35:*.pcx=01;35:*.mov=01;35:*.mpg=01;35:*.mpeg=01;35:*.m2v=01;35:*.mkv=01;35:*.webm=01;35:*.webp=01;35:*.ogm=01;35:*.mp4=01;35:*.m4v=01;35:*.mp4v=01;35:*.vob=01;35:*.qt=01;35:*.nuv=01;35:*.wmv=01;35:*.asf=01;35:*.rm=01;35:*.rmvb=01;35:*.flc=01;35:*.avi=01;35:*.fli=01;35:*.flv=01;35:*.gl=01;35:*.dl=01;35:*.xcf=01;35:*.xwd=01;35:*.yuv=01;35:*.cgm=01;35:*.emf=01;35:*.ogv=01;35:*.ogx=01;35:*.aac=00;36:*.au=00;36:*.flac=00;36:*.m4a=00;36:*.mid=00;36:*.midi=00;36:*.mka=00;36:*.mp3=00;36:*.mpc=00;36:*.ogg=00;36:*.ra=00;36:*.wav=00;36:*.oga=00;36:*.opus=00;36:*.spx=00;36:*.xspf=00;36:'), ('VSCODE_GIT_IPC_HANDLE', '/run/user/1000/vscode-git-6e1624529d.sock'), ('TERM_PROGRAM', 'vscode'), ('ROS_DOMAIN_ID', '10'), ('AMENT_PREFIX_PATH', '/home/ibrahim/BinPicking/install/ros2_linkattacher:/home/ibrahim/BinPicking/install/moveit_config:/home/ibrahim/BinPicking/install/linkattacher_msgs:/home/ibrahim/BinPicking/install/bin_nodes:/home/ibrahim/RobotArmExpanded/install/main_arm_package:/home/ibrahim/RobotArmExpanded/install/action_interfaces:/home/ibrahim/MoveItArm/install/moveit_config:/home/ibrahim/MoveItArm/install/moveit_arm_package:/home/ibrahim/RobotArm/install/main_arm_package:/home/ibrahim/RobotArm/install/action_interfaces:/home/ibrahim/TF2Sample/install/tf2sim:/home/ibrahim/RobotNav/install/main_robot_nodes:/home/ibrahim/RobotNav/install/action_interfaces:/home/ibrahim/RobotMonitor/install/Robot3Node_Package:/home/ibrahim/ros2_ws/install/my_first_package:/home/ibrahim/ros2_ws/install/action_interfaces:/opt/ros/humble'), ('SHELL', '/bin/bash'), ('LESSCLOSE', '/usr/bin/lesspipe %s %s'), ('VSCODE_GIT_ASKPASS_EXTRA_ARGS', ''), ('PWD', '/home/ibrahim/BinPicking/build/bin_nodes'), ('COPILOT_DEBUG_NONCE', 'd05f4ba8ec07642c4df8354ff840a334'), ('XDG_DATA_DIRS', '/usr/local/share:/usr/share:/var/lib/snapd/desktop'), ('PYTHONPATH', '/home/ibrahim/BinPicking/install/linkattacher_msgs/local/lib/python3.10/dist-packages:/home/ibrahim/RobotArmExpanded/install/action_interfaces/local/lib/python3.10/dist-packages:/home/ibrahim/RobotArm/install/action_interfaces/local/lib/python3.10/dist-packages:/home/ibrahim/RobotNav/install/action_interfaces/local/lib/python3.10/dist-packages:/home/ibrahim/ros2_ws/install/action_interfaces/local/lib/python3.10/dist-packages:/opt/ros/humble/lib/python3.10/site-packages:/opt/ros/humble/local/lib/python3.10/dist-packages'), ('COLCON', '1'), ('WSL2_GUI_APPS_ENABLED', '1'), ('HOSTTYPE', 'x86_64'), ('CMAKE_PREFIX_PATH', '/home/ibrahim/BinPicking/install/linkattacher_msgs:/home/ibrahim/BinPicking/install/ros2_linkattacher:/home/ibrahim/BinPicking/install/moveit_config:/home/ibrahim/BinPicking/install/bin_nodes:/home/ibrahim/RobotArmExpanded/install/main_arm_package:/home/ibrahim/RobotArmExpanded/install/action_interfaces:/home/ibrahim/MoveItArm/install/moveit_config:/home/ibrahim/MoveItArm/install/moveit_arm_package:/home/ibrahim/TF2Sample/install/tf2sim:/home/ibrahim/RobotNav/install/main_robot_nodes:/home/ibrahim/RobotNav/install/action_interfaces:/home/ibrahim/RobotMonitor/install/Robot3Node_Package:/home/ibrahim/ros2_ws/install/my_first_package:/home/ibrahim/ros2_ws/install/action_interfaces:/home/ibrahim/RobotArm/install/main_arm_package:/home/ibrahim/RobotArm/install/action_interfaces:/opt/ros/humble'), ('WSLENV', 'VSCODE_WSL_EXT_LOCATION/up')]), 'shell': False}
[11.441572] (bin_nodes) StdoutLine: {'line': b'-- Install configuration: ""\n'}
[11.442017] (bin_nodes) StdoutLine: {'line': b'-- Up-to-date: /home/ibrahim/BinPicking/install/bin_nodes/lib/bin_nodes/MoveArm\n'}
[11.442749] (bin_nodes) StdoutLine: {'line': b'-- Installing: /home/ibrahim/BinPicking/install/bin_nodes/lib/bin_nodes/pick_and_place_fixed\n'}
[11.450607] (bin_nodes) StdoutLine: {'line': b'-- Set runtime path of "/home/ibrahim/BinPicking/install/bin_nodes/lib/bin_nodes/pick_and_place_fixed" to ""\n'}
[11.450920] (bin_nodes) StdoutLine: {'line': b'-- Up-to-date: /home/ibrahim/BinPicking/install/bin_nodes/share/bin_nodes/launch\n'}
[11.451132] (bin_nodes) StdoutLine: {'line': b'-- Up-to-date: /home/ibrahim/BinPicking/install/bin_nodes/share/bin_nodes/launch/display.launch.py\n'}
[11.451331] (bin_nodes) StdoutLine: {'line': b'-- Up-to-date: /home/ibrahim/BinPicking/install/bin_nodes/share/bin_nodes/urdf\n'}
[11.451661] (bin_nodes) StdoutLine: {'line': b'-- Up-to-date: /home/ibrahim/BinPicking/install/bin_nodes/share/bin_nodes/urdf/robot.urdf\n'}
[11.451859] (bin_nodes) StdoutLine: {'line': b'-- Up-to-date: /home/ibrahim/BinPicking/install/bin_nodes/share/bin_nodes/rviz\n'}
[11.452010] (bin_nodes) StdoutLine: {'line': b'-- Up-to-date: /home/ibrahim/BinPicking/install/bin_nodes/share/bin_nodes/rviz/model.rviz\n'}
[11.452253] (bin_nodes) StdoutLine: {'line': b'-- Up-to-date: /home/ibrahim/BinPicking/install/bin_nodes/share/bin_nodes/worlds\n'}
[11.452472] (bin_nodes) StdoutLine: {'line': b'-- Up-to-date: /home/ibrahim/BinPicking/install/bin_nodes/share/bin_nodes/worlds/world.sdf\n'}
[11.452632] (bin_nodes) StdoutLine: {'line': b'-- Up-to-date: /home/ibrahim/BinPicking/install/bin_nodes/share/ament_index/resource_index/package_run_dependencies/bin_nodes\n'}
[11.452688] (bin_nodes) StdoutLine: {'line': b'-- Up-to-date: /home/ibrahim/BinPicking/install/bin_nodes/share/ament_index/resource_index/parent_prefix_path/bin_nodes\n'}
[11.452759] (bin_nodes) StdoutLine: {'line': b'-- Up-to-date: /home/ibrahim/BinPicking/install/bin_nodes/share/bin_nodes/environment/ament_prefix_path.sh\n'}
[11.452905] (bin_nodes) StdoutLine: {'line': b'-- Up-to-date: /home/ibrahim/BinPicking/install/bin_nodes/share/bin_nodes/environment/ament_prefix_path.dsv\n'}
[11.452955] (bin_nodes) StdoutLine: {'line': b'-- Up-to-date: /home/ibrahim/BinPicking/install/bin_nodes/share/bin_nodes/environment/path.sh\n'}
[11.452996] (bin_nodes) StdoutLine: {'line': b'-- Up-to-date: /home/ibrahim/BinPicking/install/bin_nodes/share/bin_nodes/environment/path.dsv\n'}
[11.453040] (bin_nodes) StdoutLine: {'line': b'-- Up-to-date: /home/ibrahim/BinPicking/install/bin_nodes/share/bin_nodes/local_setup.bash\n'}
[11.453079] (bin_nodes) StdoutLine: {'line': b'-- Up-to-date: /home/ibrahim/BinPicking/install/bin_nodes/share/bin_nodes/local_setup.sh\n'}
[11.453118] (bin_nodes) StdoutLine: {'line': b'-- Up-to-date: /home/ibrahim/BinPicking/install/bin_nodes/share/bin_nodes/local_setup.zsh\n'}
[11.453155] (bin_nodes) StdoutLine: {'line': b'-- Up-to-date: /home/ibrahim/BinPicking/install/bin_nodes/share/bin_nodes/local_setup.dsv\n'}
[11.453199] (bin_nodes) StdoutLine: {'line': b'-- Installing: /home/ibrahim/BinPicking/install/bin_nodes/share/bin_nodes/package.dsv\n'}
[11.453323] (bin_nodes) StdoutLine: {'line': b'-- Up-to-date: /home/ibrahim/BinPicking/install/bin_nodes/share/ament_index/resource_index/packages/bin_nodes\n'}
[11.453509] (bin_nodes) StdoutLine: {'line': b'-- Up-to-date: /home/ibrahim/BinPicking/install/bin_nodes/share/bin_nodes/cmake/bin_nodesConfig.cmake\n'}
[11.453860] (bin_nodes) StdoutLine: {'line': b'-- Up-to-date: /home/ibrahim/BinPicking/install/bin_nodes/share/bin_nodes/cmake/bin_nodesConfig-version.cmake\n'}
[11.454068] (bin_nodes) StdoutLine: {'line': b'-- Up-to-date: /home/ibrahim/BinPicking/install/bin_nodes/share/bin_nodes/package.xml\n'}
[11.456492] (bin_nodes) CommandEnded: {'returncode': 0}
[11.458898] (-) TimerEvent: {}
[11.473481] (bin_nodes) JobEnded: {'identifier': 'bin_nodes', 'rc': 0}
[11.475194] (moveit_config) JobStarted: {'identifier': 'moveit_config'}
[11.559073] (-) TimerEvent: {}
[11.638063] (moveit_config) JobProgress: {'identifier': 'moveit_config', 'progress': 'cmake'}
[11.638859] (moveit_config) JobProgress: {'identifier': 'moveit_config', 'progress': 'build'}
[11.640171] (moveit_config) Command: {'cmd': ['/usr/bin/cmake', '--build', '/home/ibrahim/BinPicking/build/moveit_config', '--', '-j16', '-l16'], 'cwd': '/home/ibrahim/BinPicking/build/moveit_config', 'env': OrderedDict([('PYTHON_BASIC_REPL', '1'), ('LESSOPEN', '| /usr/bin/lesspipe %s'), ('USER', 'ibrahim'), ('GIT_ASKPASS', '/home/ibrahim/.vscode-server/bin/7e7950df89d055b5a378379db9ee14290772148a/extensions/git/dist/askpass.sh'), ('SHLVL', '1'), ('LD_LIBRARY_PATH', '/home/ibrahim/BinPicking/install/linkattacher_msgs/lib:/home/ibrahim/BinPicking/install/ros2_linkattacher/lib:/home/ibrahim/RobotArmExpanded/install/action_interfaces/lib:/home/ibrahim/RobotArm/install/action_interfaces/lib:/home/ibrahim/RobotNav/install/action_interfaces/lib:/home/ibrahim/ros2_ws/install/action_interfaces/lib:/usr/lib/x86_64-linux-gnu/gazebo-11/plugins:/opt/ros/humble/opt/rviz_ogre_vendor/lib:/opt/ros/humble/lib/x86_64-linux-gnu:/opt/ros/humble/lib'), ('HOME', '/home/ibrahim'), ('OLDPWD', '/home/ibrahim/BinPicking/src'), ('TERM_PROGRAM_VERSION', '1.126.0'), ('VSCODE_IPC_HOOK_CLI', '/run/user/1000/vscode-ipc-526a32f8-c8d3-4116-acd1-62ce41b7aaf8.sock'), ('ROS_PYTHON_VERSION', '3'), ('VSCODE_GIT_ASKPASS_MAIN', '/home/ibrahim/.vscode-server/bin/7e7950df89d055b5a378379db9ee14290772148a/extensions/git/dist/askpass-main.js'), ('VSCODE_GIT_ASKPASS_NODE', '/home/ibrahim/.vscode-server/bin/7e7950df89d055b5a378379db9ee14290772148a/node'), ('PYDEVD_DISABLE_FILE_VALIDATION', '1'), ('BUNDLED_DEBUGPY_PATH', '/home/ibrahim/.vscode-server/extensions/ms-python.debugpy-2026.6.0-linux-x64/bundled/libs/debugpy'), ('VSCODE_PYTHON_AUTOACTIVATE_GUARD', '1'), ('DBUS_SESSION_BUS_ADDRESS', 'unix:path=/run/user/1000/bus'), ('COLORTERM', 'truecolor'), ('WSL_DISTRO_NAME', 'Ubuntu-22.04'), ('WAYLAND_DISPLAY', 'wayland-0'), ('COLCON_PREFIX_PATH', '/home/ibrahim/BinPicking/install:/home/ibrahim/MoveItArm/install:/home/ibrahim/RobotArmExpanded/install:/home/ibrahim/RobotArm/install:/home/ibrahim/TF2Sample/install:/home/ibrahim/RobotNav/install:/home/ibrahim/RobotMonitor/install:/home/ibrahim/ros2_ws/install'), ('ROS_DISTRO', 'humble'), ('LOGNAME', 'ibrahim'), ('NAME', 'Ibrahim-laptop'), ('WSL_INTEROP', '/run/WSL/411_interop'), ('PULSE_SERVER', 'unix:/mnt/wslg/PulseServer'), ('_', '/usr/bin/colcon'), ('ROS_VERSION', '2'), ('CLAUDE_CODE_SSE_PORT', '29659'), ('TERM', 'xterm-256color'), ('ROS_LOCALHOST_ONLY', '0'), ('PATH', '/home/ibrahim/.vscode-server/data/User/globalStorage/github.copilot-chat/debugCommand:/home/ibrahim/.vscode-server/data/User/globalStorage/github.copilot-chat/copilotCli:/home/ibrahim/.vscode-server/bin/7e7950df89d055b5a378379db9ee14290772148a/bin/remote-cli:/opt/ros/humble/bin:/usr/local/sbin:/usr/local/bin:/usr/sbin:/usr/bin:/sbin:/bin:/usr/games:/usr/local/games:/usr/lib/wsl/lib:/mnt/c/Windows/system32:/mnt/c/Windows:/mnt/c/Windows/System32/Wbem:/mnt/c/Windows/System32/WindowsPowerShell/v1.0/:/mnt/c/Windows/System32/OpenSSH/:/mnt/c/Program Files (x86)/NVIDIA Corporation/PhysX/Common:/mnt/c/Program Files/NVIDIA Corporation/NVIDIA App/NvDLISR:/mnt/c/Program Files/dotnet/:/mnt/c/Program Files/nodejs/:/mnt/c/Program Files/Git/cmd:/mnt/c/Program Files/PostgreSQL/18/bin:/mnt/c/Users/zanto/.local/bin:/mnt/c/Program Files/Docker/Docker/resources/bin:/mnt/c/Program Files/GitHub CLI/:/mnt/c/Users/zanto/AppData/Local/Programs/Python/Python312/Scripts/:/mnt/c/Users/zanto/AppData/Local/Programs/Python/Python312/:/mnt/c/Users/zanto/AppData/Local/Programs/Python/Python314/Scripts/:/mnt/c/Users/zanto/AppData/Local/Programs/Python/Python314/:/mnt/c/Users/zanto/AppData/Local/Microsoft/WindowsApps:/mnt/c/Users/zanto/AppData/Local/Programs/Microsoft VS Code/bin:/mnt/c/Users/zanto/AppData/Local/Programs/Ollama:/mnt/c/Users/zanto/AppData/Roaming/npm:/mnt/c/msys64/ucrt64/bin:/snap/bin:/home/ibrahim/.vscode-server/extensions/ms-python.debugpy-2026.6.0-linux-x64/bundled/scripts/noConfigScripts'), ('XDG_RUNTIME_DIR', '/run/user/1000/'), ('DISPLAY', ':0'), ('VSCODE_DEBUGPY_ADAPTER_ENDPOINTS', '/home/ibrahim/.vscode-server/extensions/ms-python.debugpy-2026.6.0-linux-x64/.noConfigDebugAdapterEndpoints/endpoint-b4e1a109d7f98f28.txt'), ('LANG', 'C.UTF-8'), ('PYTHONSTARTUP', '/home/ibrahim/.vscode-server/data/User/workspaceStorage/53d6af783f54596ecf064b03d33c69c7/ms-python.python/pythonrc.py'), ('RMW_IMPLEMENTATION', 'rmw_cyclonedds_cpp'), ('LS_COLORS', 'rs=0:di=01;34:ln=01;36:mh=00:pi=40;33:so=01;35:do=01;35:bd=40;33;01:cd=40;33;01:or=40;31;01:mi=00:su=37;41:sg=30;43:ca=30;41:tw=30;42:ow=34;42:st=37;44:ex=01;32:*.tar=01;31:*.tgz=01;31:*.arc=01;31:*.arj=01;31:*.taz=01;31:*.lha=01;31:*.lz4=01;31:*.lzh=01;31:*.lzma=01;31:*.tlz=01;31:*.txz=01;31:*.tzo=01;31:*.t7z=01;31:*.zip=01;31:*.z=01;31:*.dz=01;31:*.gz=01;31:*.lrz=01;31:*.lz=01;31:*.lzo=01;31:*.xz=01;31:*.zst=01;31:*.tzst=01;31:*.bz2=01;31:*.bz=01;31:*.tbz=01;31:*.tbz2=01;31:*.tz=01;31:*.deb=01;31:*.rpm=01;31:*.jar=01;31:*.war=01;31:*.ear=01;31:*.sar=01;31:*.rar=01;31:*.alz=01;31:*.ace=01;31:*.zoo=01;31:*.cpio=01;31:*.7z=01;31:*.rz=01;31:*.cab=01;31:*.wim=01;31:*.swm=01;31:*.dwm=01;31:*.esd=01;31:*.jpg=01;35:*.jpeg=01;35:*.mjpg=01;35:*.mjpeg=01;35:*.gif=01;35:*.bmp=01;35:*.pbm=01;35:*.pgm=01;35:*.ppm=01;35:*.tga=01;35:*.xbm=01;35:*.xpm=01;35:*.tif=01;35:*.tiff=01;35:*.png=01;35:*.svg=01;35:*.svgz=01;35:*.mng=01;35:*.pcx=01;35:*.mov=01;35:*.mpg=01;35:*.mpeg=01;35:*.m2v=01;35:*.mkv=01;35:*.webm=01;35:*.webp=01;35:*.ogm=01;35:*.mp4=01;35:*.m4v=01;35:*.mp4v=01;35:*.vob=01;35:*.qt=01;35:*.nuv=01;35:*.wmv=01;35:*.asf=01;35:*.rm=01;35:*.rmvb=01;35:*.flc=01;35:*.avi=01;35:*.fli=01;35:*.flv=01;35:*.gl=01;35:*.dl=01;35:*.xcf=01;35:*.xwd=01;35:*.yuv=01;35:*.cgm=01;35:*.emf=01;35:*.ogv=01;35:*.ogx=01;35:*.aac=00;36:*.au=00;36:*.flac=00;36:*.m4a=00;36:*.mid=00;36:*.midi=00;36:*.mka=00;36:*.mp3=00;36:*.mpc=00;36:*.ogg=00;36:*.ra=00;36:*.wav=00;36:*.oga=00;36:*.opus=00;36:*.spx=00;36:*.xspf=00;36:'), ('VSCODE_GIT_IPC_HANDLE', '/run/user/1000/vscode-git-6e1624529d.sock'), ('TERM_PROGRAM', 'vscode'), ('ROS_DOMAIN_ID', '10'), ('AMENT_PREFIX_PATH', '/home/ibrahim/BinPicking/install/ros2_linkattacher:/home/ibrahim/BinPicking/install/moveit_config:/home/ibrahim/BinPicking/install/linkattacher_msgs:/home/ibrahim/BinPicking/install/bin_nodes:/home/ibrahim/RobotArmExpanded/install/main_arm_package:/home/ibrahim/RobotArmExpanded/install/action_interfaces:/home/ibrahim/MoveItArm/install/moveit_config:/home/ibrahim/MoveItArm/install/moveit_arm_package:/home/ibrahim/RobotArm/install/main_arm_package:/home/ibrahim/RobotArm/install/action_interfaces:/home/ibrahim/TF2Sample/install/tf2sim:/home/ibrahim/RobotNav/install/main_robot_nodes:/home/ibrahim/RobotNav/install/action_interfaces:/home/ibrahim/RobotMonitor/install/Robot3Node_Package:/home/ibrahim/ros2_ws/install/my_first_package:/home/ibrahim/ros2_ws/install/action_interfaces:/opt/ros/humble'), ('SHELL', '/bin/bash'), ('LESSCLOSE', '/usr/bin/lesspipe %s %s'), ('VSCODE_GIT_ASKPASS_EXTRA_ARGS', ''), ('PWD', '/home/ibrahim/BinPicking/build/moveit_config'), ('COPILOT_DEBUG_NONCE', 'd05f4ba8ec07642c4df8354ff840a334'), ('XDG_DATA_DIRS', '/usr/local/share:/usr/share:/var/lib/snapd/desktop'), ('PYTHONPATH', '/home/ibrahim/BinPicking/install/linkattacher_msgs/local/lib/python3.10/dist-packages:/home/ibrahim/RobotArmExpanded/install/action_interfaces/local/lib/python3.10/dist-packages:/home/ibrahim/RobotArm/install/action_interfaces/local/lib/python3.10/dist-packages:/home/ibrahim/RobotNav/install/action_interfaces/local/lib/python3.10/dist-packages:/home/ibrahim/ros2_ws/install/action_interfaces/local/lib/python3.10/dist-packages:/opt/ros/humble/lib/python3.10/site-packages:/opt/ros/humble/local/lib/python3.10/dist-packages'), ('COLCON', '1'), ('WSL2_GUI_APPS_ENABLED', '1'), ('HOSTTYPE', 'x86_64'), ('CMAKE_PREFIX_PATH', '/home/ibrahim/BinPicking/install/bin_nodes:/home/ibrahim/BinPicking/install/linkattacher_msgs:/home/ibrahim/BinPicking/install/ros2_linkattacher:/home/ibrahim/BinPicking/install/moveit_config:/home/ibrahim/RobotArmExpanded/install/main_arm_package:/home/ibrahim/RobotArmExpanded/install/action_interfaces:/home/ibrahim/MoveItArm/install/moveit_config:/home/ibrahim/MoveItArm/install/moveit_arm_package:/home/ibrahim/TF2Sample/install/tf2sim:/home/ibrahim/RobotNav/install/main_robot_nodes:/home/ibrahim/RobotNav/install/action_interfaces:/home/ibrahim/RobotMonitor/install/Robot3Node_Package:/home/ibrahim/ros2_ws/install/my_first_package:/home/ibrahim/ros2_ws/install/action_interfaces:/home/ibrahim/RobotArm/install/main_arm_package:/home/ibrahim/RobotArm/install/action_interfaces:/opt/ros/humble'), ('WSLENV', 'VSCODE_WSL_EXT_LOCATION/up')]), 'shell': False}
[11.659250] (-) TimerEvent: {}
[11.691588] (moveit_config) CommandEnded: {'returncode': 0}
[11.692764] (moveit_config) JobProgress: {'identifier': 'moveit_config', 'progress': 'install'}
[11.693690] (moveit_config) Command: {'cmd': ['/usr/bin/cmake', '--install', '/home/ibrahim/BinPicking/build/moveit_config'], 'cwd': '/home/ibrahim/BinPicking/build/moveit_config', 'env': OrderedDict([('PYTHON_BASIC_REPL', '1'), ('LESSOPEN', '| /usr/bin/lesspipe %s'), ('USER', 'ibrahim'), ('GIT_ASKPASS', '/home/ibrahim/.vscode-server/bin/7e7950df89d055b5a378379db9ee14290772148a/extensions/git/dist/askpass.sh'), ('SHLVL', '1'), ('LD_LIBRARY_PATH', '/home/ibrahim/BinPicking/install/linkattacher_msgs/lib:/home/ibrahim/BinPicking/install/ros2_linkattacher/lib:/home/ibrahim/RobotArmExpanded/install/action_interfaces/lib:/home/ibrahim/RobotArm/install/action_interfaces/lib:/home/ibrahim/RobotNav/install/action_interfaces/lib:/home/ibrahim/ros2_ws/install/action_interfaces/lib:/usr/lib/x86_64-linux-gnu/gazebo-11/plugins:/opt/ros/humble/opt/rviz_ogre_vendor/lib:/opt/ros/humble/lib/x86_64-linux-gnu:/opt/ros/humble/lib'), ('HOME', '/home/ibrahim'), ('OLDPWD', '/home/ibrahim/BinPicking/src'), ('TERM_PROGRAM_VERSION', '1.126.0'), ('VSCODE_IPC_HOOK_CLI', '/run/user/1000/vscode-ipc-526a32f8-c8d3-4116-acd1-62ce41b7aaf8.sock'), ('ROS_PYTHON_VERSION', '3'), ('VSCODE_GIT_ASKPASS_MAIN', '/home/ibrahim/.vscode-server/bin/7e7950df89d055b5a378379db9ee14290772148a/extensions/git/dist/askpass-main.js'), ('VSCODE_GIT_ASKPASS_NODE', '/home/ibrahim/.vscode-server/bin/7e7950df89d055b5a378379db9ee14290772148a/node'), ('PYDEVD_DISABLE_FILE_VALIDATION', '1'), ('BUNDLED_DEBUGPY_PATH', '/home/ibrahim/.vscode-server/extensions/ms-python.debugpy-2026.6.0-linux-x64/bundled/libs/debugpy'), ('VSCODE_PYTHON_AUTOACTIVATE_GUARD', '1'), ('DBUS_SESSION_BUS_ADDRESS', 'unix:path=/run/user/1000/bus'), ('COLORTERM', 'truecolor'), ('WSL_DISTRO_NAME', 'Ubuntu-22.04'), ('WAYLAND_DISPLAY', 'wayland-0'), ('COLCON_PREFIX_PATH', '/home/ibrahim/BinPicking/install:/home/ibrahim/MoveItArm/install:/home/ibrahim/RobotArmExpanded/install:/home/ibrahim/RobotArm/install:/home/ibrahim/TF2Sample/install:/home/ibrahim/RobotNav/install:/home/ibrahim/RobotMonitor/install:/home/ibrahim/ros2_ws/install'), ('ROS_DISTRO', 'humble'), ('LOGNAME', 'ibrahim'), ('NAME', 'Ibrahim-laptop'), ('WSL_INTEROP', '/run/WSL/411_interop'), ('PULSE_SERVER', 'unix:/mnt/wslg/PulseServer'), ('_', '/usr/bin/colcon'), ('ROS_VERSION', '2'), ('CLAUDE_CODE_SSE_PORT', '29659'), ('TERM', 'xterm-256color'), ('ROS_LOCALHOST_ONLY', '0'), ('PATH', '/home/ibrahim/.vscode-server/data/User/globalStorage/github.copilot-chat/debugCommand:/home/ibrahim/.vscode-server/data/User/globalStorage/github.copilot-chat/copilotCli:/home/ibrahim/.vscode-server/bin/7e7950df89d055b5a378379db9ee14290772148a/bin/remote-cli:/opt/ros/humble/bin:/usr/local/sbin:/usr/local/bin:/usr/sbin:/usr/bin:/sbin:/bin:/usr/games:/usr/local/games:/usr/lib/wsl/lib:/mnt/c/Windows/system32:/mnt/c/Windows:/mnt/c/Windows/System32/Wbem:/mnt/c/Windows/System32/WindowsPowerShell/v1.0/:/mnt/c/Windows/System32/OpenSSH/:/mnt/c/Program Files (x86)/NVIDIA Corporation/PhysX/Common:/mnt/c/Program Files/NVIDIA Corporation/NVIDIA App/NvDLISR:/mnt/c/Program Files/dotnet/:/mnt/c/Program Files/nodejs/:/mnt/c/Program Files/Git/cmd:/mnt/c/Program Files/PostgreSQL/18/bin:/mnt/c/Users/zanto/.local/bin:/mnt/c/Program Files/Docker/Docker/resources/bin:/mnt/c/Program Files/GitHub CLI/:/mnt/c/Users/zanto/AppData/Local/Programs/Python/Python312/Scripts/:/mnt/c/Users/zanto/AppData/Local/Programs/Python/Python312/:/mnt/c/Users/zanto/AppData/Local/Programs/Python/Python314/Scripts/:/mnt/c/Users/zanto/AppData/Local/Programs/Python/Python314/:/mnt/c/Users/zanto/AppData/Local/Microsoft/WindowsApps:/mnt/c/Users/zanto/AppData/Local/Programs/Microsoft VS Code/bin:/mnt/c/Users/zanto/AppData/Local/Programs/Ollama:/mnt/c/Users/zanto/AppData/Roaming/npm:/mnt/c/msys64/ucrt64/bin:/snap/bin:/home/ibrahim/.vscode-server/extensions/ms-python.debugpy-2026.6.0-linux-x64/bundled/scripts/noConfigScripts'), ('XDG_RUNTIME_DIR', '/run/user/1000/'), ('DISPLAY', ':0'), ('VSCODE_DEBUGPY_ADAPTER_ENDPOINTS', '/home/ibrahim/.vscode-server/extensions/ms-python.debugpy-2026.6.0-linux-x64/.noConfigDebugAdapterEndpoints/endpoint-b4e1a109d7f98f28.txt'), ('LANG', 'C.UTF-8'), ('PYTHONSTARTUP', '/home/ibrahim/.vscode-server/data/User/workspaceStorage/53d6af783f54596ecf064b03d33c69c7/ms-python.python/pythonrc.py'), ('RMW_IMPLEMENTATION', 'rmw_cyclonedds_cpp'), ('LS_COLORS', 'rs=0:di=01;34:ln=01;36:mh=00:pi=40;33:so=01;35:do=01;35:bd=40;33;01:cd=40;33;01:or=40;31;01:mi=00:su=37;41:sg=30;43:ca=30;41:tw=30;42:ow=34;42:st=37;44:ex=01;32:*.tar=01;31:*.tgz=01;31:*.arc=01;31:*.arj=01;31:*.taz=01;31:*.lha=01;31:*.lz4=01;31:*.lzh=01;31:*.lzma=01;31:*.tlz=01;31:*.txz=01;31:*.tzo=01;31:*.t7z=01;31:*.zip=01;31:*.z=01;31:*.dz=01;31:*.gz=01;31:*.lrz=01;31:*.lz=01;31:*.lzo=01;31:*.xz=01;31:*.zst=01;31:*.tzst=01;31:*.bz2=01;31:*.bz=01;31:*.tbz=01;31:*.tbz2=01;31:*.tz=01;31:*.deb=01;31:*.rpm=01;31:*.jar=01;31:*.war=01;31:*.ear=01;31:*.sar=01;31:*.rar=01;31:*.alz=01;31:*.ace=01;31:*.zoo=01;31:*.cpio=01;31:*.7z=01;31:*.rz=01;31:*.cab=01;31:*.wim=01;31:*.swm=01;31:*.dwm=01;31:*.esd=01;31:*.jpg=01;35:*.jpeg=01;35:*.mjpg=01;35:*.mjpeg=01;35:*.gif=01;35:*.bmp=01;35:*.pbm=01;35:*.pgm=01;35:*.ppm=01;35:*.tga=01;35:*.xbm=01;35:*.xpm=01;35:*.tif=01;35:*.tiff=01;35:*.png=01;35:*.svg=01;35:*.svgz=01;35:*.mng=01;35:*.pcx=01;35:*.mov=01;35:*.mpg=01;35:*.mpeg=01;35:*.m2v=01;35:*.mkv=01;35:*.webm=01;35:*.webp=01;35:*.ogm=01;35:*.mp4=01;35:*.m4v=01;35:*.mp4v=01;35:*.vob=01;35:*.qt=01;35:*.nuv=01;35:*.wmv=01;35:*.asf=01;35:*.rm=01;35:*.rmvb=01;35:*.flc=01;35:*.avi=01;35:*.fli=01;35:*.flv=01;35:*.gl=01;35:*.dl=01;35:*.xcf=01;35:*.xwd=01;35:*.yuv=01;35:*.cgm=01;35:*.emf=01;35:*.ogv=01;35:*.ogx=01;35:*.aac=00;36:*.au=00;36:*.flac=00;36:*.m4a=00;36:*.mid=00;36:*.midi=00;36:*.mka=00;36:*.mp3=00;36:*.mpc=00;36:*.ogg=00;36:*.ra=00;36:*.wav=00;36:*.oga=00;36:*.opus=00;36:*.spx=00;36:*.xspf=00;36:'), ('VSCODE_GIT_IPC_HANDLE', '/run/user/1000/vscode-git-6e1624529d.sock'), ('TERM_PROGRAM', 'vscode'), ('ROS_DOMAIN_ID', '10'), ('AMENT_PREFIX_PATH', '/home/ibrahim/BinPicking/install/ros2_linkattacher:/home/ibrahim/BinPicking/install/moveit_config:/home/ibrahim/BinPicking/install/linkattacher_msgs:/home/ibrahim/BinPicking/install/bin_nodes:/home/ibrahim/RobotArmExpanded/install/main_arm_package:/home/ibrahim/RobotArmExpanded/install/action_interfaces:/home/ibrahim/MoveItArm/install/moveit_config:/home/ibrahim/MoveItArm/install/moveit_arm_package:/home/ibrahim/RobotArm/install/main_arm_package:/home/ibrahim/RobotArm/install/action_interfaces:/home/ibrahim/TF2Sample/install/tf2sim:/home/ibrahim/RobotNav/install/main_robot_nodes:/home/ibrahim/RobotNav/install/action_interfaces:/home/ibrahim/RobotMonitor/install/Robot3Node_Package:/home/ibrahim/ros2_ws/install/my_first_package:/home/ibrahim/ros2_ws/install/action_interfaces:/opt/ros/humble'), ('SHELL', '/bin/bash'), ('LESSCLOSE', '/usr/bin/lesspipe %s %s'), ('VSCODE_GIT_ASKPASS_EXTRA_ARGS', ''), ('PWD', '/home/ibrahim/BinPicking/build/moveit_config'), ('COPILOT_DEBUG_NONCE', 'd05f4ba8ec07642c4df8354ff840a334'), ('XDG_DATA_DIRS', '/usr/local/share:/usr/share:/var/lib/snapd/desktop'), ('PYTHONPATH', '/home/ibrahim/BinPicking/install/linkattacher_msgs/local/lib/python3.10/dist-packages:/home/ibrahim/RobotArmExpanded/install/action_interfaces/local/lib/python3.10/dist-packages:/home/ibrahim/RobotArm/install/action_interfaces/local/lib/python3.10/dist-packages:/home/ibrahim/RobotNav/install/action_interfaces/local/lib/python3.10/dist-packages:/home/ibrahim/ros2_ws/install/action_interfaces/local/lib/python3.10/dist-packages:/opt/ros/humble/lib/python3.10/site-packages:/opt/ros/humble/local/lib/python3.10/dist-packages'), ('COLCON', '1'), ('WSL2_GUI_APPS_ENABLED', '1'), ('HOSTTYPE', 'x86_64'), ('CMAKE_PREFIX_PATH', '/home/ibrahim/BinPicking/install/bin_nodes:/home/ibrahim/BinPicking/install/linkattacher_msgs:/home/ibrahim/BinPicking/install/ros2_linkattacher:/home/ibrahim/BinPicking/install/moveit_config:/home/ibrahim/RobotArmExpanded/install/main_arm_package:/home/ibrahim/RobotArmExpanded/install/action_interfaces:/home/ibrahim/MoveItArm/install/moveit_config:/home/ibrahim/MoveItArm/install/moveit_arm_package:/home/ibrahim/TF2Sample/install/tf2sim:/home/ibrahim/RobotNav/install/main_robot_nodes:/home/ibrahim/RobotNav/install/action_interfaces:/home/ibrahim/RobotMonitor/install/Robot3Node_Package:/home/ibrahim/ros2_ws/install/my_first_package:/home/ibrahim/ros2_ws/install/action_interfaces:/home/ibrahim/RobotArm/install/main_arm_package:/home/ibrahim/RobotArm/install/action_interfaces:/opt/ros/humble'), ('WSLENV', 'VSCODE_WSL_EXT_LOCATION/up')]), 'shell': False}
[11.704318] (moveit_config) StdoutLine: {'line': b'-- Install configuration: ""\n'}
[11.704864] (moveit_config) StdoutLine: {'line': b'-- Up-to-date: /home/ibrahim/BinPicking/install/moveit_config/share/ament_index/resource_index/package_run_dependencies/moveit_config\n'}
[11.705220] (moveit_config) StdoutLine: {'line': b'-- Up-to-date: /home/ibrahim/BinPicking/install/moveit_config/share/ament_index/resource_index/parent_prefix_path/moveit_config\n'}
[11.705429] (moveit_config) StdoutLine: {'line': b'-- Up-to-date: /home/ibrahim/BinPicking/install/moveit_config/share/moveit_config/environment/ament_prefix_path.sh\n'}
[11.705484] (moveit_config) StdoutLine: {'line': b'-- Up-to-date: /home/ibrahim/BinPicking/install/moveit_config/share/moveit_config/environment/ament_prefix_path.dsv\n'}
[11.705669] (moveit_config) StdoutLine: {'line': b'-- Up-to-date: /home/ibrahim/BinPicking/install/moveit_config/share/moveit_config/environment/path.sh\n'}
[11.705877] (moveit_config) StdoutLine: {'line': b'-- Up-to-date: /home/ibrahim/BinPicking/install/moveit_config/share/moveit_config/environment/path.dsv\n'}
[11.706090] (moveit_config) StdoutLine: {'line': b'-- Up-to-date: /home/ibrahim/BinPicking/install/moveit_config/share/moveit_config/local_setup.bash\n'}
[11.706156] (moveit_config) StdoutLine: {'line': b'-- Up-to-date: /home/ibrahim/BinPicking/install/moveit_config/share/moveit_config/local_setup.sh\n'}
[11.706213] (moveit_config) StdoutLine: {'line': b'-- Up-to-date: /home/ibrahim/BinPicking/install/moveit_config/share/moveit_config/local_setup.zsh\n'}
[11.706265] (moveit_config) StdoutLine: {'line': b'-- Up-to-date: /home/ibrahim/BinPicking/install/moveit_config/share/moveit_config/local_setup.dsv\n'}
[11.706316] (moveit_config) StdoutLine: {'line': b'-- Installing: /home/ibrahim/BinPicking/install/moveit_config/share/moveit_config/package.dsv\n'}
[11.706482] (moveit_config) StdoutLine: {'line': b'-- Up-to-date: /home/ibrahim/BinPicking/install/moveit_config/share/ament_index/resource_index/packages/moveit_config\n'}
[11.706791] (moveit_config) StdoutLine: {'line': b'-- Up-to-date: /home/ibrahim/BinPicking/install/moveit_config/share/moveit_config/cmake/moveit_configConfig.cmake\n'}
[11.706945] (moveit_config) StdoutLine: {'line': b'-- Up-to-date: /home/ibrahim/BinPicking/install/moveit_config/share/moveit_config/cmake/moveit_configConfig-version.cmake\n'}
[11.707083] (moveit_config) StdoutLine: {'line': b'-- Up-to-date: /home/ibrahim/BinPicking/install/moveit_config/share/moveit_config/package.xml\n'}
[11.707373] (moveit_config) StdoutLine: {'line': b'-- Up-to-date: /home/ibrahim/BinPicking/install/moveit_config/share/moveit_config/launch\n'}
[11.707517] (moveit_config) StdoutLine: {'line': b'-- Up-to-date: /home/ibrahim/BinPicking/install/moveit_config/share/moveit_config/launch/move_group.launch.py\n'}
[11.707613] (moveit_config) StdoutLine: {'line': b'-- Up-to-date: /home/ibrahim/BinPicking/install/moveit_config/share/moveit_config/launch/static_virtual_joint_tfs.launch.py\n'}
[11.707798] (moveit_config) StdoutLine: {'line': b'-- Up-to-date: /home/ibrahim/BinPicking/install/moveit_config/share/moveit_config/launch/spawn_controllers.launch.py\n'}
[11.707982] (moveit_config) StdoutLine: {'line': b'-- Up-to-date: /home/ibrahim/BinPicking/install/moveit_config/share/moveit_config/launch/__pycache__\n'}
[11.708176] (moveit_config) StdoutLine: {'line': b'-- Up-to-date: /home/ibrahim/BinPicking/install/moveit_config/share/moveit_config/launch/__pycache__/pick_and_place.launch.cpython-310.pyc\n'}
[11.708494] (moveit_config) StdoutLine: {'line': b'-- Up-to-date: /home/ibrahim/BinPicking/install/moveit_config/share/moveit_config/launch/__pycache__/gazebo.launch.cpython-310.pyc\n'}
[11.708690] (moveit_config) StdoutLine: {'line': b'-- Up-to-date: /home/ibrahim/BinPicking/install/moveit_config/share/moveit_config/launch/gazebo.launch.py\n'}
[11.708991] (moveit_config) StdoutLine: {'line': b'-- Up-to-date: /home/ibrahim/BinPicking/install/moveit_config/share/moveit_config/launch/rsp.launch.py\n'}
[11.709227] (moveit_config) StdoutLine: {'line': b'-- Up-to-date: /home/ibrahim/BinPicking/install/moveit_config/share/moveit_config/launch/moveit_rviz.launch.py\n'}
[11.709392] (moveit_config) StdoutLine: {'line': b'-- Up-to-date: /home/ibrahim/BinPicking/install/moveit_config/share/moveit_config/launch/warehouse_db.launch.py\n'}
[11.709677] (moveit_config) StdoutLine: {'line': b'-- Up-to-date: /home/ibrahim/BinPicking/install/moveit_config/share/moveit_config/launch/pick_and_place.launch.py\n'}
[11.709737] (moveit_config) StdoutLine: {'line': b'-- Up-to-date: /home/ibrahim/BinPicking/install/moveit_config/share/moveit_config/launch/demo.launch.py\n'}
[11.709789] (moveit_config) StdoutLine: {'line': b'-- Up-to-date: /home/ibrahim/BinPicking/install/moveit_config/share/moveit_config/launch/setup_assistant.launch.py\n'}
[11.709840] (moveit_config) StdoutLine: {'line': b'-- Up-to-date: /home/ibrahim/BinPicking/install/moveit_config/share/moveit_config/config\n'}
[11.709885] (moveit_config) StdoutLine: {'line': b'-- Up-to-date: /home/ibrahim/BinPicking/install/moveit_config/share/moveit_config/config/initial_positions.yaml\n'}
[11.709933] (moveit_config) StdoutLine: {'line': b'-- Up-to-date: /home/ibrahim/BinPicking/install/moveit_config/share/moveit_config/config/robot_arm.ros2_control.xacro\n'}
[11.710014] (moveit_config) StdoutLine: {'line': b'-- Up-to-date: /home/ibrahim/BinPicking/install/moveit_config/share/moveit_config/config/kinematics.yaml\n'}
[11.710062] (moveit_config) StdoutLine: {'line': b'-- Up-to-date: /home/ibrahim/BinPicking/install/moveit_config/share/moveit_config/config/robot_arm.urdf.xacro\n'}
[11.710101] (moveit_config) StdoutLine: {'line': b'-- Up-to-date: /home/ibrahim/BinPicking/install/moveit_config/share/moveit_config/config/sensors_3d.yaml\n'}
[11.710138] (moveit_config) StdoutLine: {'line': b'-- Up-to-date: /home/ibrahim/BinPicking/install/moveit_config/share/moveit_config/config/moveit_controllers.yaml\n'}
[11.710177] (moveit_config) StdoutLine: {'line': b'-- Up-to-date: /home/ibrahim/BinPicking/install/moveit_config/share/moveit_config/config/moveit.rviz\n'}
[11.710210] (moveit_config) StdoutLine: {'line': b'-- Up-to-date: /home/ibrahim/BinPicking/install/moveit_config/share/moveit_config/config/pilz_cartesian_limits.yaml\n'}
[11.710252] (moveit_config) StdoutLine: {'line': b'-- Up-to-date: /home/ibrahim/BinPicking/install/moveit_config/share/moveit_config/config/joint_limits.yaml\n'}
[11.710288] (moveit_config) StdoutLine: {'line': b'-- Up-to-date: /home/ibrahim/BinPicking/install/moveit_config/share/moveit_config/config/ros2_controllers.yaml\n'}
[11.710321] (moveit_config) StdoutLine: {'line': b'-- Up-to-date: /home/ibrahim/BinPicking/install/moveit_config/share/moveit_config/config/robot_arm.srdf\n'}
[11.710354] (moveit_config) StdoutLine: {'line': b'-- Up-to-date: /home/ibrahim/BinPicking/install/moveit_config/share/moveit_config/.setup_assistant\n'}
[11.712315] (moveit_config) CommandEnded: {'returncode': 0}
[11.725436] (moveit_config) JobEnded: {'identifier': 'moveit_config', 'rc': 0}
[11.727059] (-) EventReactorShutdown: {}
