[0.000000] (-) TimerEvent: {}
[0.000599] (linkattacher_msgs) JobQueued: {'identifier': 'linkattacher_msgs', 'dependencies': OrderedDict()}
[0.000649] (bin_nodes) JobQueued: {'identifier': 'bin_nodes', 'dependencies': OrderedDict([('linkattacher_msgs', '/home/ibrahim/BinPicking/install/linkattacher_msgs')])}
[0.000694] (ros2_linkattacher) JobQueued: {'identifier': 'ros2_linkattacher', 'dependencies': OrderedDict([('linkattacher_msgs', '/home/ibrahim/BinPicking/install/linkattacher_msgs')])}
[0.000730] (moveit_config) JobQueued: {'identifier': 'moveit_config', 'dependencies': OrderedDict([('linkattacher_msgs', '/home/ibrahim/BinPicking/install/linkattacher_msgs'), ('bin_nodes', '/home/ibrahim/BinPicking/install/bin_nodes')])}
[0.000959] (linkattacher_msgs) JobStarted: {'identifier': 'linkattacher_msgs'}
[0.016146] (linkattacher_msgs) JobProgress: {'identifier': 'linkattacher_msgs', 'progress': 'cmake'}
[0.017042] (linkattacher_msgs) JobProgress: {'identifier': 'linkattacher_msgs', 'progress': 'build'}
[0.017755] (linkattacher_msgs) Command: {'cmd': ['/usr/bin/cmake', '--build', '/home/ibrahim/BinPicking/build/linkattacher_msgs', '--', '-j16', '-l16'], 'cwd': '/home/ibrahim/BinPicking/build/linkattacher_msgs', 'env': OrderedDict([('PYTHON_BASIC_REPL', '1'), ('LESSOPEN', '| /usr/bin/lesspipe %s'), ('USER', 'ibrahim'), ('GIT_ASKPASS', '/home/ibrahim/.vscode-server/bin/4fe60c8b1cdac1c4c174f2fb180d0d758272d713/extensions/git/dist/askpass.sh'), ('SHLVL', '1'), ('LD_LIBRARY_PATH', '/home/ibrahim/BinPicking/install/ros2_linkattacher/lib:/home/ibrahim/BinPicking/install/linkattacher_msgs/lib:/home/ibrahim/RobotArmExpanded/install/action_interfaces/lib:/home/ibrahim/RobotArm/install/action_interfaces/lib:/home/ibrahim/RobotNav/install/action_interfaces/lib:/home/ibrahim/ros2_ws/install/action_interfaces/lib:/usr/lib/x86_64-linux-gnu/gazebo-11/plugins:/opt/ros/humble/opt/rviz_ogre_vendor/lib:/opt/ros/humble/lib/x86_64-linux-gnu:/opt/ros/humble/lib'), ('MOTD_SHOWN', 'update-motd'), ('HOME', '/home/ibrahim'), ('TERM_PROGRAM_VERSION', '1.127.0'), ('VSCODE_IPC_HOOK_CLI', '/run/user/1000/vscode-ipc-433db324-c766-4139-b309-e1f0f29bbdbd.sock'), ('ROS_PYTHON_VERSION', '3'), ('VSCODE_GIT_ASKPASS_MAIN', '/home/ibrahim/.vscode-server/bin/4fe60c8b1cdac1c4c174f2fb180d0d758272d713/extensions/git/dist/askpass-main.js'), ('VSCODE_GIT_ASKPASS_NODE', '/home/ibrahim/.vscode-server/bin/4fe60c8b1cdac1c4c174f2fb180d0d758272d713/node'), ('PYDEVD_DISABLE_FILE_VALIDATION', '1'), ('BUNDLED_DEBUGPY_PATH', '/home/ibrahim/.vscode-server/extensions/ms-python.debugpy-2026.6.0-linux-x64/bundled/libs/debugpy'), ('VSCODE_PYTHON_AUTOACTIVATE_GUARD', '1'), ('DBUS_SESSION_BUS_ADDRESS', 'unix:path=/run/user/1000/bus'), ('COLORTERM', 'truecolor'), ('WSL_DISTRO_NAME', 'Ubuntu-22.04'), ('WAYLAND_DISPLAY', 'wayland-0'), ('COLCON_PREFIX_PATH', '/home/ibrahim/BinPicking/install:/home/ibrahim/MoveItArm/install:/home/ibrahim/RobotArmExpanded/install:/home/ibrahim/RobotArm/install:/home/ibrahim/TF2Sample/install:/home/ibrahim/RobotNav/install:/home/ibrahim/RobotMonitor/install:/home/ibrahim/ros2_ws/install'), ('ROS_DISTRO', 'humble'), ('LOGNAME', 'ibrahim'), ('NAME', 'Ibrahim-laptop'), ('WSL_INTEROP', '/run/WSL/430_interop'), ('PULSE_SERVER', 'unix:/mnt/wslg/PulseServer'), ('_', '/usr/bin/colcon'), ('ROS_VERSION', '2'), ('CLAUDE_CODE_SSE_PORT', '42286'), ('TERM', 'xterm-256color'), ('ROS_LOCALHOST_ONLY', '0'), ('PATH', '/home/ibrahim/.vscode-server/data/User/globalStorage/github.copilot-chat/debugCommand:/home/ibrahim/.vscode-server/data/User/globalStorage/github.copilot-chat/copilotCli:/home/ibrahim/.vscode-server/bin/4fe60c8b1cdac1c4c174f2fb180d0d758272d713/bin/remote-cli:/opt/ros/humble/bin:/usr/local/sbin:/usr/local/bin:/usr/sbin:/usr/bin:/sbin:/bin:/usr/games:/usr/local/games:/usr/lib/wsl/lib:/mnt/c/Windows/system32:/mnt/c/Windows:/mnt/c/Windows/System32/Wbem:/mnt/c/Windows/System32/WindowsPowerShell/v1.0/:/mnt/c/Windows/System32/OpenSSH/:/mnt/c/Program Files (x86)/NVIDIA Corporation/PhysX/Common:/mnt/c/Program Files/NVIDIA Corporation/NVIDIA App/NvDLISR:/mnt/c/Program Files/dotnet/:/mnt/c/Program Files/nodejs/:/mnt/c/Program Files/Git/cmd:/mnt/c/Program Files/PostgreSQL/18/bin:/mnt/c/Windows/system32/config/systemprofile/.local/bin:/mnt/c/Program Files/Docker/Docker/resources/bin:/mnt/c/Program Files/GitHub CLI/:/mnt/c/Users/zanto/AppData/Local/Programs/Python/Python312/Scripts/:/mnt/c/Users/zanto/AppData/Local/Programs/Python/Python312/:/mnt/c/Users/zanto/AppData/Local/Programs/Python/Python314/Scripts/:/mnt/c/Users/zanto/AppData/Local/Programs/Python/Python314/:/mnt/c/Users/zanto/AppData/Local/Microsoft/WindowsApps:/mnt/c/Users/zanto/AppData/Local/Programs/Microsoft VS Code/bin:/mnt/c/Users/zanto/AppData/Local/Programs/Ollama:/mnt/c/Users/zanto/AppData/Roaming/npm:/mnt/c/msys64/ucrt64/bin:/snap/bin:/home/ibrahim/.vscode-server/extensions/ms-python.debugpy-2026.6.0-linux-x64/bundled/scripts/noConfigScripts'), ('XDG_RUNTIME_DIR', '/run/user/1000/'), ('DISPLAY', ':0'), ('VSCODE_DEBUGPY_ADAPTER_ENDPOINTS', '/home/ibrahim/.vscode-server/extensions/ms-python.debugpy-2026.6.0-linux-x64/.noConfigDebugAdapterEndpoints/endpoint-c570530454d2fac3.txt'), ('LANG', 'C.UTF-8'), ('PYTHONSTARTUP', '/home/ibrahim/.vscode-server/data/User/workspaceStorage/53d6af783f54596ecf064b03d33c69c7/ms-python.python/pythonrc.py'), ('RMW_IMPLEMENTATION', 'rmw_cyclonedds_cpp'), ('LS_COLORS', 'rs=0:di=01;34:ln=01;36:mh=00:pi=40;33:so=01;35:do=01;35:bd=40;33;01:cd=40;33;01:or=40;31;01:mi=00:su=37;41:sg=30;43:ca=30;41:tw=30;42:ow=34;42:st=37;44:ex=01;32:*.tar=01;31:*.tgz=01;31:*.arc=01;31:*.arj=01;31:*.taz=01;31:*.lha=01;31:*.lz4=01;31:*.lzh=01;31:*.lzma=01;31:*.tlz=01;31:*.txz=01;31:*.tzo=01;31:*.t7z=01;31:*.zip=01;31:*.z=01;31:*.dz=01;31:*.gz=01;31:*.lrz=01;31:*.lz=01;31:*.lzo=01;31:*.xz=01;31:*.zst=01;31:*.tzst=01;31:*.bz2=01;31:*.bz=01;31:*.tbz=01;31:*.tbz2=01;31:*.tz=01;31:*.deb=01;31:*.rpm=01;31:*.jar=01;31:*.war=01;31:*.ear=01;31:*.sar=01;31:*.rar=01;31:*.alz=01;31:*.ace=01;31:*.zoo=01;31:*.cpio=01;31:*.7z=01;31:*.rz=01;31:*.cab=01;31:*.wim=01;31:*.swm=01;31:*.dwm=01;31:*.esd=01;31:*.jpg=01;35:*.jpeg=01;35:*.mjpg=01;35:*.mjpeg=01;35:*.gif=01;35:*.bmp=01;35:*.pbm=01;35:*.pgm=01;35:*.ppm=01;35:*.tga=01;35:*.xbm=01;35:*.xpm=01;35:*.tif=01;35:*.tiff=01;35:*.png=01;35:*.svg=01;35:*.svgz=01;35:*.mng=01;35:*.pcx=01;35:*.mov=01;35:*.mpg=01;35:*.mpeg=01;35:*.m2v=01;35:*.mkv=01;35:*.webm=01;35:*.webp=01;35:*.ogm=01;35:*.mp4=01;35:*.m4v=01;35:*.mp4v=01;35:*.vob=01;35:*.qt=01;35:*.nuv=01;35:*.wmv=01;35:*.asf=01;35:*.rm=01;35:*.rmvb=01;35:*.flc=01;35:*.avi=01;35:*.fli=01;35:*.flv=01;35:*.gl=01;35:*.dl=01;35:*.xcf=01;35:*.xwd=01;35:*.yuv=01;35:*.cgm=01;35:*.emf=01;35:*.ogv=01;35:*.ogx=01;35:*.aac=00;36:*.au=00;36:*.flac=00;36:*.m4a=00;36:*.mid=00;36:*.midi=00;36:*.mka=00;36:*.mp3=00;36:*.mpc=00;36:*.ogg=00;36:*.ra=00;36:*.wav=00;36:*.oga=00;36:*.opus=00;36:*.spx=00;36:*.xspf=00;36:'), ('VSCODE_GIT_IPC_HANDLE', '/run/user/1000/vscode-git-6e1624529d.sock'), ('TERM_PROGRAM', 'vscode'), ('ROS_DOMAIN_ID', '10'), ('AMENT_PREFIX_PATH', '/home/ibrahim/BinPicking/install/ros2_linkattacher:/home/ibrahim/BinPicking/install/moveit_config:/home/ibrahim/BinPicking/install/bin_nodes:/home/ibrahim/BinPicking/install/linkattacher_msgs:/home/ibrahim/RobotArmExpanded/install/main_arm_package:/home/ibrahim/RobotArmExpanded/install/action_interfaces:/home/ibrahim/MoveItArm/install/moveit_config:/home/ibrahim/MoveItArm/install/moveit_arm_package:/home/ibrahim/RobotArm/install/main_arm_package:/home/ibrahim/RobotArm/install/action_interfaces:/home/ibrahim/TF2Sample/install/tf2sim:/home/ibrahim/RobotNav/install/main_robot_nodes:/home/ibrahim/RobotNav/install/action_interfaces:/home/ibrahim/RobotMonitor/install/Robot3Node_Package:/home/ibrahim/ros2_ws/install/my_first_package:/home/ibrahim/ros2_ws/install/action_interfaces:/opt/ros/humble'), ('SHELL', '/bin/bash'), ('LESSCLOSE', '/usr/bin/lesspipe %s %s'), ('VSCODE_GIT_ASKPASS_EXTRA_ARGS', ''), ('PWD', '/home/ibrahim/BinPicking/build/linkattacher_msgs'), ('COPILOT_DEBUG_NONCE', 'd05f4ba8ec07642c4df8354ff840a334'), ('XDG_DATA_DIRS', '/usr/local/share:/usr/share:/var/lib/snapd/desktop'), ('PYTHONPATH', '/home/ibrahim/BinPicking/install/linkattacher_msgs/local/lib/python3.10/dist-packages:/home/ibrahim/RobotArmExpanded/install/action_interfaces/local/lib/python3.10/dist-packages:/home/ibrahim/RobotArm/install/action_interfaces/local/lib/python3.10/dist-packages:/home/ibrahim/RobotNav/install/action_interfaces/local/lib/python3.10/dist-packages:/home/ibrahim/ros2_ws/install/action_interfaces/local/lib/python3.10/dist-packages:/opt/ros/humble/lib/python3.10/site-packages:/opt/ros/humble/local/lib/python3.10/dist-packages'), ('COLCON', '1'), ('WSL2_GUI_APPS_ENABLED', '1'), ('HOSTTYPE', 'x86_64'), ('CMAKE_PREFIX_PATH', '/home/ibrahim/BinPicking/install/ros2_linkattacher:/home/ibrahim/BinPicking/install/moveit_config:/home/ibrahim/BinPicking/install/bin_nodes:/home/ibrahim/BinPicking/install/linkattacher_msgs:/home/ibrahim/RobotArmExpanded/install/main_arm_package:/home/ibrahim/RobotArmExpanded/install/action_interfaces:/home/ibrahim/MoveItArm/install/moveit_config:/home/ibrahim/MoveItArm/install/moveit_arm_package:/home/ibrahim/TF2Sample/install/tf2sim:/home/ibrahim/RobotNav/install/main_robot_nodes:/home/ibrahim/RobotNav/install/action_interfaces:/home/ibrahim/RobotMonitor/install/Robot3Node_Package:/home/ibrahim/ros2_ws/install/my_first_package:/home/ibrahim/ros2_ws/install/action_interfaces:/home/ibrahim/RobotArm/install/main_arm_package:/home/ibrahim/RobotArm/install/action_interfaces:/opt/ros/humble'), ('WSLENV', 'VSCODE_WSL_EXT_LOCATION/up')]), 'shell': False}
[0.099528] (-) TimerEvent: {}
[0.122723] (linkattacher_msgs) StdoutLine: {'line': b'[  5%] Built target linkattacher_msgs__rs\n'}
[0.122943] (linkattacher_msgs) StdoutLine: {'line': b'[  5%] Built target linkattacher_msgs__cpp\n'}
[0.123217] (linkattacher_msgs) StdoutLine: {'line': b'[ 15%] Built target linkattacher_msgs__rosidl_generator_c\n'}
[0.145725] (linkattacher_msgs) StdoutLine: {'line': b'[ 15%] Built target ament_cmake_python_copy_linkattacher_msgs\n'}
[0.153623] (linkattacher_msgs) StdoutLine: {'line': b'[ 45%] Built target linkattacher_msgs__rosidl_typesupport_introspection_c\n'}
[0.153897] (linkattacher_msgs) StdoutLine: {'line': b'[ 45%] Built target linkattacher_msgs__rosidl_typesupport_introspection_cpp\n'}
[0.154045] (linkattacher_msgs) StdoutLine: {'line': b'[ 45%] Built target linkattacher_msgs__rosidl_typesupport_cpp\n'}
[0.154119] (linkattacher_msgs) StdoutLine: {'line': b'[ 55%] Built target linkattacher_msgs__rosidl_typesupport_c\n'}
[0.154911] (linkattacher_msgs) StdoutLine: {'line': b'[ 75%] Built target linkattacher_msgs__rosidl_typesupport_fastrtps_c\n'}
[0.155056] (linkattacher_msgs) StdoutLine: {'line': b'[ 75%] Built target linkattacher_msgs__rosidl_typesupport_fastrtps_cpp\n'}
[0.183877] (linkattacher_msgs) StdoutLine: {'line': b'[ 75%] Built target linkattacher_msgs\n'}
[0.199594] (-) TimerEvent: {}
[0.211413] (linkattacher_msgs) StdoutLine: {'line': b'[ 77%] Built target linkattacher_msgs__py\n'}
[0.243911] (linkattacher_msgs) StdoutLine: {'line': b'[ 85%] Built target linkattacher_msgs__rosidl_generator_py\n'}
[0.277849] (linkattacher_msgs) StdoutLine: {'line': b'[ 95%] Built target linkattacher_msgs__rosidl_typesupport_introspection_c__pyext\n'}
[0.278109] (linkattacher_msgs) StdoutLine: {'line': b'[ 95%] Built target linkattacher_msgs__rosidl_typesupport_c__pyext\n'}
[0.279376] (linkattacher_msgs) StdoutLine: {'line': b'[100%] Built target linkattacher_msgs__rosidl_typesupport_fastrtps_c__pyext\n'}
[0.299674] (-) TimerEvent: {}
[0.355819] (linkattacher_msgs) StdoutLine: {'line': b'running egg_info\n'}
[0.356899] (linkattacher_msgs) StdoutLine: {'line': b'writing linkattacher_msgs.egg-info/PKG-INFO\n'}
[0.357247] (linkattacher_msgs) StdoutLine: {'line': b'writing dependency_links to linkattacher_msgs.egg-info/dependency_links.txt\n'}
[0.357451] (linkattacher_msgs) StdoutLine: {'line': b'writing top-level names to linkattacher_msgs.egg-info/top_level.txt\n'}
[0.359856] (linkattacher_msgs) StdoutLine: {'line': b"reading manifest file 'linkattacher_msgs.egg-info/SOURCES.txt'\n"}
[0.360291] (linkattacher_msgs) StdoutLine: {'line': b"writing manifest file 'linkattacher_msgs.egg-info/SOURCES.txt'\n"}
[0.387521] (linkattacher_msgs) StdoutLine: {'line': b'[100%] Built target ament_cmake_python_build_linkattacher_msgs_egg\n'}
[0.399797] (-) TimerEvent: {}
[0.401266] (linkattacher_msgs) CommandEnded: {'returncode': 0}
[0.402551] (linkattacher_msgs) JobProgress: {'identifier': 'linkattacher_msgs', 'progress': 'install'}
[0.414109] (linkattacher_msgs) Command: {'cmd': ['/usr/bin/cmake', '--install', '/home/ibrahim/BinPicking/build/linkattacher_msgs'], 'cwd': '/home/ibrahim/BinPicking/build/linkattacher_msgs', 'env': OrderedDict([('PYTHON_BASIC_REPL', '1'), ('LESSOPEN', '| /usr/bin/lesspipe %s'), ('USER', 'ibrahim'), ('GIT_ASKPASS', '/home/ibrahim/.vscode-server/bin/4fe60c8b1cdac1c4c174f2fb180d0d758272d713/extensions/git/dist/askpass.sh'), ('SHLVL', '1'), ('LD_LIBRARY_PATH', '/home/ibrahim/BinPicking/install/ros2_linkattacher/lib:/home/ibrahim/BinPicking/install/linkattacher_msgs/lib:/home/ibrahim/RobotArmExpanded/install/action_interfaces/lib:/home/ibrahim/RobotArm/install/action_interfaces/lib:/home/ibrahim/RobotNav/install/action_interfaces/lib:/home/ibrahim/ros2_ws/install/action_interfaces/lib:/usr/lib/x86_64-linux-gnu/gazebo-11/plugins:/opt/ros/humble/opt/rviz_ogre_vendor/lib:/opt/ros/humble/lib/x86_64-linux-gnu:/opt/ros/humble/lib'), ('MOTD_SHOWN', 'update-motd'), ('HOME', '/home/ibrahim'), ('TERM_PROGRAM_VERSION', '1.127.0'), ('VSCODE_IPC_HOOK_CLI', '/run/user/1000/vscode-ipc-433db324-c766-4139-b309-e1f0f29bbdbd.sock'), ('ROS_PYTHON_VERSION', '3'), ('VSCODE_GIT_ASKPASS_MAIN', '/home/ibrahim/.vscode-server/bin/4fe60c8b1cdac1c4c174f2fb180d0d758272d713/extensions/git/dist/askpass-main.js'), ('VSCODE_GIT_ASKPASS_NODE', '/home/ibrahim/.vscode-server/bin/4fe60c8b1cdac1c4c174f2fb180d0d758272d713/node'), ('PYDEVD_DISABLE_FILE_VALIDATION', '1'), ('BUNDLED_DEBUGPY_PATH', '/home/ibrahim/.vscode-server/extensions/ms-python.debugpy-2026.6.0-linux-x64/bundled/libs/debugpy'), ('VSCODE_PYTHON_AUTOACTIVATE_GUARD', '1'), ('DBUS_SESSION_BUS_ADDRESS', 'unix:path=/run/user/1000/bus'), ('COLORTERM', 'truecolor'), ('WSL_DISTRO_NAME', 'Ubuntu-22.04'), ('WAYLAND_DISPLAY', 'wayland-0'), ('COLCON_PREFIX_PATH', '/home/ibrahim/BinPicking/install:/home/ibrahim/MoveItArm/install:/home/ibrahim/RobotArmExpanded/install:/home/ibrahim/RobotArm/install:/home/ibrahim/TF2Sample/install:/home/ibrahim/RobotNav/install:/home/ibrahim/RobotMonitor/install:/home/ibrahim/ros2_ws/install'), ('ROS_DISTRO', 'humble'), ('LOGNAME', 'ibrahim'), ('NAME', 'Ibrahim-laptop'), ('WSL_INTEROP', '/run/WSL/430_interop'), ('PULSE_SERVER', 'unix:/mnt/wslg/PulseServer'), ('_', '/usr/bin/colcon'), ('ROS_VERSION', '2'), ('CLAUDE_CODE_SSE_PORT', '42286'), ('TERM', 'xterm-256color'), ('ROS_LOCALHOST_ONLY', '0'), ('PATH', '/home/ibrahim/.vscode-server/data/User/globalStorage/github.copilot-chat/debugCommand:/home/ibrahim/.vscode-server/data/User/globalStorage/github.copilot-chat/copilotCli:/home/ibrahim/.vscode-server/bin/4fe60c8b1cdac1c4c174f2fb180d0d758272d713/bin/remote-cli:/opt/ros/humble/bin:/usr/local/sbin:/usr/local/bin:/usr/sbin:/usr/bin:/sbin:/bin:/usr/games:/usr/local/games:/usr/lib/wsl/lib:/mnt/c/Windows/system32:/mnt/c/Windows:/mnt/c/Windows/System32/Wbem:/mnt/c/Windows/System32/WindowsPowerShell/v1.0/:/mnt/c/Windows/System32/OpenSSH/:/mnt/c/Program Files (x86)/NVIDIA Corporation/PhysX/Common:/mnt/c/Program Files/NVIDIA Corporation/NVIDIA App/NvDLISR:/mnt/c/Program Files/dotnet/:/mnt/c/Program Files/nodejs/:/mnt/c/Program Files/Git/cmd:/mnt/c/Program Files/PostgreSQL/18/bin:/mnt/c/Windows/system32/config/systemprofile/.local/bin:/mnt/c/Program Files/Docker/Docker/resources/bin:/mnt/c/Program Files/GitHub CLI/:/mnt/c/Users/zanto/AppData/Local/Programs/Python/Python312/Scripts/:/mnt/c/Users/zanto/AppData/Local/Programs/Python/Python312/:/mnt/c/Users/zanto/AppData/Local/Programs/Python/Python314/Scripts/:/mnt/c/Users/zanto/AppData/Local/Programs/Python/Python314/:/mnt/c/Users/zanto/AppData/Local/Microsoft/WindowsApps:/mnt/c/Users/zanto/AppData/Local/Programs/Microsoft VS Code/bin:/mnt/c/Users/zanto/AppData/Local/Programs/Ollama:/mnt/c/Users/zanto/AppData/Roaming/npm:/mnt/c/msys64/ucrt64/bin:/snap/bin:/home/ibrahim/.vscode-server/extensions/ms-python.debugpy-2026.6.0-linux-x64/bundled/scripts/noConfigScripts'), ('XDG_RUNTIME_DIR', '/run/user/1000/'), ('DISPLAY', ':0'), ('VSCODE_DEBUGPY_ADAPTER_ENDPOINTS', '/home/ibrahim/.vscode-server/extensions/ms-python.debugpy-2026.6.0-linux-x64/.noConfigDebugAdapterEndpoints/endpoint-c570530454d2fac3.txt'), ('LANG', 'C.UTF-8'), ('PYTHONSTARTUP', '/home/ibrahim/.vscode-server/data/User/workspaceStorage/53d6af783f54596ecf064b03d33c69c7/ms-python.python/pythonrc.py'), ('RMW_IMPLEMENTATION', 'rmw_cyclonedds_cpp'), ('LS_COLORS', 'rs=0:di=01;34:ln=01;36:mh=00:pi=40;33:so=01;35:do=01;35:bd=40;33;01:cd=40;33;01:or=40;31;01:mi=00:su=37;41:sg=30;43:ca=30;41:tw=30;42:ow=34;42:st=37;44:ex=01;32:*.tar=01;31:*.tgz=01;31:*.arc=01;31:*.arj=01;31:*.taz=01;31:*.lha=01;31:*.lz4=01;31:*.lzh=01;31:*.lzma=01;31:*.tlz=01;31:*.txz=01;31:*.tzo=01;31:*.t7z=01;31:*.zip=01;31:*.z=01;31:*.dz=01;31:*.gz=01;31:*.lrz=01;31:*.lz=01;31:*.lzo=01;31:*.xz=01;31:*.zst=01;31:*.tzst=01;31:*.bz2=01;31:*.bz=01;31:*.tbz=01;31:*.tbz2=01;31:*.tz=01;31:*.deb=01;31:*.rpm=01;31:*.jar=01;31:*.war=01;31:*.ear=01;31:*.sar=01;31:*.rar=01;31:*.alz=01;31:*.ace=01;31:*.zoo=01;31:*.cpio=01;31:*.7z=01;31:*.rz=01;31:*.cab=01;31:*.wim=01;31:*.swm=01;31:*.dwm=01;31:*.esd=01;31:*.jpg=01;35:*.jpeg=01;35:*.mjpg=01;35:*.mjpeg=01;35:*.gif=01;35:*.bmp=01;35:*.pbm=01;35:*.pgm=01;35:*.ppm=01;35:*.tga=01;35:*.xbm=01;35:*.xpm=01;35:*.tif=01;35:*.tiff=01;35:*.png=01;35:*.svg=01;35:*.svgz=01;35:*.mng=01;35:*.pcx=01;35:*.mov=01;35:*.mpg=01;35:*.mpeg=01;35:*.m2v=01;35:*.mkv=01;35:*.webm=01;35:*.webp=01;35:*.ogm=01;35:*.mp4=01;35:*.m4v=01;35:*.mp4v=01;35:*.vob=01;35:*.qt=01;35:*.nuv=01;35:*.wmv=01;35:*.asf=01;35:*.rm=01;35:*.rmvb=01;35:*.flc=01;35:*.avi=01;35:*.fli=01;35:*.flv=01;35:*.gl=01;35:*.dl=01;35:*.xcf=01;35:*.xwd=01;35:*.yuv=01;35:*.cgm=01;35:*.emf=01;35:*.ogv=01;35:*.ogx=01;35:*.aac=00;36:*.au=00;36:*.flac=00;36:*.m4a=00;36:*.mid=00;36:*.midi=00;36:*.mka=00;36:*.mp3=00;36:*.mpc=00;36:*.ogg=00;36:*.ra=00;36:*.wav=00;36:*.oga=00;36:*.opus=00;36:*.spx=00;36:*.xspf=00;36:'), ('VSCODE_GIT_IPC_HANDLE', '/run/user/1000/vscode-git-6e1624529d.sock'), ('TERM_PROGRAM', 'vscode'), ('ROS_DOMAIN_ID', '10'), ('AMENT_PREFIX_PATH', '/home/ibrahim/BinPicking/install/ros2_linkattacher:/home/ibrahim/BinPicking/install/moveit_config:/home/ibrahim/BinPicking/install/bin_nodes:/home/ibrahim/BinPicking/install/linkattacher_msgs:/home/ibrahim/RobotArmExpanded/install/main_arm_package:/home/ibrahim/RobotArmExpanded/install/action_interfaces:/home/ibrahim/MoveItArm/install/moveit_config:/home/ibrahim/MoveItArm/install/moveit_arm_package:/home/ibrahim/RobotArm/install/main_arm_package:/home/ibrahim/RobotArm/install/action_interfaces:/home/ibrahim/TF2Sample/install/tf2sim:/home/ibrahim/RobotNav/install/main_robot_nodes:/home/ibrahim/RobotNav/install/action_interfaces:/home/ibrahim/RobotMonitor/install/Robot3Node_Package:/home/ibrahim/ros2_ws/install/my_first_package:/home/ibrahim/ros2_ws/install/action_interfaces:/opt/ros/humble'), ('SHELL', '/bin/bash'), ('LESSCLOSE', '/usr/bin/lesspipe %s %s'), ('VSCODE_GIT_ASKPASS_EXTRA_ARGS', ''), ('PWD', '/home/ibrahim/BinPicking/build/linkattacher_msgs'), ('COPILOT_DEBUG_NONCE', 'd05f4ba8ec07642c4df8354ff840a334'), ('XDG_DATA_DIRS', '/usr/local/share:/usr/share:/var/lib/snapd/desktop'), ('PYTHONPATH', '/home/ibrahim/BinPicking/install/linkattacher_msgs/local/lib/python3.10/dist-packages:/home/ibrahim/RobotArmExpanded/install/action_interfaces/local/lib/python3.10/dist-packages:/home/ibrahim/RobotArm/install/action_interfaces/local/lib/python3.10/dist-packages:/home/ibrahim/RobotNav/install/action_interfaces/local/lib/python3.10/dist-packages:/home/ibrahim/ros2_ws/install/action_interfaces/local/lib/python3.10/dist-packages:/opt/ros/humble/lib/python3.10/site-packages:/opt/ros/humble/local/lib/python3.10/dist-packages'), ('COLCON', '1'), ('WSL2_GUI_APPS_ENABLED', '1'), ('HOSTTYPE', 'x86_64'), ('CMAKE_PREFIX_PATH', '/home/ibrahim/BinPicking/install/ros2_linkattacher:/home/ibrahim/BinPicking/install/moveit_config:/home/ibrahim/BinPicking/install/bin_nodes:/home/ibrahim/BinPicking/install/linkattacher_msgs:/home/ibrahim/RobotArmExpanded/install/main_arm_package:/home/ibrahim/RobotArmExpanded/install/action_interfaces:/home/ibrahim/MoveItArm/install/moveit_config:/home/ibrahim/MoveItArm/install/moveit_arm_package:/home/ibrahim/TF2Sample/install/tf2sim:/home/ibrahim/RobotNav/install/main_robot_nodes:/home/ibrahim/RobotNav/install/action_interfaces:/home/ibrahim/RobotMonitor/install/Robot3Node_Package:/home/ibrahim/ros2_ws/install/my_first_package:/home/ibrahim/ros2_ws/install/action_interfaces:/home/ibrahim/RobotArm/install/main_arm_package:/home/ibrahim/RobotArm/install/action_interfaces:/opt/ros/humble'), ('WSLENV', 'VSCODE_WSL_EXT_LOCATION/up')]), 'shell': False}
[0.424320] (linkattacher_msgs) StdoutLine: {'line': b'-- Install configuration: ""\n'}
[0.424743] (linkattacher_msgs) StdoutLine: {'line': b'-- Up-to-date: /home/ibrahim/BinPicking/install/linkattacher_msgs/share/linkattacher_msgs/srv\n'}
[0.424884] (linkattacher_msgs) StdoutLine: {'line': b'-- Up-to-date: /home/ibrahim/BinPicking/install/linkattacher_msgs/share/linkattacher_msgs/srv/DetachLink.srv\n'}
[0.425146] (linkattacher_msgs) StdoutLine: {'line': b'-- Up-to-date: /home/ibrahim/BinPicking/install/linkattacher_msgs/share/linkattacher_msgs/srv/AttachLink.srv\n'}
[0.425227] (linkattacher_msgs) StdoutLine: {'line': b'-- Up-to-date: /home/ibrahim/BinPicking/install/linkattacher_msgs/share/ament_index/resource_index/rosidl_interfaces/linkattacher_msgs\n'}
[0.425365] (linkattacher_msgs) StdoutLine: {'line': b'-- Up-to-date: /home/ibrahim/BinPicking/install/linkattacher_msgs/include/linkattacher_msgs/linkattacher_msgs\n'}
[0.425550] (linkattacher_msgs) StdoutLine: {'line': b'-- Up-to-date: /home/ibrahim/BinPicking/install/linkattacher_msgs/include/linkattacher_msgs/linkattacher_msgs/srv\n'}
[0.425648] (linkattacher_msgs) StdoutLine: {'line': b'-- Up-to-date: /home/ibrahim/BinPicking/install/linkattacher_msgs/include/linkattacher_msgs/linkattacher_msgs/srv/detail\n'}
[0.425922] (linkattacher_msgs) StdoutLine: {'line': b'-- Up-to-date: /home/ibrahim/BinPicking/install/linkattacher_msgs/include/linkattacher_msgs/linkattacher_msgs/srv/detail/detach_link__struct.h\n'}
[0.425980] (linkattacher_msgs) StdoutLine: {'line': b'-- Up-to-date: /home/ibrahim/BinPicking/install/linkattacher_msgs/include/linkattacher_msgs/linkattacher_msgs/srv/detail/attach_link__type_support.h\n'}
[0.426060] (linkattacher_msgs) StdoutLine: {'line': b'-- Up-to-date: /home/ibrahim/BinPicking/install/linkattacher_msgs/include/linkattacher_msgs/linkattacher_msgs/srv/detail/detach_link__type_support.h\n'}
[0.426102] (linkattacher_msgs) StdoutLine: {'line': b'-- Up-to-date: /home/ibrahim/BinPicking/install/linkattacher_msgs/include/linkattacher_msgs/linkattacher_msgs/srv/detail/attach_link__functions.h\n'}
[0.426137] (linkattacher_msgs) StdoutLine: {'line': b'-- Up-to-date: /home/ibrahim/BinPicking/install/linkattacher_msgs/include/linkattacher_msgs/linkattacher_msgs/srv/detail/attach_link__struct.h\n'}
[0.426176] (linkattacher_msgs) StdoutLine: {'line': b'-- Up-to-date: /home/ibrahim/BinPicking/install/linkattacher_msgs/include/linkattacher_msgs/linkattacher_msgs/srv/detail/detach_link__functions.h\n'}
[0.426206] (linkattacher_msgs) StdoutLine: {'line': b'-- Up-to-date: /home/ibrahim/BinPicking/install/linkattacher_msgs/include/linkattacher_msgs/linkattacher_msgs/srv/detail/detach_link__functions.c\n'}
[0.426235] (linkattacher_msgs) StdoutLine: {'line': b'-- Up-to-date: /home/ibrahim/BinPicking/install/linkattacher_msgs/include/linkattacher_msgs/linkattacher_msgs/srv/detail/attach_link__functions.c\n'}
[0.426264] (linkattacher_msgs) StdoutLine: {'line': b'-- Up-to-date: /home/ibrahim/BinPicking/install/linkattacher_msgs/include/linkattacher_msgs/linkattacher_msgs/srv/detach_link.h\n'}
[0.426345] (linkattacher_msgs) StdoutLine: {'line': b'-- Up-to-date: /home/ibrahim/BinPicking/install/linkattacher_msgs/include/linkattacher_msgs/linkattacher_msgs/srv/attach_link.h\n'}
[0.426397] (linkattacher_msgs) StdoutLine: {'line': b'-- Up-to-date: /home/ibrahim/BinPicking/install/linkattacher_msgs/include/linkattacher_msgs/linkattacher_msgs/msg\n'}
[0.426464] (linkattacher_msgs) StdoutLine: {'line': b'-- Up-to-date: /home/ibrahim/BinPicking/install/linkattacher_msgs/include/linkattacher_msgs/linkattacher_msgs/msg/rosidl_generator_c__visibility_control.h\n'}
[0.426587] (linkattacher_msgs) StdoutLine: {'line': b'-- Up-to-date: /home/ibrahim/BinPicking/install/linkattacher_msgs/share/linkattacher_msgs/environment/library_path.sh\n'}
[0.426741] (linkattacher_msgs) StdoutLine: {'line': b'-- Up-to-date: /home/ibrahim/BinPicking/install/linkattacher_msgs/share/linkattacher_msgs/environment/library_path.dsv\n'}
[0.426868] (linkattacher_msgs) StdoutLine: {'line': b'-- Up-to-date: /home/ibrahim/BinPicking/install/linkattacher_msgs/lib/liblinkattacher_msgs__rosidl_generator_c.so\n'}
[0.426909] (linkattacher_msgs) StdoutLine: {'line': b'-- Up-to-date: /home/ibrahim/BinPicking/install/linkattacher_msgs/include/linkattacher_msgs/linkattacher_msgs\n'}
[0.427112] (linkattacher_msgs) StdoutLine: {'line': b'-- Up-to-date: /home/ibrahim/BinPicking/install/linkattacher_msgs/include/linkattacher_msgs/linkattacher_msgs/srv\n'}
[0.427261] (linkattacher_msgs) StdoutLine: {'line': b'-- Up-to-date: /home/ibrahim/BinPicking/install/linkattacher_msgs/include/linkattacher_msgs/linkattacher_msgs/srv/detail\n'}
[0.427439] (linkattacher_msgs) StdoutLine: {'line': b'-- Up-to-date: /home/ibrahim/BinPicking/install/linkattacher_msgs/include/linkattacher_msgs/linkattacher_msgs/srv/detail/detach_link__rosidl_typesupport_fastrtps_c.h\n'}
[0.427545] (linkattacher_msgs) StdoutLine: {'line': b'-- Up-to-date: /home/ibrahim/BinPicking/install/linkattacher_msgs/include/linkattacher_msgs/linkattacher_msgs/srv/detail/attach_link__rosidl_typesupport_fastrtps_c.h\n'}
[0.427766] (linkattacher_msgs) StdoutLine: {'line': b'-- Up-to-date: /home/ibrahim/BinPicking/install/linkattacher_msgs/include/linkattacher_msgs/linkattacher_msgs/msg\n'}
[0.428009] (linkattacher_msgs) StdoutLine: {'line': b'-- Up-to-date: /home/ibrahim/BinPicking/install/linkattacher_msgs/include/linkattacher_msgs/linkattacher_msgs/msg/rosidl_typesupport_fastrtps_c__visibility_control.h\n'}
[0.428333] (linkattacher_msgs) StdoutLine: {'line': b'-- Up-to-date: /home/ibrahim/BinPicking/install/linkattacher_msgs/lib/liblinkattacher_msgs__rosidl_typesupport_fastrtps_c.so\n'}
[0.428521] (linkattacher_msgs) StdoutLine: {'line': b'-- Up-to-date: /home/ibrahim/BinPicking/install/linkattacher_msgs/include/linkattacher_msgs/linkattacher_msgs\n'}
[0.428569] (linkattacher_msgs) StdoutLine: {'line': b'-- Up-to-date: /home/ibrahim/BinPicking/install/linkattacher_msgs/include/linkattacher_msgs/linkattacher_msgs/srv\n'}
[0.428608] (linkattacher_msgs) StdoutLine: {'line': b'-- Up-to-date: /home/ibrahim/BinPicking/install/linkattacher_msgs/include/linkattacher_msgs/linkattacher_msgs/srv/detail\n'}
[0.428643] (linkattacher_msgs) StdoutLine: {'line': b'-- Up-to-date: /home/ibrahim/BinPicking/install/linkattacher_msgs/include/linkattacher_msgs/linkattacher_msgs/srv/detail/attach_link__rosidl_typesupport_introspection_c.h\n'}
[0.428676] (linkattacher_msgs) StdoutLine: {'line': b'-- Up-to-date: /home/ibrahim/BinPicking/install/linkattacher_msgs/include/linkattacher_msgs/linkattacher_msgs/srv/detail/detach_link__type_support.c\n'}
[0.428708] (linkattacher_msgs) StdoutLine: {'line': b'-- Up-to-date: /home/ibrahim/BinPicking/install/linkattacher_msgs/include/linkattacher_msgs/linkattacher_msgs/srv/detail/attach_link__type_support.c\n'}
[0.428830] (linkattacher_msgs) StdoutLine: {'line': b'-- Up-to-date: /home/ibrahim/BinPicking/install/linkattacher_msgs/include/linkattacher_msgs/linkattacher_msgs/srv/detail/detach_link__rosidl_typesupport_introspection_c.h\n'}
[0.428883] (linkattacher_msgs) StdoutLine: {'line': b'-- Up-to-date: /home/ibrahim/BinPicking/install/linkattacher_msgs/include/linkattacher_msgs/linkattacher_msgs/msg\n'}
[0.429000] (linkattacher_msgs) StdoutLine: {'line': b'-- Up-to-date: /home/ibrahim/BinPicking/install/linkattacher_msgs/include/linkattacher_msgs/linkattacher_msgs/msg/rosidl_typesupport_introspection_c__visibility_control.h\n'}
[0.429158] (linkattacher_msgs) StdoutLine: {'line': b'-- Up-to-date: /home/ibrahim/BinPicking/install/linkattacher_msgs/lib/liblinkattacher_msgs__rosidl_typesupport_introspection_c.so\n'}
[0.429326] (linkattacher_msgs) StdoutLine: {'line': b'-- Up-to-date: /home/ibrahim/BinPicking/install/linkattacher_msgs/lib/liblinkattacher_msgs__rosidl_typesupport_c.so\n'}
[0.429509] (linkattacher_msgs) StdoutLine: {'line': b'-- Up-to-date: /home/ibrahim/BinPicking/install/linkattacher_msgs/include/linkattacher_msgs/linkattacher_msgs\n'}
[0.429674] (linkattacher_msgs) StdoutLine: {'line': b'-- Up-to-date: /home/ibrahim/BinPicking/install/linkattacher_msgs/include/linkattacher_msgs/linkattacher_msgs/srv\n'}
[0.429807] (linkattacher_msgs) StdoutLine: {'line': b'-- Up-to-date: /home/ibrahim/BinPicking/install/linkattacher_msgs/include/linkattacher_msgs/linkattacher_msgs/srv/detail\n'}
[0.429931] (linkattacher_msgs) StdoutLine: {'line': b'-- Up-to-date: /home/ibrahim/BinPicking/install/linkattacher_msgs/include/linkattacher_msgs/linkattacher_msgs/srv/detail/attach_link__type_support.hpp\n'}
[0.430010] (linkattacher_msgs) StdoutLine: {'line': b'-- Up-to-date: /home/ibrahim/BinPicking/install/linkattacher_msgs/include/linkattacher_msgs/linkattacher_msgs/srv/detail/detach_link__traits.hpp\n'}
[0.430124] (linkattacher_msgs) StdoutLine: {'line': b'-- Up-to-date: /home/ibrahim/BinPicking/install/linkattacher_msgs/include/linkattacher_msgs/linkattacher_msgs/srv/detail/attach_link__struct.hpp\n'}
[0.430286] (linkattacher_msgs) StdoutLine: {'line': b'-- Up-to-date: /home/ibrahim/BinPicking/install/linkattacher_msgs/include/linkattacher_msgs/linkattacher_msgs/srv/detail/attach_link__traits.hpp\n'}
[0.430446] (linkattacher_msgs) StdoutLine: {'line': b'-- Up-to-date: /home/ibrahim/BinPicking/install/linkattacher_msgs/include/linkattacher_msgs/linkattacher_msgs/srv/detail/detach_link__type_support.hpp\n'}
[0.430718] (linkattacher_msgs) StdoutLine: {'line': b'-- Up-to-date: /home/ibrahim/BinPicking/install/linkattacher_msgs/include/linkattacher_msgs/linkattacher_msgs/srv/detail/detach_link__struct.hpp\n'}
[0.430798] (linkattacher_msgs) StdoutLine: {'line': b'-- Up-to-date: /home/ibrahim/BinPicking/install/linkattacher_msgs/include/linkattacher_msgs/linkattacher_msgs/srv/detail/attach_link__builder.hpp\n'}
[0.430948] (linkattacher_msgs) StdoutLine: {'line': b'-- Up-to-date: /home/ibrahim/BinPicking/install/linkattacher_msgs/include/linkattacher_msgs/linkattacher_msgs/srv/detail/detach_link__builder.hpp\n'}
[0.431083] (linkattacher_msgs) StdoutLine: {'line': b'-- Up-to-date: /home/ibrahim/BinPicking/install/linkattacher_msgs/include/linkattacher_msgs/linkattacher_msgs/srv/attach_link.hpp\n'}
[0.431270] (linkattacher_msgs) StdoutLine: {'line': b'-- Up-to-date: /home/ibrahim/BinPicking/install/linkattacher_msgs/include/linkattacher_msgs/linkattacher_msgs/srv/detach_link.hpp\n'}
[0.431415] (linkattacher_msgs) StdoutLine: {'line': b'-- Up-to-date: /home/ibrahim/BinPicking/install/linkattacher_msgs/include/linkattacher_msgs/linkattacher_msgs/msg\n'}
[0.431654] (linkattacher_msgs) StdoutLine: {'line': b'-- Up-to-date: /home/ibrahim/BinPicking/install/linkattacher_msgs/include/linkattacher_msgs/linkattacher_msgs/msg/rosidl_generator_cpp__visibility_control.hpp\n'}
[0.431771] (linkattacher_msgs) StdoutLine: {'line': b'-- Up-to-date: /home/ibrahim/BinPicking/install/linkattacher_msgs/include/linkattacher_msgs/linkattacher_msgs\n'}
[0.431822] (linkattacher_msgs) StdoutLine: {'line': b'-- Up-to-date: /home/ibrahim/BinPicking/install/linkattacher_msgs/include/linkattacher_msgs/linkattacher_msgs/srv\n'}
[0.431863] (linkattacher_msgs) StdoutLine: {'line': b'-- Up-to-date: /home/ibrahim/BinPicking/install/linkattacher_msgs/include/linkattacher_msgs/linkattacher_msgs/srv/detail\n'}
[0.431902] (linkattacher_msgs) StdoutLine: {'line': b'-- Up-to-date: /home/ibrahim/BinPicking/install/linkattacher_msgs/include/linkattacher_msgs/linkattacher_msgs/srv/detail/dds_fastrtps\n'}
[0.431951] (linkattacher_msgs) StdoutLine: {'line': b'-- Up-to-date: /home/ibrahim/BinPicking/install/linkattacher_msgs/include/linkattacher_msgs/linkattacher_msgs/srv/detail/detach_link__rosidl_typesupport_fastrtps_cpp.hpp\n'}
[0.432097] (linkattacher_msgs) StdoutLine: {'line': b'-- Up-to-date: /home/ibrahim/BinPicking/install/linkattacher_msgs/include/linkattacher_msgs/linkattacher_msgs/srv/detail/attach_link__rosidl_typesupport_fastrtps_cpp.hpp\n'}
[0.432251] (linkattacher_msgs) StdoutLine: {'line': b'-- Up-to-date: /home/ibrahim/BinPicking/install/linkattacher_msgs/include/linkattacher_msgs/linkattacher_msgs/msg\n'}
[0.432428] (linkattacher_msgs) StdoutLine: {'line': b'-- Up-to-date: /home/ibrahim/BinPicking/install/linkattacher_msgs/include/linkattacher_msgs/linkattacher_msgs/msg/rosidl_typesupport_fastrtps_cpp__visibility_control.h\n'}
[0.432667] (linkattacher_msgs) StdoutLine: {'line': b'-- Up-to-date: /home/ibrahim/BinPicking/install/linkattacher_msgs/lib/liblinkattacher_msgs__rosidl_typesupport_fastrtps_cpp.so\n'}
[0.432736] (linkattacher_msgs) StdoutLine: {'line': b'-- Up-to-date: /home/ibrahim/BinPicking/install/linkattacher_msgs/include/linkattacher_msgs/linkattacher_msgs\n'}
[0.432785] (linkattacher_msgs) StdoutLine: {'line': b'-- Up-to-date: /home/ibrahim/BinPicking/install/linkattacher_msgs/include/linkattacher_msgs/linkattacher_msgs/srv\n'}
[0.432899] (linkattacher_msgs) StdoutLine: {'line': b'-- Up-to-date: /home/ibrahim/BinPicking/install/linkattacher_msgs/include/linkattacher_msgs/linkattacher_msgs/srv/detail\n'}
[0.433054] (linkattacher_msgs) StdoutLine: {'line': b'-- Up-to-date: /home/ibrahim/BinPicking/install/linkattacher_msgs/include/linkattacher_msgs/linkattacher_msgs/srv/detail/attach_link__rosidl_typesupport_introspection_cpp.hpp\n'}
[0.433235] (linkattacher_msgs) StdoutLine: {'line': b'-- Up-to-date: /home/ibrahim/BinPicking/install/linkattacher_msgs/include/linkattacher_msgs/linkattacher_msgs/srv/detail/attach_link__type_support.cpp\n'}
[0.433412] (linkattacher_msgs) StdoutLine: {'line': b'-- Up-to-date: /home/ibrahim/BinPicking/install/linkattacher_msgs/include/linkattacher_msgs/linkattacher_msgs/srv/detail/detach_link__type_support.cpp\n'}
[0.433637] (linkattacher_msgs) StdoutLine: {'line': b'-- Up-to-date: /home/ibrahim/BinPicking/install/linkattacher_msgs/include/linkattacher_msgs/linkattacher_msgs/srv/detail/detach_link__rosidl_typesupport_introspection_cpp.hpp\n'}
[0.433870] (linkattacher_msgs) StdoutLine: {'line': b'-- Up-to-date: /home/ibrahim/BinPicking/install/linkattacher_msgs/lib/liblinkattacher_msgs__rosidl_typesupport_introspection_cpp.so\n'}
[0.434042] (linkattacher_msgs) StdoutLine: {'line': b'-- Up-to-date: /home/ibrahim/BinPicking/install/linkattacher_msgs/lib/liblinkattacher_msgs__rosidl_typesupport_cpp.so\n'}
[0.434280] (linkattacher_msgs) StdoutLine: {'line': b'-- Up-to-date: /home/ibrahim/BinPicking/install/linkattacher_msgs/share/linkattacher_msgs/environment/pythonpath.sh\n'}
[0.434483] (linkattacher_msgs) StdoutLine: {'line': b'-- Up-to-date: /home/ibrahim/BinPicking/install/linkattacher_msgs/share/linkattacher_msgs/environment/pythonpath.dsv\n'}
[0.434680] (linkattacher_msgs) StdoutLine: {'line': b'-- Up-to-date: /home/ibrahim/BinPicking/install/linkattacher_msgs/local/lib/python3.10/dist-packages/linkattacher_msgs-0.0.0-py3.10.egg-info\n'}
[0.434732] (linkattacher_msgs) StdoutLine: {'line': b'-- Installing: /home/ibrahim/BinPicking/install/linkattacher_msgs/local/lib/python3.10/dist-packages/linkattacher_msgs-0.0.0-py3.10.egg-info/top_level.txt\n'}
[0.434769] (linkattacher_msgs) StdoutLine: {'line': b'-- Installing: /home/ibrahim/BinPicking/install/linkattacher_msgs/local/lib/python3.10/dist-packages/linkattacher_msgs-0.0.0-py3.10.egg-info/PKG-INFO\n'}
[0.434802] (linkattacher_msgs) StdoutLine: {'line': b'-- Installing: /home/ibrahim/BinPicking/install/linkattacher_msgs/local/lib/python3.10/dist-packages/linkattacher_msgs-0.0.0-py3.10.egg-info/dependency_links.txt\n'}
[0.434833] (linkattacher_msgs) StdoutLine: {'line': b'-- Installing: /home/ibrahim/BinPicking/install/linkattacher_msgs/local/lib/python3.10/dist-packages/linkattacher_msgs-0.0.0-py3.10.egg-info/SOURCES.txt\n'}
[0.434876] (linkattacher_msgs) StdoutLine: {'line': b'-- Up-to-date: /home/ibrahim/BinPicking/install/linkattacher_msgs/local/lib/python3.10/dist-packages/linkattacher_msgs\n'}
[0.434905] (linkattacher_msgs) StdoutLine: {'line': b'-- Up-to-date: /home/ibrahim/BinPicking/install/linkattacher_msgs/local/lib/python3.10/dist-packages/linkattacher_msgs/linkattacher_msgs_s__rosidl_typesupport_c.cpython-310-x86_64-linux-gnu.so\n'}
[0.434933] (linkattacher_msgs) StdoutLine: {'line': b'-- Up-to-date: /home/ibrahim/BinPicking/install/linkattacher_msgs/local/lib/python3.10/dist-packages/linkattacher_msgs/linkattacher_msgs_s__rosidl_typesupport_introspection_c.cpython-310-x86_64-linux-gnu.so\n'}
[0.434960] (linkattacher_msgs) StdoutLine: {'line': b'-- Up-to-date: /home/ibrahim/BinPicking/install/linkattacher_msgs/local/lib/python3.10/dist-packages/linkattacher_msgs/_linkattacher_msgs_s.ep.rosidl_typesupport_c.c\n'}
[0.435017] (linkattacher_msgs) StdoutLine: {'line': b'-- Up-to-date: /home/ibrahim/BinPicking/install/linkattacher_msgs/local/lib/python3.10/dist-packages/linkattacher_msgs/srv\n'}
[0.435090] (linkattacher_msgs) StdoutLine: {'line': b'-- Up-to-date: /home/ibrahim/BinPicking/install/linkattacher_msgs/local/lib/python3.10/dist-packages/linkattacher_msgs/srv/_attach_link.py\n'}
[0.435130] (linkattacher_msgs) StdoutLine: {'line': b'-- Up-to-date: /home/ibrahim/BinPicking/install/linkattacher_msgs/local/lib/python3.10/dist-packages/linkattacher_msgs/srv/_attach_link_s.c\n'}
[0.435165] (linkattacher_msgs) StdoutLine: {'line': b'-- Up-to-date: /home/ibrahim/BinPicking/install/linkattacher_msgs/local/lib/python3.10/dist-packages/linkattacher_msgs/srv/_detach_link.py\n'}
[0.435195] (linkattacher_msgs) StdoutLine: {'line': b'-- Up-to-date: /home/ibrahim/BinPicking/install/linkattacher_msgs/local/lib/python3.10/dist-packages/linkattacher_msgs/srv/__init__.py\n'}
[0.435223] (linkattacher_msgs) StdoutLine: {'line': b'-- Up-to-date: /home/ibrahim/BinPicking/install/linkattacher_msgs/local/lib/python3.10/dist-packages/linkattacher_msgs/srv/_detach_link_s.c\n'}
[0.435251] (linkattacher_msgs) StdoutLine: {'line': b'-- Up-to-date: /home/ibrahim/BinPicking/install/linkattacher_msgs/local/lib/python3.10/dist-packages/linkattacher_msgs/linkattacher_msgs_s__rosidl_typesupport_fastrtps_c.cpython-310-x86_64-linux-gnu.so\n'}
[0.435279] (linkattacher_msgs) StdoutLine: {'line': b'-- Up-to-date: /home/ibrahim/BinPicking/install/linkattacher_msgs/local/lib/python3.10/dist-packages/linkattacher_msgs/_linkattacher_msgs_s.ep.rosidl_typesupport_introspection_c.c\n'}
[0.435308] (linkattacher_msgs) StdoutLine: {'line': b'-- Up-to-date: /home/ibrahim/BinPicking/install/linkattacher_msgs/local/lib/python3.10/dist-packages/linkattacher_msgs/_linkattacher_msgs_s.ep.rosidl_typesupport_fastrtps_c.c\n'}
[0.435343] (linkattacher_msgs) StdoutLine: {'line': b'-- Up-to-date: /home/ibrahim/BinPicking/install/linkattacher_msgs/local/lib/python3.10/dist-packages/linkattacher_msgs/__init__.py\n'}
[0.435370] (linkattacher_msgs) StdoutLine: {'line': b'-- Up-to-date: /home/ibrahim/BinPicking/install/linkattacher_msgs/local/lib/python3.10/dist-packages/linkattacher_msgs/liblinkattacher_msgs__rosidl_generator_py.so\n'}
[0.463964] (linkattacher_msgs) StdoutLine: {'line': b"Listing '/home/ibrahim/BinPicking/install/linkattacher_msgs/local/lib/python3.10/dist-packages/linkattacher_msgs'...\n"}
[0.464352] (linkattacher_msgs) StdoutLine: {'line': b"Listing '/home/ibrahim/BinPicking/install/linkattacher_msgs/local/lib/python3.10/dist-packages/linkattacher_msgs/srv'...\n"}
[0.468619] (linkattacher_msgs) StdoutLine: {'line': b'-- Up-to-date: /home/ibrahim/BinPicking/install/linkattacher_msgs/local/lib/python3.10/dist-packages/linkattacher_msgs/linkattacher_msgs_s__rosidl_typesupport_fastrtps_c.cpython-310-x86_64-linux-gnu.so\n'}
[0.468933] (linkattacher_msgs) StdoutLine: {'line': b'-- Up-to-date: /home/ibrahim/BinPicking/install/linkattacher_msgs/local/lib/python3.10/dist-packages/linkattacher_msgs/linkattacher_msgs_s__rosidl_typesupport_introspection_c.cpython-310-x86_64-linux-gnu.so\n'}
[0.469261] (linkattacher_msgs) StdoutLine: {'line': b'-- Up-to-date: /home/ibrahim/BinPicking/install/linkattacher_msgs/local/lib/python3.10/dist-packages/linkattacher_msgs/linkattacher_msgs_s__rosidl_typesupport_c.cpython-310-x86_64-linux-gnu.so\n'}
[0.469545] (linkattacher_msgs) StdoutLine: {'line': b'-- Up-to-date: /home/ibrahim/BinPicking/install/linkattacher_msgs/lib/liblinkattacher_msgs__rosidl_generator_py.so\n'}
[0.469803] (linkattacher_msgs) StdoutLine: {'line': b'-- Up-to-date: /home/ibrahim/BinPicking/install/linkattacher_msgs/share/ament_index/resource_index/rust_packages/linkattacher_msgs\n'}
[0.469995] (linkattacher_msgs) StdoutLine: {'line': b'-- Up-to-date: /home/ibrahim/BinPicking/install/linkattacher_msgs/share/linkattacher_msgs/rust\n'}
[0.470162] (linkattacher_msgs) StdoutLine: {'line': b'-- Up-to-date: /home/ibrahim/BinPicking/install/linkattacher_msgs/share/linkattacher_msgs/rust/src\n'}
[0.470354] (linkattacher_msgs) StdoutLine: {'line': b'-- Up-to-date: /home/ibrahim/BinPicking/install/linkattacher_msgs/share/linkattacher_msgs/rust/src/lib.rs\n'}
[0.470503] (linkattacher_msgs) StdoutLine: {'line': b'-- Up-to-date: /home/ibrahim/BinPicking/install/linkattacher_msgs/share/linkattacher_msgs/rust/src/srv\n'}
[0.470605] (linkattacher_msgs) StdoutLine: {'line': b'-- Up-to-date: /home/ibrahim/BinPicking/install/linkattacher_msgs/share/linkattacher_msgs/rust/src/srv/rmw.rs\n'}
[0.470811] (linkattacher_msgs) StdoutLine: {'line': b'-- Up-to-date: /home/ibrahim/BinPicking/install/linkattacher_msgs/share/linkattacher_msgs/rust/src/srv.rs\n'}
[0.470945] (linkattacher_msgs) StdoutLine: {'line': b'-- Up-to-date: /home/ibrahim/BinPicking/install/linkattacher_msgs/share/linkattacher_msgs/rust/build.rs\n'}
[0.471067] (linkattacher_msgs) StdoutLine: {'line': b'-- Up-to-date: /home/ibrahim/BinPicking/install/linkattacher_msgs/share/linkattacher_msgs/rust/Cargo.toml\n'}
[0.471260] (linkattacher_msgs) StdoutLine: {'line': b'-- Up-to-date: /home/ibrahim/BinPicking/install/linkattacher_msgs/share/linkattacher_msgs/srv/AttachLink.idl\n'}
[0.471560] (linkattacher_msgs) StdoutLine: {'line': b'-- Up-to-date: /home/ibrahim/BinPicking/install/linkattacher_msgs/share/linkattacher_msgs/srv/DetachLink.idl\n'}
[0.471793] (linkattacher_msgs) StdoutLine: {'line': b'-- Up-to-date: /home/ibrahim/BinPicking/install/linkattacher_msgs/share/linkattacher_msgs/srv/AttachLink.srv\n'}
[0.471993] (linkattacher_msgs) StdoutLine: {'line': b'-- Up-to-date: /home/ibrahim/BinPicking/install/linkattacher_msgs/share/linkattacher_msgs/srv/AttachLink_Request.msg\n'}
[0.472113] (linkattacher_msgs) StdoutLine: {'line': b'-- Up-to-date: /home/ibrahim/BinPicking/install/linkattacher_msgs/share/linkattacher_msgs/srv/AttachLink_Response.msg\n'}
[0.472194] (linkattacher_msgs) StdoutLine: {'line': b'-- Up-to-date: /home/ibrahim/BinPicking/install/linkattacher_msgs/share/linkattacher_msgs/srv/DetachLink.srv\n'}
[0.472267] (linkattacher_msgs) StdoutLine: {'line': b'-- Up-to-date: /home/ibrahim/BinPicking/install/linkattacher_msgs/share/linkattacher_msgs/srv/DetachLink_Request.msg\n'}
[0.472309] (linkattacher_msgs) StdoutLine: {'line': b'-- Up-to-date: /home/ibrahim/BinPicking/install/linkattacher_msgs/share/linkattacher_msgs/srv/DetachLink_Response.msg\n'}
[0.472343] (linkattacher_msgs) StdoutLine: {'line': b'-- Up-to-date: /home/ibrahim/BinPicking/install/linkattacher_msgs/share/ament_index/resource_index/package_run_dependencies/linkattacher_msgs\n'}
[0.472374] (linkattacher_msgs) StdoutLine: {'line': b'-- Up-to-date: /home/ibrahim/BinPicking/install/linkattacher_msgs/share/ament_index/resource_index/parent_prefix_path/linkattacher_msgs\n'}
[0.472403] (linkattacher_msgs) StdoutLine: {'line': b'-- Up-to-date: /home/ibrahim/BinPicking/install/linkattacher_msgs/share/linkattacher_msgs/environment/ament_prefix_path.sh\n'}
[0.472432] (linkattacher_msgs) StdoutLine: {'line': b'-- Up-to-date: /home/ibrahim/BinPicking/install/linkattacher_msgs/share/linkattacher_msgs/environment/ament_prefix_path.dsv\n'}
[0.472466] (linkattacher_msgs) StdoutLine: {'line': b'-- Up-to-date: /home/ibrahim/BinPicking/install/linkattacher_msgs/share/linkattacher_msgs/environment/path.sh\n'}
[0.472496] (linkattacher_msgs) StdoutLine: {'line': b'-- Up-to-date: /home/ibrahim/BinPicking/install/linkattacher_msgs/share/linkattacher_msgs/environment/path.dsv\n'}
[0.472601] (linkattacher_msgs) StdoutLine: {'line': b'-- Up-to-date: /home/ibrahim/BinPicking/install/linkattacher_msgs/share/linkattacher_msgs/local_setup.bash\n'}
[0.472694] (linkattacher_msgs) StdoutLine: {'line': b'-- Up-to-date: /home/ibrahim/BinPicking/install/linkattacher_msgs/share/linkattacher_msgs/local_setup.sh\n'}
[0.472876] (linkattacher_msgs) StdoutLine: {'line': b'-- Up-to-date: /home/ibrahim/BinPicking/install/linkattacher_msgs/share/linkattacher_msgs/local_setup.zsh\n'}
[0.472955] (linkattacher_msgs) StdoutLine: {'line': b'-- Up-to-date: /home/ibrahim/BinPicking/install/linkattacher_msgs/share/linkattacher_msgs/local_setup.dsv\n'}
[0.472999] (linkattacher_msgs) StdoutLine: {'line': b'-- Installing: /home/ibrahim/BinPicking/install/linkattacher_msgs/share/linkattacher_msgs/package.dsv\n'}
[0.473115] (linkattacher_msgs) StdoutLine: {'line': b'-- Up-to-date: /home/ibrahim/BinPicking/install/linkattacher_msgs/share/ament_index/resource_index/packages/linkattacher_msgs\n'}
[0.473280] (linkattacher_msgs) StdoutLine: {'line': b'-- Up-to-date: /home/ibrahim/BinPicking/install/linkattacher_msgs/share/linkattacher_msgs/cmake/export_linkattacher_msgs__rosidl_generator_cExport.cmake\n'}
[0.473372] (linkattacher_msgs) StdoutLine: {'line': b'-- Up-to-date: /home/ibrahim/BinPicking/install/linkattacher_msgs/share/linkattacher_msgs/cmake/export_linkattacher_msgs__rosidl_generator_cExport-noconfig.cmake\n'}
[0.473586] (linkattacher_msgs) StdoutLine: {'line': b'-- Up-to-date: /home/ibrahim/BinPicking/install/linkattacher_msgs/share/linkattacher_msgs/cmake/export_linkattacher_msgs__rosidl_typesupport_fastrtps_cExport.cmake\n'}
[0.473730] (linkattacher_msgs) StdoutLine: {'line': b'-- Up-to-date: /home/ibrahim/BinPicking/install/linkattacher_msgs/share/linkattacher_msgs/cmake/export_linkattacher_msgs__rosidl_typesupport_fastrtps_cExport-noconfig.cmake\n'}
[0.474171] (linkattacher_msgs) StdoutLine: {'line': b'-- Up-to-date: /home/ibrahim/BinPicking/install/linkattacher_msgs/share/linkattacher_msgs/cmake/linkattacher_msgs__rosidl_typesupport_introspection_cExport.cmake\n'}
[0.474339] (linkattacher_msgs) StdoutLine: {'line': b'-- Up-to-date: /home/ibrahim/BinPicking/install/linkattacher_msgs/share/linkattacher_msgs/cmake/linkattacher_msgs__rosidl_typesupport_introspection_cExport-noconfig.cmake\n'}
[0.474718] (linkattacher_msgs) StdoutLine: {'line': b'-- Up-to-date: /home/ibrahim/BinPicking/install/linkattacher_msgs/share/linkattacher_msgs/cmake/linkattacher_msgs__rosidl_typesupport_cExport.cmake\n'}
[0.474941] (linkattacher_msgs) StdoutLine: {'line': b'-- Up-to-date: /home/ibrahim/BinPicking/install/linkattacher_msgs/share/linkattacher_msgs/cmake/linkattacher_msgs__rosidl_typesupport_cExport-noconfig.cmake\n'}
[0.475237] (linkattacher_msgs) StdoutLine: {'line': b'-- Up-to-date: /home/ibrahim/BinPicking/install/linkattacher_msgs/share/linkattacher_msgs/cmake/export_linkattacher_msgs__rosidl_generator_cppExport.cmake\n'}
[0.475642] (linkattacher_msgs) StdoutLine: {'line': b'-- Up-to-date: /home/ibrahim/BinPicking/install/linkattacher_msgs/share/linkattacher_msgs/cmake/export_linkattacher_msgs__rosidl_typesupport_fastrtps_cppExport.cmake\n'}
[0.475810] (linkattacher_msgs) StdoutLine: {'line': b'-- Up-to-date: /home/ibrahim/BinPicking/install/linkattacher_msgs/share/linkattacher_msgs/cmake/export_linkattacher_msgs__rosidl_typesupport_fastrtps_cppExport-noconfig.cmake\n'}
[0.476083] (linkattacher_msgs) StdoutLine: {'line': b'-- Up-to-date: /home/ibrahim/BinPicking/install/linkattacher_msgs/share/linkattacher_msgs/cmake/linkattacher_msgs__rosidl_typesupport_introspection_cppExport.cmake\n'}
[0.476387] (linkattacher_msgs) StdoutLine: {'line': b'-- Up-to-date: /home/ibrahim/BinPicking/install/linkattacher_msgs/share/linkattacher_msgs/cmake/linkattacher_msgs__rosidl_typesupport_introspection_cppExport-noconfig.cmake\n'}
[0.476627] (linkattacher_msgs) StdoutLine: {'line': b'-- Up-to-date: /home/ibrahim/BinPicking/install/linkattacher_msgs/share/linkattacher_msgs/cmake/linkattacher_msgs__rosidl_typesupport_cppExport.cmake\n'}
[0.476714] (linkattacher_msgs) StdoutLine: {'line': b'-- Up-to-date: /home/ibrahim/BinPicking/install/linkattacher_msgs/share/linkattacher_msgs/cmake/linkattacher_msgs__rosidl_typesupport_cppExport-noconfig.cmake\n'}
[0.477032] (linkattacher_msgs) StdoutLine: {'line': b'-- Up-to-date: /home/ibrahim/BinPicking/install/linkattacher_msgs/share/linkattacher_msgs/cmake/export_linkattacher_msgs__rosidl_generator_pyExport.cmake\n'}
[0.477251] (linkattacher_msgs) StdoutLine: {'line': b'-- Up-to-date: /home/ibrahim/BinPicking/install/linkattacher_msgs/share/linkattacher_msgs/cmake/export_linkattacher_msgs__rosidl_generator_pyExport-noconfig.cmake\n'}
[0.477371] (linkattacher_msgs) StdoutLine: {'line': b'-- Up-to-date: /home/ibrahim/BinPicking/install/linkattacher_msgs/share/linkattacher_msgs/cmake/rosidl_cmake-extras.cmake\n'}
[0.477548] (linkattacher_msgs) StdoutLine: {'line': b'-- Up-to-date: /home/ibrahim/BinPicking/install/linkattacher_msgs/share/linkattacher_msgs/cmake/ament_cmake_export_include_directories-extras.cmake\n'}
[0.477748] (linkattacher_msgs) StdoutLine: {'line': b'-- Up-to-date: /home/ibrahim/BinPicking/install/linkattacher_msgs/share/linkattacher_msgs/cmake/ament_cmake_export_libraries-extras.cmake\n'}
[0.477885] (linkattacher_msgs) StdoutLine: {'line': b'-- Up-to-date: /home/ibrahim/BinPicking/install/linkattacher_msgs/share/linkattacher_msgs/cmake/ament_cmake_export_targets-extras.cmake\n'}
[0.478008] (linkattacher_msgs) StdoutLine: {'line': b'-- Up-to-date: /home/ibrahim/BinPicking/install/linkattacher_msgs/share/linkattacher_msgs/cmake/rosidl_cmake_export_typesupport_targets-extras.cmake\n'}
[0.478092] (linkattacher_msgs) StdoutLine: {'line': b'-- Up-to-date: /home/ibrahim/BinPicking/install/linkattacher_msgs/share/linkattacher_msgs/cmake/ament_cmake_export_dependencies-extras.cmake\n'}
[0.478130] (linkattacher_msgs) StdoutLine: {'line': b'-- Up-to-date: /home/ibrahim/BinPicking/install/linkattacher_msgs/share/linkattacher_msgs/cmake/rosidl_cmake_export_typesupport_libraries-extras.cmake\n'}
[0.478163] (linkattacher_msgs) StdoutLine: {'line': b'-- Up-to-date: /home/ibrahim/BinPicking/install/linkattacher_msgs/share/linkattacher_msgs/cmake/linkattacher_msgsConfig.cmake\n'}
[0.478195] (linkattacher_msgs) StdoutLine: {'line': b'-- Up-to-date: /home/ibrahim/BinPicking/install/linkattacher_msgs/share/linkattacher_msgs/cmake/linkattacher_msgsConfig-version.cmake\n'}
[0.478226] (linkattacher_msgs) StdoutLine: {'line': b'-- Up-to-date: /home/ibrahim/BinPicking/install/linkattacher_msgs/share/linkattacher_msgs/package.xml\n'}
[0.481211] (linkattacher_msgs) CommandEnded: {'returncode': 0}
[0.499922] (-) TimerEvent: {}
[0.536622] (linkattacher_msgs) JobEnded: {'identifier': 'linkattacher_msgs', 'rc': 0}
[0.537918] (bin_nodes) JobStarted: {'identifier': 'bin_nodes'}
[0.544273] (ros2_linkattacher) JobStarted: {'identifier': 'ros2_linkattacher'}
[0.600129] (-) TimerEvent: {}
[0.631146] (bin_nodes) JobProgress: {'identifier': 'bin_nodes', 'progress': 'cmake'}
[0.632279] (bin_nodes) JobProgress: {'identifier': 'bin_nodes', 'progress': 'build'}
[0.633525] (bin_nodes) Command: {'cmd': ['/usr/bin/cmake', '--build', '/home/ibrahim/BinPicking/build/bin_nodes', '--', '-j16', '-l16'], 'cwd': '/home/ibrahim/BinPicking/build/bin_nodes', 'env': OrderedDict([('PYTHON_BASIC_REPL', '1'), ('LESSOPEN', '| /usr/bin/lesspipe %s'), ('USER', 'ibrahim'), ('GIT_ASKPASS', '/home/ibrahim/.vscode-server/bin/4fe60c8b1cdac1c4c174f2fb180d0d758272d713/extensions/git/dist/askpass.sh'), ('SHLVL', '1'), ('LD_LIBRARY_PATH', '/home/ibrahim/BinPicking/install/linkattacher_msgs/lib:/home/ibrahim/BinPicking/install/ros2_linkattacher/lib:/home/ibrahim/RobotArmExpanded/install/action_interfaces/lib:/home/ibrahim/RobotArm/install/action_interfaces/lib:/home/ibrahim/RobotNav/install/action_interfaces/lib:/home/ibrahim/ros2_ws/install/action_interfaces/lib:/usr/lib/x86_64-linux-gnu/gazebo-11/plugins:/opt/ros/humble/opt/rviz_ogre_vendor/lib:/opt/ros/humble/lib/x86_64-linux-gnu:/opt/ros/humble/lib'), ('MOTD_SHOWN', 'update-motd'), ('HOME', '/home/ibrahim'), ('TERM_PROGRAM_VERSION', '1.127.0'), ('VSCODE_IPC_HOOK_CLI', '/run/user/1000/vscode-ipc-433db324-c766-4139-b309-e1f0f29bbdbd.sock'), ('ROS_PYTHON_VERSION', '3'), ('VSCODE_GIT_ASKPASS_MAIN', '/home/ibrahim/.vscode-server/bin/4fe60c8b1cdac1c4c174f2fb180d0d758272d713/extensions/git/dist/askpass-main.js'), ('VSCODE_GIT_ASKPASS_NODE', '/home/ibrahim/.vscode-server/bin/4fe60c8b1cdac1c4c174f2fb180d0d758272d713/node'), ('PYDEVD_DISABLE_FILE_VALIDATION', '1'), ('BUNDLED_DEBUGPY_PATH', '/home/ibrahim/.vscode-server/extensions/ms-python.debugpy-2026.6.0-linux-x64/bundled/libs/debugpy'), ('VSCODE_PYTHON_AUTOACTIVATE_GUARD', '1'), ('DBUS_SESSION_BUS_ADDRESS', 'unix:path=/run/user/1000/bus'), ('COLORTERM', 'truecolor'), ('WSL_DISTRO_NAME', 'Ubuntu-22.04'), ('WAYLAND_DISPLAY', 'wayland-0'), ('COLCON_PREFIX_PATH', '/home/ibrahim/BinPicking/install:/home/ibrahim/MoveItArm/install:/home/ibrahim/RobotArmExpanded/install:/home/ibrahim/RobotArm/install:/home/ibrahim/TF2Sample/install:/home/ibrahim/RobotNav/install:/home/ibrahim/RobotMonitor/install:/home/ibrahim/ros2_ws/install'), ('ROS_DISTRO', 'humble'), ('LOGNAME', 'ibrahim'), ('NAME', 'Ibrahim-laptop'), ('WSL_INTEROP', '/run/WSL/430_interop'), ('PULSE_SERVER', 'unix:/mnt/wslg/PulseServer'), ('_', '/usr/bin/colcon'), ('ROS_VERSION', '2'), ('CLAUDE_CODE_SSE_PORT', '42286'), ('TERM', 'xterm-256color'), ('ROS_LOCALHOST_ONLY', '0'), ('PATH', '/home/ibrahim/.vscode-server/data/User/globalStorage/github.copilot-chat/debugCommand:/home/ibrahim/.vscode-server/data/User/globalStorage/github.copilot-chat/copilotCli:/home/ibrahim/.vscode-server/bin/4fe60c8b1cdac1c4c174f2fb180d0d758272d713/bin/remote-cli:/opt/ros/humble/bin:/usr/local/sbin:/usr/local/bin:/usr/sbin:/usr/bin:/sbin:/bin:/usr/games:/usr/local/games:/usr/lib/wsl/lib:/mnt/c/Windows/system32:/mnt/c/Windows:/mnt/c/Windows/System32/Wbem:/mnt/c/Windows/System32/WindowsPowerShell/v1.0/:/mnt/c/Windows/System32/OpenSSH/:/mnt/c/Program Files (x86)/NVIDIA Corporation/PhysX/Common:/mnt/c/Program Files/NVIDIA Corporation/NVIDIA App/NvDLISR:/mnt/c/Program Files/dotnet/:/mnt/c/Program Files/nodejs/:/mnt/c/Program Files/Git/cmd:/mnt/c/Program Files/PostgreSQL/18/bin:/mnt/c/Windows/system32/config/systemprofile/.local/bin:/mnt/c/Program Files/Docker/Docker/resources/bin:/mnt/c/Program Files/GitHub CLI/:/mnt/c/Users/zanto/AppData/Local/Programs/Python/Python312/Scripts/:/mnt/c/Users/zanto/AppData/Local/Programs/Python/Python312/:/mnt/c/Users/zanto/AppData/Local/Programs/Python/Python314/Scripts/:/mnt/c/Users/zanto/AppData/Local/Programs/Python/Python314/:/mnt/c/Users/zanto/AppData/Local/Microsoft/WindowsApps:/mnt/c/Users/zanto/AppData/Local/Programs/Microsoft VS Code/bin:/mnt/c/Users/zanto/AppData/Local/Programs/Ollama:/mnt/c/Users/zanto/AppData/Roaming/npm:/mnt/c/msys64/ucrt64/bin:/snap/bin:/home/ibrahim/.vscode-server/extensions/ms-python.debugpy-2026.6.0-linux-x64/bundled/scripts/noConfigScripts'), ('XDG_RUNTIME_DIR', '/run/user/1000/'), ('DISPLAY', ':0'), ('VSCODE_DEBUGPY_ADAPTER_ENDPOINTS', '/home/ibrahim/.vscode-server/extensions/ms-python.debugpy-2026.6.0-linux-x64/.noConfigDebugAdapterEndpoints/endpoint-c570530454d2fac3.txt'), ('LANG', 'C.UTF-8'), ('PYTHONSTARTUP', '/home/ibrahim/.vscode-server/data/User/workspaceStorage/53d6af783f54596ecf064b03d33c69c7/ms-python.python/pythonrc.py'), ('RMW_IMPLEMENTATION', 'rmw_cyclonedds_cpp'), ('LS_COLORS', 'rs=0:di=01;34:ln=01;36:mh=00:pi=40;33:so=01;35:do=01;35:bd=40;33;01:cd=40;33;01:or=40;31;01:mi=00:su=37;41:sg=30;43:ca=30;41:tw=30;42:ow=34;42:st=37;44:ex=01;32:*.tar=01;31:*.tgz=01;31:*.arc=01;31:*.arj=01;31:*.taz=01;31:*.lha=01;31:*.lz4=01;31:*.lzh=01;31:*.lzma=01;31:*.tlz=01;31:*.txz=01;31:*.tzo=01;31:*.t7z=01;31:*.zip=01;31:*.z=01;31:*.dz=01;31:*.gz=01;31:*.lrz=01;31:*.lz=01;31:*.lzo=01;31:*.xz=01;31:*.zst=01;31:*.tzst=01;31:*.bz2=01;31:*.bz=01;31:*.tbz=01;31:*.tbz2=01;31:*.tz=01;31:*.deb=01;31:*.rpm=01;31:*.jar=01;31:*.war=01;31:*.ear=01;31:*.sar=01;31:*.rar=01;31:*.alz=01;31:*.ace=01;31:*.zoo=01;31:*.cpio=01;31:*.7z=01;31:*.rz=01;31:*.cab=01;31:*.wim=01;31:*.swm=01;31:*.dwm=01;31:*.esd=01;31:*.jpg=01;35:*.jpeg=01;35:*.mjpg=01;35:*.mjpeg=01;35:*.gif=01;35:*.bmp=01;35:*.pbm=01;35:*.pgm=01;35:*.ppm=01;35:*.tga=01;35:*.xbm=01;35:*.xpm=01;35:*.tif=01;35:*.tiff=01;35:*.png=01;35:*.svg=01;35:*.svgz=01;35:*.mng=01;35:*.pcx=01;35:*.mov=01;35:*.mpg=01;35:*.mpeg=01;35:*.m2v=01;35:*.mkv=01;35:*.webm=01;35:*.webp=01;35:*.ogm=01;35:*.mp4=01;35:*.m4v=01;35:*.mp4v=01;35:*.vob=01;35:*.qt=01;35:*.nuv=01;35:*.wmv=01;35:*.asf=01;35:*.rm=01;35:*.rmvb=01;35:*.flc=01;35:*.avi=01;35:*.fli=01;35:*.flv=01;35:*.gl=01;35:*.dl=01;35:*.xcf=01;35:*.xwd=01;35:*.yuv=01;35:*.cgm=01;35:*.emf=01;35:*.ogv=01;35:*.ogx=01;35:*.aac=00;36:*.au=00;36:*.flac=00;36:*.m4a=00;36:*.mid=00;36:*.midi=00;36:*.mka=00;36:*.mp3=00;36:*.mpc=00;36:*.ogg=00;36:*.ra=00;36:*.wav=00;36:*.oga=00;36:*.opus=00;36:*.spx=00;36:*.xspf=00;36:'), ('VSCODE_GIT_IPC_HANDLE', '/run/user/1000/vscode-git-6e1624529d.sock'), ('TERM_PROGRAM', 'vscode'), ('ROS_DOMAIN_ID', '10'), ('AMENT_PREFIX_PATH', '/home/ibrahim/BinPicking/install/ros2_linkattacher:/home/ibrahim/BinPicking/install/moveit_config:/home/ibrahim/BinPicking/install/bin_nodes:/home/ibrahim/BinPicking/install/linkattacher_msgs:/home/ibrahim/RobotArmExpanded/install/main_arm_package:/home/ibrahim/RobotArmExpanded/install/action_interfaces:/home/ibrahim/MoveItArm/install/moveit_config:/home/ibrahim/MoveItArm/install/moveit_arm_package:/home/ibrahim/RobotArm/install/main_arm_package:/home/ibrahim/RobotArm/install/action_interfaces:/home/ibrahim/TF2Sample/install/tf2sim:/home/ibrahim/RobotNav/install/main_robot_nodes:/home/ibrahim/RobotNav/install/action_interfaces:/home/ibrahim/RobotMonitor/install/Robot3Node_Package:/home/ibrahim/ros2_ws/install/my_first_package:/home/ibrahim/ros2_ws/install/action_interfaces:/opt/ros/humble'), ('SHELL', '/bin/bash'), ('LESSCLOSE', '/usr/bin/lesspipe %s %s'), ('VSCODE_GIT_ASKPASS_EXTRA_ARGS', ''), ('PWD', '/home/ibrahim/BinPicking/build/bin_nodes'), ('COPILOT_DEBUG_NONCE', 'd05f4ba8ec07642c4df8354ff840a334'), ('XDG_DATA_DIRS', '/usr/local/share:/usr/share:/var/lib/snapd/desktop'), ('PYTHONPATH', '/home/ibrahim/BinPicking/install/linkattacher_msgs/local/lib/python3.10/dist-packages:/home/ibrahim/RobotArmExpanded/install/action_interfaces/local/lib/python3.10/dist-packages:/home/ibrahim/RobotArm/install/action_interfaces/local/lib/python3.10/dist-packages:/home/ibrahim/RobotNav/install/action_interfaces/local/lib/python3.10/dist-packages:/home/ibrahim/ros2_ws/install/action_interfaces/local/lib/python3.10/dist-packages:/opt/ros/humble/lib/python3.10/site-packages:/opt/ros/humble/local/lib/python3.10/dist-packages'), ('COLCON', '1'), ('WSL2_GUI_APPS_ENABLED', '1'), ('HOSTTYPE', 'x86_64'), ('CMAKE_PREFIX_PATH', '/home/ibrahim/BinPicking/install/linkattacher_msgs:/home/ibrahim/BinPicking/install/ros2_linkattacher:/home/ibrahim/BinPicking/install/moveit_config:/home/ibrahim/BinPicking/install/bin_nodes:/home/ibrahim/RobotArmExpanded/install/main_arm_package:/home/ibrahim/RobotArmExpanded/install/action_interfaces:/home/ibrahim/MoveItArm/install/moveit_config:/home/ibrahim/MoveItArm/install/moveit_arm_package:/home/ibrahim/TF2Sample/install/tf2sim:/home/ibrahim/RobotNav/install/main_robot_nodes:/home/ibrahim/RobotNav/install/action_interfaces:/home/ibrahim/RobotMonitor/install/Robot3Node_Package:/home/ibrahim/ros2_ws/install/my_first_package:/home/ibrahim/ros2_ws/install/action_interfaces:/home/ibrahim/RobotArm/install/main_arm_package:/home/ibrahim/RobotArm/install/action_interfaces:/opt/ros/humble'), ('WSLENV', 'VSCODE_WSL_EXT_LOCATION/up')]), 'shell': False}
[0.636470] (ros2_linkattacher) JobProgress: {'identifier': 'ros2_linkattacher', 'progress': 'cmake'}
[0.637775] (ros2_linkattacher) JobProgress: {'identifier': 'ros2_linkattacher', 'progress': 'build'}
[0.638869] (ros2_linkattacher) Command: {'cmd': ['/usr/bin/cmake', '--build', '/home/ibrahim/BinPicking/build/ros2_linkattacher', '--', '-j16', '-l16'], 'cwd': '/home/ibrahim/BinPicking/build/ros2_linkattacher', 'env': OrderedDict([('PYTHON_BASIC_REPL', '1'), ('LESSOPEN', '| /usr/bin/lesspipe %s'), ('USER', 'ibrahim'), ('GIT_ASKPASS', '/home/ibrahim/.vscode-server/bin/4fe60c8b1cdac1c4c174f2fb180d0d758272d713/extensions/git/dist/askpass.sh'), ('SHLVL', '1'), ('LD_LIBRARY_PATH', '/home/ibrahim/BinPicking/install/linkattacher_msgs/lib:/home/ibrahim/BinPicking/install/ros2_linkattacher/lib:/home/ibrahim/RobotArmExpanded/install/action_interfaces/lib:/home/ibrahim/RobotArm/install/action_interfaces/lib:/home/ibrahim/RobotNav/install/action_interfaces/lib:/home/ibrahim/ros2_ws/install/action_interfaces/lib:/usr/lib/x86_64-linux-gnu/gazebo-11/plugins:/opt/ros/humble/opt/rviz_ogre_vendor/lib:/opt/ros/humble/lib/x86_64-linux-gnu:/opt/ros/humble/lib'), ('MOTD_SHOWN', 'update-motd'), ('HOME', '/home/ibrahim'), ('TERM_PROGRAM_VERSION', '1.127.0'), ('VSCODE_IPC_HOOK_CLI', '/run/user/1000/vscode-ipc-433db324-c766-4139-b309-e1f0f29bbdbd.sock'), ('ROS_PYTHON_VERSION', '3'), ('VSCODE_GIT_ASKPASS_MAIN', '/home/ibrahim/.vscode-server/bin/4fe60c8b1cdac1c4c174f2fb180d0d758272d713/extensions/git/dist/askpass-main.js'), ('VSCODE_GIT_ASKPASS_NODE', '/home/ibrahim/.vscode-server/bin/4fe60c8b1cdac1c4c174f2fb180d0d758272d713/node'), ('PYDEVD_DISABLE_FILE_VALIDATION', '1'), ('BUNDLED_DEBUGPY_PATH', '/home/ibrahim/.vscode-server/extensions/ms-python.debugpy-2026.6.0-linux-x64/bundled/libs/debugpy'), ('VSCODE_PYTHON_AUTOACTIVATE_GUARD', '1'), ('DBUS_SESSION_BUS_ADDRESS', 'unix:path=/run/user/1000/bus'), ('COLORTERM', 'truecolor'), ('WSL_DISTRO_NAME', 'Ubuntu-22.04'), ('WAYLAND_DISPLAY', 'wayland-0'), ('COLCON_PREFIX_PATH', '/home/ibrahim/BinPicking/install:/home/ibrahim/MoveItArm/install:/home/ibrahim/RobotArmExpanded/install:/home/ibrahim/RobotArm/install:/home/ibrahim/TF2Sample/install:/home/ibrahim/RobotNav/install:/home/ibrahim/RobotMonitor/install:/home/ibrahim/ros2_ws/install'), ('ROS_DISTRO', 'humble'), ('LOGNAME', 'ibrahim'), ('NAME', 'Ibrahim-laptop'), ('WSL_INTEROP', '/run/WSL/430_interop'), ('PULSE_SERVER', 'unix:/mnt/wslg/PulseServer'), ('_', '/usr/bin/colcon'), ('ROS_VERSION', '2'), ('CLAUDE_CODE_SSE_PORT', '42286'), ('TERM', 'xterm-256color'), ('ROS_LOCALHOST_ONLY', '0'), ('PATH', '/home/ibrahim/.vscode-server/data/User/globalStorage/github.copilot-chat/debugCommand:/home/ibrahim/.vscode-server/data/User/globalStorage/github.copilot-chat/copilotCli:/home/ibrahim/.vscode-server/bin/4fe60c8b1cdac1c4c174f2fb180d0d758272d713/bin/remote-cli:/opt/ros/humble/bin:/usr/local/sbin:/usr/local/bin:/usr/sbin:/usr/bin:/sbin:/bin:/usr/games:/usr/local/games:/usr/lib/wsl/lib:/mnt/c/Windows/system32:/mnt/c/Windows:/mnt/c/Windows/System32/Wbem:/mnt/c/Windows/System32/WindowsPowerShell/v1.0/:/mnt/c/Windows/System32/OpenSSH/:/mnt/c/Program Files (x86)/NVIDIA Corporation/PhysX/Common:/mnt/c/Program Files/NVIDIA Corporation/NVIDIA App/NvDLISR:/mnt/c/Program Files/dotnet/:/mnt/c/Program Files/nodejs/:/mnt/c/Program Files/Git/cmd:/mnt/c/Program Files/PostgreSQL/18/bin:/mnt/c/Windows/system32/config/systemprofile/.local/bin:/mnt/c/Program Files/Docker/Docker/resources/bin:/mnt/c/Program Files/GitHub CLI/:/mnt/c/Users/zanto/AppData/Local/Programs/Python/Python312/Scripts/:/mnt/c/Users/zanto/AppData/Local/Programs/Python/Python312/:/mnt/c/Users/zanto/AppData/Local/Programs/Python/Python314/Scripts/:/mnt/c/Users/zanto/AppData/Local/Programs/Python/Python314/:/mnt/c/Users/zanto/AppData/Local/Microsoft/WindowsApps:/mnt/c/Users/zanto/AppData/Local/Programs/Microsoft VS Code/bin:/mnt/c/Users/zanto/AppData/Local/Programs/Ollama:/mnt/c/Users/zanto/AppData/Roaming/npm:/mnt/c/msys64/ucrt64/bin:/snap/bin:/home/ibrahim/.vscode-server/extensions/ms-python.debugpy-2026.6.0-linux-x64/bundled/scripts/noConfigScripts'), ('XDG_RUNTIME_DIR', '/run/user/1000/'), ('DISPLAY', ':0'), ('VSCODE_DEBUGPY_ADAPTER_ENDPOINTS', '/home/ibrahim/.vscode-server/extensions/ms-python.debugpy-2026.6.0-linux-x64/.noConfigDebugAdapterEndpoints/endpoint-c570530454d2fac3.txt'), ('LANG', 'C.UTF-8'), ('PYTHONSTARTUP', '/home/ibrahim/.vscode-server/data/User/workspaceStorage/53d6af783f54596ecf064b03d33c69c7/ms-python.python/pythonrc.py'), ('RMW_IMPLEMENTATION', 'rmw_cyclonedds_cpp'), ('LS_COLORS', 'rs=0:di=01;34:ln=01;36:mh=00:pi=40;33:so=01;35:do=01;35:bd=40;33;01:cd=40;33;01:or=40;31;01:mi=00:su=37;41:sg=30;43:ca=30;41:tw=30;42:ow=34;42:st=37;44:ex=01;32:*.tar=01;31:*.tgz=01;31:*.arc=01;31:*.arj=01;31:*.taz=01;31:*.lha=01;31:*.lz4=01;31:*.lzh=01;31:*.lzma=01;31:*.tlz=01;31:*.txz=01;31:*.tzo=01;31:*.t7z=01;31:*.zip=01;31:*.z=01;31:*.dz=01;31:*.gz=01;31:*.lrz=01;31:*.lz=01;31:*.lzo=01;31:*.xz=01;31:*.zst=01;31:*.tzst=01;31:*.bz2=01;31:*.bz=01;31:*.tbz=01;31:*.tbz2=01;31:*.tz=01;31:*.deb=01;31:*.rpm=01;31:*.jar=01;31:*.war=01;31:*.ear=01;31:*.sar=01;31:*.rar=01;31:*.alz=01;31:*.ace=01;31:*.zoo=01;31:*.cpio=01;31:*.7z=01;31:*.rz=01;31:*.cab=01;31:*.wim=01;31:*.swm=01;31:*.dwm=01;31:*.esd=01;31:*.jpg=01;35:*.jpeg=01;35:*.mjpg=01;35:*.mjpeg=01;35:*.gif=01;35:*.bmp=01;35:*.pbm=01;35:*.pgm=01;35:*.ppm=01;35:*.tga=01;35:*.xbm=01;35:*.xpm=01;35:*.tif=01;35:*.tiff=01;35:*.png=01;35:*.svg=01;35:*.svgz=01;35:*.mng=01;35:*.pcx=01;35:*.mov=01;35:*.mpg=01;35:*.mpeg=01;35:*.m2v=01;35:*.mkv=01;35:*.webm=01;35:*.webp=01;35:*.ogm=01;35:*.mp4=01;35:*.m4v=01;35:*.mp4v=01;35:*.vob=01;35:*.qt=01;35:*.nuv=01;35:*.wmv=01;35:*.asf=01;35:*.rm=01;35:*.rmvb=01;35:*.flc=01;35:*.avi=01;35:*.fli=01;35:*.flv=01;35:*.gl=01;35:*.dl=01;35:*.xcf=01;35:*.xwd=01;35:*.yuv=01;35:*.cgm=01;35:*.emf=01;35:*.ogv=01;35:*.ogx=01;35:*.aac=00;36:*.au=00;36:*.flac=00;36:*.m4a=00;36:*.mid=00;36:*.midi=00;36:*.mka=00;36:*.mp3=00;36:*.mpc=00;36:*.ogg=00;36:*.ra=00;36:*.wav=00;36:*.oga=00;36:*.opus=00;36:*.spx=00;36:*.xspf=00;36:'), ('VSCODE_GIT_IPC_HANDLE', '/run/user/1000/vscode-git-6e1624529d.sock'), ('TERM_PROGRAM', 'vscode'), ('ROS_DOMAIN_ID', '10'), ('AMENT_PREFIX_PATH', '/home/ibrahim/BinPicking/install/ros2_linkattacher:/home/ibrahim/BinPicking/install/moveit_config:/home/ibrahim/BinPicking/install/bin_nodes:/home/ibrahim/BinPicking/install/linkattacher_msgs:/home/ibrahim/RobotArmExpanded/install/main_arm_package:/home/ibrahim/RobotArmExpanded/install/action_interfaces:/home/ibrahim/MoveItArm/install/moveit_config:/home/ibrahim/MoveItArm/install/moveit_arm_package:/home/ibrahim/RobotArm/install/main_arm_package:/home/ibrahim/RobotArm/install/action_interfaces:/home/ibrahim/TF2Sample/install/tf2sim:/home/ibrahim/RobotNav/install/main_robot_nodes:/home/ibrahim/RobotNav/install/action_interfaces:/home/ibrahim/RobotMonitor/install/Robot3Node_Package:/home/ibrahim/ros2_ws/install/my_first_package:/home/ibrahim/ros2_ws/install/action_interfaces:/opt/ros/humble'), ('SHELL', '/bin/bash'), ('LESSCLOSE', '/usr/bin/lesspipe %s %s'), ('VSCODE_GIT_ASKPASS_EXTRA_ARGS', ''), ('PWD', '/home/ibrahim/BinPicking/build/ros2_linkattacher'), ('COPILOT_DEBUG_NONCE', 'd05f4ba8ec07642c4df8354ff840a334'), ('XDG_DATA_DIRS', '/usr/local/share:/usr/share:/var/lib/snapd/desktop'), ('PYTHONPATH', '/home/ibrahim/BinPicking/install/linkattacher_msgs/local/lib/python3.10/dist-packages:/home/ibrahim/RobotArmExpanded/install/action_interfaces/local/lib/python3.10/dist-packages:/home/ibrahim/RobotArm/install/action_interfaces/local/lib/python3.10/dist-packages:/home/ibrahim/RobotNav/install/action_interfaces/local/lib/python3.10/dist-packages:/home/ibrahim/ros2_ws/install/action_interfaces/local/lib/python3.10/dist-packages:/opt/ros/humble/lib/python3.10/site-packages:/opt/ros/humble/local/lib/python3.10/dist-packages'), ('COLCON', '1'), ('WSL2_GUI_APPS_ENABLED', '1'), ('HOSTTYPE', 'x86_64'), ('CMAKE_PREFIX_PATH', '/home/ibrahim/BinPicking/install/linkattacher_msgs:/home/ibrahim/BinPicking/install/ros2_linkattacher:/home/ibrahim/BinPicking/install/moveit_config:/home/ibrahim/BinPicking/install/bin_nodes:/home/ibrahim/RobotArmExpanded/install/main_arm_package:/home/ibrahim/RobotArmExpanded/install/action_interfaces:/home/ibrahim/MoveItArm/install/moveit_config:/home/ibrahim/MoveItArm/install/moveit_arm_package:/home/ibrahim/TF2Sample/install/tf2sim:/home/ibrahim/RobotNav/install/main_robot_nodes:/home/ibrahim/RobotNav/install/action_interfaces:/home/ibrahim/RobotMonitor/install/Robot3Node_Package:/home/ibrahim/ros2_ws/install/my_first_package:/home/ibrahim/ros2_ws/install/action_interfaces:/home/ibrahim/RobotArm/install/main_arm_package:/home/ibrahim/RobotArm/install/action_interfaces:/opt/ros/humble'), ('WSLENV', 'VSCODE_WSL_EXT_LOCATION/up')]), 'shell': False}
[0.700292] (-) TimerEvent: {}
[0.721608] (bin_nodes) StdoutLine: {'line': b'[ 50%] Built target MoveArm\n'}
[0.727962] (ros2_linkattacher) StdoutLine: {'line': b'[100%] Built target gazebo_link_attacher\n'}
[0.730207] (bin_nodes) StdoutLine: {'line': b'[100%] Built target pick_and_place_fixed\n'}
[0.740497] (ros2_linkattacher) CommandEnded: {'returncode': 0}
[0.741933] (ros2_linkattacher) JobProgress: {'identifier': 'ros2_linkattacher', 'progress': 'install'}
[0.743034] (ros2_linkattacher) Command: {'cmd': ['/usr/bin/cmake', '--install', '/home/ibrahim/BinPicking/build/ros2_linkattacher'], 'cwd': '/home/ibrahim/BinPicking/build/ros2_linkattacher', 'env': OrderedDict([('PYTHON_BASIC_REPL', '1'), ('LESSOPEN', '| /usr/bin/lesspipe %s'), ('USER', 'ibrahim'), ('GIT_ASKPASS', '/home/ibrahim/.vscode-server/bin/4fe60c8b1cdac1c4c174f2fb180d0d758272d713/extensions/git/dist/askpass.sh'), ('SHLVL', '1'), ('LD_LIBRARY_PATH', '/home/ibrahim/BinPicking/install/linkattacher_msgs/lib:/home/ibrahim/BinPicking/install/ros2_linkattacher/lib:/home/ibrahim/RobotArmExpanded/install/action_interfaces/lib:/home/ibrahim/RobotArm/install/action_interfaces/lib:/home/ibrahim/RobotNav/install/action_interfaces/lib:/home/ibrahim/ros2_ws/install/action_interfaces/lib:/usr/lib/x86_64-linux-gnu/gazebo-11/plugins:/opt/ros/humble/opt/rviz_ogre_vendor/lib:/opt/ros/humble/lib/x86_64-linux-gnu:/opt/ros/humble/lib'), ('MOTD_SHOWN', 'update-motd'), ('HOME', '/home/ibrahim'), ('TERM_PROGRAM_VERSION', '1.127.0'), ('VSCODE_IPC_HOOK_CLI', '/run/user/1000/vscode-ipc-433db324-c766-4139-b309-e1f0f29bbdbd.sock'), ('ROS_PYTHON_VERSION', '3'), ('VSCODE_GIT_ASKPASS_MAIN', '/home/ibrahim/.vscode-server/bin/4fe60c8b1cdac1c4c174f2fb180d0d758272d713/extensions/git/dist/askpass-main.js'), ('VSCODE_GIT_ASKPASS_NODE', '/home/ibrahim/.vscode-server/bin/4fe60c8b1cdac1c4c174f2fb180d0d758272d713/node'), ('PYDEVD_DISABLE_FILE_VALIDATION', '1'), ('BUNDLED_DEBUGPY_PATH', '/home/ibrahim/.vscode-server/extensions/ms-python.debugpy-2026.6.0-linux-x64/bundled/libs/debugpy'), ('VSCODE_PYTHON_AUTOACTIVATE_GUARD', '1'), ('DBUS_SESSION_BUS_ADDRESS', 'unix:path=/run/user/1000/bus'), ('COLORTERM', 'truecolor'), ('WSL_DISTRO_NAME', 'Ubuntu-22.04'), ('WAYLAND_DISPLAY', 'wayland-0'), ('COLCON_PREFIX_PATH', '/home/ibrahim/BinPicking/install:/home/ibrahim/MoveItArm/install:/home/ibrahim/RobotArmExpanded/install:/home/ibrahim/RobotArm/install:/home/ibrahim/TF2Sample/install:/home/ibrahim/RobotNav/install:/home/ibrahim/RobotMonitor/install:/home/ibrahim/ros2_ws/install'), ('ROS_DISTRO', 'humble'), ('LOGNAME', 'ibrahim'), ('NAME', 'Ibrahim-laptop'), ('WSL_INTEROP', '/run/WSL/430_interop'), ('PULSE_SERVER', 'unix:/mnt/wslg/PulseServer'), ('_', '/usr/bin/colcon'), ('ROS_VERSION', '2'), ('CLAUDE_CODE_SSE_PORT', '42286'), ('TERM', 'xterm-256color'), ('ROS_LOCALHOST_ONLY', '0'), ('PATH', '/home/ibrahim/.vscode-server/data/User/globalStorage/github.copilot-chat/debugCommand:/home/ibrahim/.vscode-server/data/User/globalStorage/github.copilot-chat/copilotCli:/home/ibrahim/.vscode-server/bin/4fe60c8b1cdac1c4c174f2fb180d0d758272d713/bin/remote-cli:/opt/ros/humble/bin:/usr/local/sbin:/usr/local/bin:/usr/sbin:/usr/bin:/sbin:/bin:/usr/games:/usr/local/games:/usr/lib/wsl/lib:/mnt/c/Windows/system32:/mnt/c/Windows:/mnt/c/Windows/System32/Wbem:/mnt/c/Windows/System32/WindowsPowerShell/v1.0/:/mnt/c/Windows/System32/OpenSSH/:/mnt/c/Program Files (x86)/NVIDIA Corporation/PhysX/Common:/mnt/c/Program Files/NVIDIA Corporation/NVIDIA App/NvDLISR:/mnt/c/Program Files/dotnet/:/mnt/c/Program Files/nodejs/:/mnt/c/Program Files/Git/cmd:/mnt/c/Program Files/PostgreSQL/18/bin:/mnt/c/Windows/system32/config/systemprofile/.local/bin:/mnt/c/Program Files/Docker/Docker/resources/bin:/mnt/c/Program Files/GitHub CLI/:/mnt/c/Users/zanto/AppData/Local/Programs/Python/Python312/Scripts/:/mnt/c/Users/zanto/AppData/Local/Programs/Python/Python312/:/mnt/c/Users/zanto/AppData/Local/Programs/Python/Python314/Scripts/:/mnt/c/Users/zanto/AppData/Local/Programs/Python/Python314/:/mnt/c/Users/zanto/AppData/Local/Microsoft/WindowsApps:/mnt/c/Users/zanto/AppData/Local/Programs/Microsoft VS Code/bin:/mnt/c/Users/zanto/AppData/Local/Programs/Ollama:/mnt/c/Users/zanto/AppData/Roaming/npm:/mnt/c/msys64/ucrt64/bin:/snap/bin:/home/ibrahim/.vscode-server/extensions/ms-python.debugpy-2026.6.0-linux-x64/bundled/scripts/noConfigScripts'), ('XDG_RUNTIME_DIR', '/run/user/1000/'), ('DISPLAY', ':0'), ('VSCODE_DEBUGPY_ADAPTER_ENDPOINTS', '/home/ibrahim/.vscode-server/extensions/ms-python.debugpy-2026.6.0-linux-x64/.noConfigDebugAdapterEndpoints/endpoint-c570530454d2fac3.txt'), ('LANG', 'C.UTF-8'), ('PYTHONSTARTUP', '/home/ibrahim/.vscode-server/data/User/workspaceStorage/53d6af783f54596ecf064b03d33c69c7/ms-python.python/pythonrc.py'), ('RMW_IMPLEMENTATION', 'rmw_cyclonedds_cpp'), ('LS_COLORS', 'rs=0:di=01;34:ln=01;36:mh=00:pi=40;33:so=01;35:do=01;35:bd=40;33;01:cd=40;33;01:or=40;31;01:mi=00:su=37;41:sg=30;43:ca=30;41:tw=30;42:ow=34;42:st=37;44:ex=01;32:*.tar=01;31:*.tgz=01;31:*.arc=01;31:*.arj=01;31:*.taz=01;31:*.lha=01;31:*.lz4=01;31:*.lzh=01;31:*.lzma=01;31:*.tlz=01;31:*.txz=01;31:*.tzo=01;31:*.t7z=01;31:*.zip=01;31:*.z=01;31:*.dz=01;31:*.gz=01;31:*.lrz=01;31:*.lz=01;31:*.lzo=01;31:*.xz=01;31:*.zst=01;31:*.tzst=01;31:*.bz2=01;31:*.bz=01;31:*.tbz=01;31:*.tbz2=01;31:*.tz=01;31:*.deb=01;31:*.rpm=01;31:*.jar=01;31:*.war=01;31:*.ear=01;31:*.sar=01;31:*.rar=01;31:*.alz=01;31:*.ace=01;31:*.zoo=01;31:*.cpio=01;31:*.7z=01;31:*.rz=01;31:*.cab=01;31:*.wim=01;31:*.swm=01;31:*.dwm=01;31:*.esd=01;31:*.jpg=01;35:*.jpeg=01;35:*.mjpg=01;35:*.mjpeg=01;35:*.gif=01;35:*.bmp=01;35:*.pbm=01;35:*.pgm=01;35:*.ppm=01;35:*.tga=01;35:*.xbm=01;35:*.xpm=01;35:*.tif=01;35:*.tiff=01;35:*.png=01;35:*.svg=01;35:*.svgz=01;35:*.mng=01;35:*.pcx=01;35:*.mov=01;35:*.mpg=01;35:*.mpeg=01;35:*.m2v=01;35:*.mkv=01;35:*.webm=01;35:*.webp=01;35:*.ogm=01;35:*.mp4=01;35:*.m4v=01;35:*.mp4v=01;35:*.vob=01;35:*.qt=01;35:*.nuv=01;35:*.wmv=01;35:*.asf=01;35:*.rm=01;35:*.rmvb=01;35:*.flc=01;35:*.avi=01;35:*.fli=01;35:*.flv=01;35:*.gl=01;35:*.dl=01;35:*.xcf=01;35:*.xwd=01;35:*.yuv=01;35:*.cgm=01;35:*.emf=01;35:*.ogv=01;35:*.ogx=01;35:*.aac=00;36:*.au=00;36:*.flac=00;36:*.m4a=00;36:*.mid=00;36:*.midi=00;36:*.mka=00;36:*.mp3=00;36:*.mpc=00;36:*.ogg=00;36:*.ra=00;36:*.wav=00;36:*.oga=00;36:*.opus=00;36:*.spx=00;36:*.xspf=00;36:'), ('VSCODE_GIT_IPC_HANDLE', '/run/user/1000/vscode-git-6e1624529d.sock'), ('TERM_PROGRAM', 'vscode'), ('ROS_DOMAIN_ID', '10'), ('AMENT_PREFIX_PATH', '/home/ibrahim/BinPicking/install/ros2_linkattacher:/home/ibrahim/BinPicking/install/moveit_config:/home/ibrahim/BinPicking/install/bin_nodes:/home/ibrahim/BinPicking/install/linkattacher_msgs:/home/ibrahim/RobotArmExpanded/install/main_arm_package:/home/ibrahim/RobotArmExpanded/install/action_interfaces:/home/ibrahim/MoveItArm/install/moveit_config:/home/ibrahim/MoveItArm/install/moveit_arm_package:/home/ibrahim/RobotArm/install/main_arm_package:/home/ibrahim/RobotArm/install/action_interfaces:/home/ibrahim/TF2Sample/install/tf2sim:/home/ibrahim/RobotNav/install/main_robot_nodes:/home/ibrahim/RobotNav/install/action_interfaces:/home/ibrahim/RobotMonitor/install/Robot3Node_Package:/home/ibrahim/ros2_ws/install/my_first_package:/home/ibrahim/ros2_ws/install/action_interfaces:/opt/ros/humble'), ('SHELL', '/bin/bash'), ('LESSCLOSE', '/usr/bin/lesspipe %s %s'), ('VSCODE_GIT_ASKPASS_EXTRA_ARGS', ''), ('PWD', '/home/ibrahim/BinPicking/build/ros2_linkattacher'), ('COPILOT_DEBUG_NONCE', 'd05f4ba8ec07642c4df8354ff840a334'), ('XDG_DATA_DIRS', '/usr/local/share:/usr/share:/var/lib/snapd/desktop'), ('PYTHONPATH', '/home/ibrahim/BinPicking/install/linkattacher_msgs/local/lib/python3.10/dist-packages:/home/ibrahim/RobotArmExpanded/install/action_interfaces/local/lib/python3.10/dist-packages:/home/ibrahim/RobotArm/install/action_interfaces/local/lib/python3.10/dist-packages:/home/ibrahim/RobotNav/install/action_interfaces/local/lib/python3.10/dist-packages:/home/ibrahim/ros2_ws/install/action_interfaces/local/lib/python3.10/dist-packages:/opt/ros/humble/lib/python3.10/site-packages:/opt/ros/humble/local/lib/python3.10/dist-packages'), ('COLCON', '1'), ('WSL2_GUI_APPS_ENABLED', '1'), ('HOSTTYPE', 'x86_64'), ('CMAKE_PREFIX_PATH', '/home/ibrahim/BinPicking/install/linkattacher_msgs:/home/ibrahim/BinPicking/install/ros2_linkattacher:/home/ibrahim/BinPicking/install/moveit_config:/home/ibrahim/BinPicking/install/bin_nodes:/home/ibrahim/RobotArmExpanded/install/main_arm_package:/home/ibrahim/RobotArmExpanded/install/action_interfaces:/home/ibrahim/MoveItArm/install/moveit_config:/home/ibrahim/MoveItArm/install/moveit_arm_package:/home/ibrahim/TF2Sample/install/tf2sim:/home/ibrahim/RobotNav/install/main_robot_nodes:/home/ibrahim/RobotNav/install/action_interfaces:/home/ibrahim/RobotMonitor/install/Robot3Node_Package:/home/ibrahim/ros2_ws/install/my_first_package:/home/ibrahim/ros2_ws/install/action_interfaces:/home/ibrahim/RobotArm/install/main_arm_package:/home/ibrahim/RobotArm/install/action_interfaces:/opt/ros/humble'), ('WSLENV', 'VSCODE_WSL_EXT_LOCATION/up')]), 'shell': False}
[0.745000] (bin_nodes) CommandEnded: {'returncode': 0}
[0.746172] (bin_nodes) JobProgress: {'identifier': 'bin_nodes', 'progress': 'install'}
[0.747395] (bin_nodes) Command: {'cmd': ['/usr/bin/cmake', '--install', '/home/ibrahim/BinPicking/build/bin_nodes'], 'cwd': '/home/ibrahim/BinPicking/build/bin_nodes', 'env': OrderedDict([('PYTHON_BASIC_REPL', '1'), ('LESSOPEN', '| /usr/bin/lesspipe %s'), ('USER', 'ibrahim'), ('GIT_ASKPASS', '/home/ibrahim/.vscode-server/bin/4fe60c8b1cdac1c4c174f2fb180d0d758272d713/extensions/git/dist/askpass.sh'), ('SHLVL', '1'), ('LD_LIBRARY_PATH', '/home/ibrahim/BinPicking/install/linkattacher_msgs/lib:/home/ibrahim/BinPicking/install/ros2_linkattacher/lib:/home/ibrahim/RobotArmExpanded/install/action_interfaces/lib:/home/ibrahim/RobotArm/install/action_interfaces/lib:/home/ibrahim/RobotNav/install/action_interfaces/lib:/home/ibrahim/ros2_ws/install/action_interfaces/lib:/usr/lib/x86_64-linux-gnu/gazebo-11/plugins:/opt/ros/humble/opt/rviz_ogre_vendor/lib:/opt/ros/humble/lib/x86_64-linux-gnu:/opt/ros/humble/lib'), ('MOTD_SHOWN', 'update-motd'), ('HOME', '/home/ibrahim'), ('TERM_PROGRAM_VERSION', '1.127.0'), ('VSCODE_IPC_HOOK_CLI', '/run/user/1000/vscode-ipc-433db324-c766-4139-b309-e1f0f29bbdbd.sock'), ('ROS_PYTHON_VERSION', '3'), ('VSCODE_GIT_ASKPASS_MAIN', '/home/ibrahim/.vscode-server/bin/4fe60c8b1cdac1c4c174f2fb180d0d758272d713/extensions/git/dist/askpass-main.js'), ('VSCODE_GIT_ASKPASS_NODE', '/home/ibrahim/.vscode-server/bin/4fe60c8b1cdac1c4c174f2fb180d0d758272d713/node'), ('PYDEVD_DISABLE_FILE_VALIDATION', '1'), ('BUNDLED_DEBUGPY_PATH', '/home/ibrahim/.vscode-server/extensions/ms-python.debugpy-2026.6.0-linux-x64/bundled/libs/debugpy'), ('VSCODE_PYTHON_AUTOACTIVATE_GUARD', '1'), ('DBUS_SESSION_BUS_ADDRESS', 'unix:path=/run/user/1000/bus'), ('COLORTERM', 'truecolor'), ('WSL_DISTRO_NAME', 'Ubuntu-22.04'), ('WAYLAND_DISPLAY', 'wayland-0'), ('COLCON_PREFIX_PATH', '/home/ibrahim/BinPicking/install:/home/ibrahim/MoveItArm/install:/home/ibrahim/RobotArmExpanded/install:/home/ibrahim/RobotArm/install:/home/ibrahim/TF2Sample/install:/home/ibrahim/RobotNav/install:/home/ibrahim/RobotMonitor/install:/home/ibrahim/ros2_ws/install'), ('ROS_DISTRO', 'humble'), ('LOGNAME', 'ibrahim'), ('NAME', 'Ibrahim-laptop'), ('WSL_INTEROP', '/run/WSL/430_interop'), ('PULSE_SERVER', 'unix:/mnt/wslg/PulseServer'), ('_', '/usr/bin/colcon'), ('ROS_VERSION', '2'), ('CLAUDE_CODE_SSE_PORT', '42286'), ('TERM', 'xterm-256color'), ('ROS_LOCALHOST_ONLY', '0'), ('PATH', '/home/ibrahim/.vscode-server/data/User/globalStorage/github.copilot-chat/debugCommand:/home/ibrahim/.vscode-server/data/User/globalStorage/github.copilot-chat/copilotCli:/home/ibrahim/.vscode-server/bin/4fe60c8b1cdac1c4c174f2fb180d0d758272d713/bin/remote-cli:/opt/ros/humble/bin:/usr/local/sbin:/usr/local/bin:/usr/sbin:/usr/bin:/sbin:/bin:/usr/games:/usr/local/games:/usr/lib/wsl/lib:/mnt/c/Windows/system32:/mnt/c/Windows:/mnt/c/Windows/System32/Wbem:/mnt/c/Windows/System32/WindowsPowerShell/v1.0/:/mnt/c/Windows/System32/OpenSSH/:/mnt/c/Program Files (x86)/NVIDIA Corporation/PhysX/Common:/mnt/c/Program Files/NVIDIA Corporation/NVIDIA App/NvDLISR:/mnt/c/Program Files/dotnet/:/mnt/c/Program Files/nodejs/:/mnt/c/Program Files/Git/cmd:/mnt/c/Program Files/PostgreSQL/18/bin:/mnt/c/Windows/system32/config/systemprofile/.local/bin:/mnt/c/Program Files/Docker/Docker/resources/bin:/mnt/c/Program Files/GitHub CLI/:/mnt/c/Users/zanto/AppData/Local/Programs/Python/Python312/Scripts/:/mnt/c/Users/zanto/AppData/Local/Programs/Python/Python312/:/mnt/c/Users/zanto/AppData/Local/Programs/Python/Python314/Scripts/:/mnt/c/Users/zanto/AppData/Local/Programs/Python/Python314/:/mnt/c/Users/zanto/AppData/Local/Microsoft/WindowsApps:/mnt/c/Users/zanto/AppData/Local/Programs/Microsoft VS Code/bin:/mnt/c/Users/zanto/AppData/Local/Programs/Ollama:/mnt/c/Users/zanto/AppData/Roaming/npm:/mnt/c/msys64/ucrt64/bin:/snap/bin:/home/ibrahim/.vscode-server/extensions/ms-python.debugpy-2026.6.0-linux-x64/bundled/scripts/noConfigScripts'), ('XDG_RUNTIME_DIR', '/run/user/1000/'), ('DISPLAY', ':0'), ('VSCODE_DEBUGPY_ADAPTER_ENDPOINTS', '/home/ibrahim/.vscode-server/extensions/ms-python.debugpy-2026.6.0-linux-x64/.noConfigDebugAdapterEndpoints/endpoint-c570530454d2fac3.txt'), ('LANG', 'C.UTF-8'), ('PYTHONSTARTUP', '/home/ibrahim/.vscode-server/data/User/workspaceStorage/53d6af783f54596ecf064b03d33c69c7/ms-python.python/pythonrc.py'), ('RMW_IMPLEMENTATION', 'rmw_cyclonedds_cpp'), ('LS_COLORS', 'rs=0:di=01;34:ln=01;36:mh=00:pi=40;33:so=01;35:do=01;35:bd=40;33;01:cd=40;33;01:or=40;31;01:mi=00:su=37;41:sg=30;43:ca=30;41:tw=30;42:ow=34;42:st=37;44:ex=01;32:*.tar=01;31:*.tgz=01;31:*.arc=01;31:*.arj=01;31:*.taz=01;31:*.lha=01;31:*.lz4=01;31:*.lzh=01;31:*.lzma=01;31:*.tlz=01;31:*.txz=01;31:*.tzo=01;31:*.t7z=01;31:*.zip=01;31:*.z=01;31:*.dz=01;31:*.gz=01;31:*.lrz=01;31:*.lz=01;31:*.lzo=01;31:*.xz=01;31:*.zst=01;31:*.tzst=01;31:*.bz2=01;31:*.bz=01;31:*.tbz=01;31:*.tbz2=01;31:*.tz=01;31:*.deb=01;31:*.rpm=01;31:*.jar=01;31:*.war=01;31:*.ear=01;31:*.sar=01;31:*.rar=01;31:*.alz=01;31:*.ace=01;31:*.zoo=01;31:*.cpio=01;31:*.7z=01;31:*.rz=01;31:*.cab=01;31:*.wim=01;31:*.swm=01;31:*.dwm=01;31:*.esd=01;31:*.jpg=01;35:*.jpeg=01;35:*.mjpg=01;35:*.mjpeg=01;35:*.gif=01;35:*.bmp=01;35:*.pbm=01;35:*.pgm=01;35:*.ppm=01;35:*.tga=01;35:*.xbm=01;35:*.xpm=01;35:*.tif=01;35:*.tiff=01;35:*.png=01;35:*.svg=01;35:*.svgz=01;35:*.mng=01;35:*.pcx=01;35:*.mov=01;35:*.mpg=01;35:*.mpeg=01;35:*.m2v=01;35:*.mkv=01;35:*.webm=01;35:*.webp=01;35:*.ogm=01;35:*.mp4=01;35:*.m4v=01;35:*.mp4v=01;35:*.vob=01;35:*.qt=01;35:*.nuv=01;35:*.wmv=01;35:*.asf=01;35:*.rm=01;35:*.rmvb=01;35:*.flc=01;35:*.avi=01;35:*.fli=01;35:*.flv=01;35:*.gl=01;35:*.dl=01;35:*.xcf=01;35:*.xwd=01;35:*.yuv=01;35:*.cgm=01;35:*.emf=01;35:*.ogv=01;35:*.ogx=01;35:*.aac=00;36:*.au=00;36:*.flac=00;36:*.m4a=00;36:*.mid=00;36:*.midi=00;36:*.mka=00;36:*.mp3=00;36:*.mpc=00;36:*.ogg=00;36:*.ra=00;36:*.wav=00;36:*.oga=00;36:*.opus=00;36:*.spx=00;36:*.xspf=00;36:'), ('VSCODE_GIT_IPC_HANDLE', '/run/user/1000/vscode-git-6e1624529d.sock'), ('TERM_PROGRAM', 'vscode'), ('ROS_DOMAIN_ID', '10'), ('AMENT_PREFIX_PATH', '/home/ibrahim/BinPicking/install/ros2_linkattacher:/home/ibrahim/BinPicking/install/moveit_config:/home/ibrahim/BinPicking/install/bin_nodes:/home/ibrahim/BinPicking/install/linkattacher_msgs:/home/ibrahim/RobotArmExpanded/install/main_arm_package:/home/ibrahim/RobotArmExpanded/install/action_interfaces:/home/ibrahim/MoveItArm/install/moveit_config:/home/ibrahim/MoveItArm/install/moveit_arm_package:/home/ibrahim/RobotArm/install/main_arm_package:/home/ibrahim/RobotArm/install/action_interfaces:/home/ibrahim/TF2Sample/install/tf2sim:/home/ibrahim/RobotNav/install/main_robot_nodes:/home/ibrahim/RobotNav/install/action_interfaces:/home/ibrahim/RobotMonitor/install/Robot3Node_Package:/home/ibrahim/ros2_ws/install/my_first_package:/home/ibrahim/ros2_ws/install/action_interfaces:/opt/ros/humble'), ('SHELL', '/bin/bash'), ('LESSCLOSE', '/usr/bin/lesspipe %s %s'), ('VSCODE_GIT_ASKPASS_EXTRA_ARGS', ''), ('PWD', '/home/ibrahim/BinPicking/build/bin_nodes'), ('COPILOT_DEBUG_NONCE', 'd05f4ba8ec07642c4df8354ff840a334'), ('XDG_DATA_DIRS', '/usr/local/share:/usr/share:/var/lib/snapd/desktop'), ('PYTHONPATH', '/home/ibrahim/BinPicking/install/linkattacher_msgs/local/lib/python3.10/dist-packages:/home/ibrahim/RobotArmExpanded/install/action_interfaces/local/lib/python3.10/dist-packages:/home/ibrahim/RobotArm/install/action_interfaces/local/lib/python3.10/dist-packages:/home/ibrahim/RobotNav/install/action_interfaces/local/lib/python3.10/dist-packages:/home/ibrahim/ros2_ws/install/action_interfaces/local/lib/python3.10/dist-packages:/opt/ros/humble/lib/python3.10/site-packages:/opt/ros/humble/local/lib/python3.10/dist-packages'), ('COLCON', '1'), ('WSL2_GUI_APPS_ENABLED', '1'), ('HOSTTYPE', 'x86_64'), ('CMAKE_PREFIX_PATH', '/home/ibrahim/BinPicking/install/linkattacher_msgs:/home/ibrahim/BinPicking/install/ros2_linkattacher:/home/ibrahim/BinPicking/install/moveit_config:/home/ibrahim/BinPicking/install/bin_nodes:/home/ibrahim/RobotArmExpanded/install/main_arm_package:/home/ibrahim/RobotArmExpanded/install/action_interfaces:/home/ibrahim/MoveItArm/install/moveit_config:/home/ibrahim/MoveItArm/install/moveit_arm_package:/home/ibrahim/TF2Sample/install/tf2sim:/home/ibrahim/RobotNav/install/main_robot_nodes:/home/ibrahim/RobotNav/install/action_interfaces:/home/ibrahim/RobotMonitor/install/Robot3Node_Package:/home/ibrahim/ros2_ws/install/my_first_package:/home/ibrahim/ros2_ws/install/action_interfaces:/home/ibrahim/RobotArm/install/main_arm_package:/home/ibrahim/RobotArm/install/action_interfaces:/opt/ros/humble'), ('WSLENV', 'VSCODE_WSL_EXT_LOCATION/up')]), 'shell': False}
[0.752102] (ros2_linkattacher) StdoutLine: {'line': b'-- Install configuration: ""\n'}
[0.752523] (ros2_linkattacher) StdoutLine: {'line': b'-- Up-to-date: /home/ibrahim/BinPicking/install/ros2_linkattacher/share/ros2_linkattacher/environment/library_path.sh\n'}
[0.752768] (ros2_linkattacher) StdoutLine: {'line': b'-- Up-to-date: /home/ibrahim/BinPicking/install/ros2_linkattacher/share/ros2_linkattacher/environment/library_path.dsv\n'}
[0.752899] (ros2_linkattacher) StdoutLine: {'line': b'-- Up-to-date: /home/ibrahim/BinPicking/install/ros2_linkattacher/lib/libgazebo_link_attacher.so\n'}
[0.753190] (ros2_linkattacher) StdoutLine: {'line': b'-- Up-to-date: /home/ibrahim/BinPicking/install/ros2_linkattacher/share/ament_index/resource_index/package_run_dependencies/ros2_linkattacher\n'}
[0.753374] (ros2_linkattacher) StdoutLine: {'line': b'-- Up-to-date: /home/ibrahim/BinPicking/install/ros2_linkattacher/share/ament_index/resource_index/parent_prefix_path/ros2_linkattacher\n'}
[0.753701] (ros2_linkattacher) StdoutLine: {'line': b'-- Up-to-date: /home/ibrahim/BinPicking/install/ros2_linkattacher/share/ros2_linkattacher/environment/ament_prefix_path.sh\n'}
[0.754009] (ros2_linkattacher) StdoutLine: {'line': b'-- Up-to-date: /home/ibrahim/BinPicking/install/ros2_linkattacher/share/ros2_linkattacher/environment/ament_prefix_path.dsv\n'}
[0.754189] (ros2_linkattacher) StdoutLine: {'line': b'-- Up-to-date: /home/ibrahim/BinPicking/install/ros2_linkattacher/share/ros2_linkattacher/environment/path.sh\n'}
[0.754348] (ros2_linkattacher) StdoutLine: {'line': b'-- Up-to-date: /home/ibrahim/BinPicking/install/ros2_linkattacher/share/ros2_linkattacher/environment/path.dsv\n'}
[0.754467] (ros2_linkattacher) StdoutLine: {'line': b'-- Up-to-date: /home/ibrahim/BinPicking/install/ros2_linkattacher/share/ros2_linkattacher/local_setup.bash\n'}
[0.754622] (ros2_linkattacher) StdoutLine: {'line': b'-- Up-to-date: /home/ibrahim/BinPicking/install/ros2_linkattacher/share/ros2_linkattacher/local_setup.sh\n'}
[0.754691] (ros2_linkattacher) StdoutLine: {'line': b'-- Up-to-date: /home/ibrahim/BinPicking/install/ros2_linkattacher/share/ros2_linkattacher/local_setup.zsh\n'}
[0.754887] (ros2_linkattacher) StdoutLine: {'line': b'-- Up-to-date: /home/ibrahim/BinPicking/install/ros2_linkattacher/share/ros2_linkattacher/local_setup.dsv\n'}
[0.755090] (ros2_linkattacher) StdoutLine: {'line': b'-- Installing: /home/ibrahim/BinPicking/install/ros2_linkattacher/share/ros2_linkattacher/package.dsv\n'}
[0.755286] (ros2_linkattacher) StdoutLine: {'line': b'-- Up-to-date: /home/ibrahim/BinPicking/install/ros2_linkattacher/share/ament_index/resource_index/packages/ros2_linkattacher\n'}
[0.755362] (ros2_linkattacher) StdoutLine: {'line': b'-- Up-to-date: /home/ibrahim/BinPicking/install/ros2_linkattacher/share/ros2_linkattacher/cmake/ament_cmake_export_libraries-extras.cmake\n'}
[0.755409] (ros2_linkattacher) StdoutLine: {'line': b'-- Up-to-date: /home/ibrahim/BinPicking/install/ros2_linkattacher/share/ros2_linkattacher/cmake/ros2_linkattacherConfig.cmake\n'}
[0.755514] (ros2_linkattacher) StdoutLine: {'line': b'-- Up-to-date: /home/ibrahim/BinPicking/install/ros2_linkattacher/share/ros2_linkattacher/cmake/ros2_linkattacherConfig-version.cmake\n'}
[0.755556] (ros2_linkattacher) StdoutLine: {'line': b'-- Up-to-date: /home/ibrahim/BinPicking/install/ros2_linkattacher/share/ros2_linkattacher/package.xml\n'}
[0.757694] (bin_nodes) StdoutLine: {'line': b'-- Install configuration: ""\n'}
[0.758731] (ros2_linkattacher) CommandEnded: {'returncode': 0}
[0.759305] (bin_nodes) StdoutLine: {'line': b'-- Up-to-date: /home/ibrahim/BinPicking/install/bin_nodes/lib/bin_nodes/MoveArm\n'}
[0.759708] (bin_nodes) StdoutLine: {'line': b'-- Up-to-date: /home/ibrahim/BinPicking/install/bin_nodes/lib/bin_nodes/pick_and_place_fixed\n'}
[0.759979] (bin_nodes) StdoutLine: {'line': b'-- Up-to-date: /home/ibrahim/BinPicking/install/bin_nodes/share/bin_nodes/launch\n'}
[0.760149] (bin_nodes) StdoutLine: {'line': b'-- Up-to-date: /home/ibrahim/BinPicking/install/bin_nodes/share/bin_nodes/launch/display.launch.py\n'}
[0.760525] (bin_nodes) StdoutLine: {'line': b'-- Up-to-date: /home/ibrahim/BinPicking/install/bin_nodes/share/bin_nodes/urdf\n'}
[0.760981] (bin_nodes) StdoutLine: {'line': b'-- Installing: /home/ibrahim/BinPicking/install/bin_nodes/share/bin_nodes/urdf/camera.urdf\n'}
[0.761166] (bin_nodes) StdoutLine: {'line': b'-- Up-to-date: /home/ibrahim/BinPicking/install/bin_nodes/share/bin_nodes/urdf/robot.urdf\n'}
[0.761359] (bin_nodes) StdoutLine: {'line': b'-- Up-to-date: /home/ibrahim/BinPicking/install/bin_nodes/share/bin_nodes/rviz\n'}
[0.762102] (bin_nodes) StdoutLine: {'line': b'-- Up-to-date: /home/ibrahim/BinPicking/install/bin_nodes/share/bin_nodes/rviz/model.rviz\n'}
[0.762845] (bin_nodes) StdoutLine: {'line': b'-- Up-to-date: /home/ibrahim/BinPicking/install/bin_nodes/share/bin_nodes/worlds\n'}
[0.763198] (bin_nodes) StdoutLine: {'line': b'-- Up-to-date: /home/ibrahim/BinPicking/install/bin_nodes/share/bin_nodes/worlds/world.sdf\n'}
[0.763691] (bin_nodes) StdoutLine: {'line': b'-- Up-to-date: /home/ibrahim/BinPicking/install/bin_nodes/share/ament_index/resource_index/package_run_dependencies/bin_nodes\n'}
[0.764242] (bin_nodes) StdoutLine: {'line': b'-- Up-to-date: /home/ibrahim/BinPicking/install/bin_nodes/share/ament_index/resource_index/parent_prefix_path/bin_nodes\n'}
[0.765233] (bin_nodes) StdoutLine: {'line': b'-- Up-to-date: /home/ibrahim/BinPicking/install/bin_nodes/share/bin_nodes/environment/ament_prefix_path.sh\n'}
[0.765574] (bin_nodes) StdoutLine: {'line': b'-- Up-to-date: /home/ibrahim/BinPicking/install/bin_nodes/share/bin_nodes/environment/ament_prefix_path.dsv\n'}
[0.765715] (bin_nodes) StdoutLine: {'line': b'-- Up-to-date: /home/ibrahim/BinPicking/install/bin_nodes/share/bin_nodes/environment/path.sh\n'}
[0.765957] (bin_nodes) StdoutLine: {'line': b'-- Up-to-date: /home/ibrahim/BinPicking/install/bin_nodes/share/bin_nodes/environment/path.dsv\n'}
[0.766112] (bin_nodes) StdoutLine: {'line': b'-- Up-to-date: /home/ibrahim/BinPicking/install/bin_nodes/share/bin_nodes/local_setup.bash\n'}
[0.766917] (bin_nodes) StdoutLine: {'line': b'-- Up-to-date: /home/ibrahim/BinPicking/install/bin_nodes/share/bin_nodes/local_setup.sh\n'}
[0.767178] (bin_nodes) StdoutLine: {'line': b'-- Up-to-date: /home/ibrahim/BinPicking/install/bin_nodes/share/bin_nodes/local_setup.zsh\n'}
[0.768154] (bin_nodes) StdoutLine: {'line': b'-- Up-to-date: /home/ibrahim/BinPicking/install/bin_nodes/share/bin_nodes/local_setup.dsv\n'}
[0.768332] (bin_nodes) StdoutLine: {'line': b'-- Installing: /home/ibrahim/BinPicking/install/bin_nodes/share/bin_nodes/package.dsv\n'}
[0.768647] (bin_nodes) StdoutLine: {'line': b'-- Up-to-date: /home/ibrahim/BinPicking/install/bin_nodes/share/ament_index/resource_index/packages/bin_nodes\n'}
[0.769266] (bin_nodes) StdoutLine: {'line': b'-- Up-to-date: /home/ibrahim/BinPicking/install/bin_nodes/share/bin_nodes/cmake/bin_nodesConfig.cmake\n'}
[0.769428] (bin_nodes) StdoutLine: {'line': b'-- Up-to-date: /home/ibrahim/BinPicking/install/bin_nodes/share/bin_nodes/cmake/bin_nodesConfig-version.cmake\n'}
[0.769623] (bin_nodes) StdoutLine: {'line': b'-- Up-to-date: /home/ibrahim/BinPicking/install/bin_nodes/share/bin_nodes/package.xml\n'}
[0.779660] (ros2_linkattacher) JobEnded: {'identifier': 'ros2_linkattacher', 'rc': 0}
[0.781173] (bin_nodes) CommandEnded: {'returncode': 0}
[0.794678] (bin_nodes) JobEnded: {'identifier': 'bin_nodes', 'rc': 0}
[0.796239] (moveit_config) JobStarted: {'identifier': 'moveit_config'}
[0.800563] (-) TimerEvent: {}
[0.901341] (-) TimerEvent: {}
[0.921665] (moveit_config) JobProgress: {'identifier': 'moveit_config', 'progress': 'cmake'}
[0.922651] (moveit_config) JobProgress: {'identifier': 'moveit_config', 'progress': 'build'}
[0.923722] (moveit_config) Command: {'cmd': ['/usr/bin/cmake', '--build', '/home/ibrahim/BinPicking/build/moveit_config', '--', '-j16', '-l16'], 'cwd': '/home/ibrahim/BinPicking/build/moveit_config', 'env': OrderedDict([('PYTHON_BASIC_REPL', '1'), ('LESSOPEN', '| /usr/bin/lesspipe %s'), ('USER', 'ibrahim'), ('GIT_ASKPASS', '/home/ibrahim/.vscode-server/bin/4fe60c8b1cdac1c4c174f2fb180d0d758272d713/extensions/git/dist/askpass.sh'), ('SHLVL', '1'), ('LD_LIBRARY_PATH', '/home/ibrahim/BinPicking/install/linkattacher_msgs/lib:/home/ibrahim/BinPicking/install/ros2_linkattacher/lib:/home/ibrahim/RobotArmExpanded/install/action_interfaces/lib:/home/ibrahim/RobotArm/install/action_interfaces/lib:/home/ibrahim/RobotNav/install/action_interfaces/lib:/home/ibrahim/ros2_ws/install/action_interfaces/lib:/usr/lib/x86_64-linux-gnu/gazebo-11/plugins:/opt/ros/humble/opt/rviz_ogre_vendor/lib:/opt/ros/humble/lib/x86_64-linux-gnu:/opt/ros/humble/lib'), ('MOTD_SHOWN', 'update-motd'), ('HOME', '/home/ibrahim'), ('TERM_PROGRAM_VERSION', '1.127.0'), ('VSCODE_IPC_HOOK_CLI', '/run/user/1000/vscode-ipc-433db324-c766-4139-b309-e1f0f29bbdbd.sock'), ('ROS_PYTHON_VERSION', '3'), ('VSCODE_GIT_ASKPASS_MAIN', '/home/ibrahim/.vscode-server/bin/4fe60c8b1cdac1c4c174f2fb180d0d758272d713/extensions/git/dist/askpass-main.js'), ('VSCODE_GIT_ASKPASS_NODE', '/home/ibrahim/.vscode-server/bin/4fe60c8b1cdac1c4c174f2fb180d0d758272d713/node'), ('PYDEVD_DISABLE_FILE_VALIDATION', '1'), ('BUNDLED_DEBUGPY_PATH', '/home/ibrahim/.vscode-server/extensions/ms-python.debugpy-2026.6.0-linux-x64/bundled/libs/debugpy'), ('VSCODE_PYTHON_AUTOACTIVATE_GUARD', '1'), ('DBUS_SESSION_BUS_ADDRESS', 'unix:path=/run/user/1000/bus'), ('COLORTERM', 'truecolor'), ('WSL_DISTRO_NAME', 'Ubuntu-22.04'), ('WAYLAND_DISPLAY', 'wayland-0'), ('COLCON_PREFIX_PATH', '/home/ibrahim/BinPicking/install:/home/ibrahim/MoveItArm/install:/home/ibrahim/RobotArmExpanded/install:/home/ibrahim/RobotArm/install:/home/ibrahim/TF2Sample/install:/home/ibrahim/RobotNav/install:/home/ibrahim/RobotMonitor/install:/home/ibrahim/ros2_ws/install'), ('ROS_DISTRO', 'humble'), ('LOGNAME', 'ibrahim'), ('NAME', 'Ibrahim-laptop'), ('WSL_INTEROP', '/run/WSL/430_interop'), ('PULSE_SERVER', 'unix:/mnt/wslg/PulseServer'), ('_', '/usr/bin/colcon'), ('ROS_VERSION', '2'), ('CLAUDE_CODE_SSE_PORT', '42286'), ('TERM', 'xterm-256color'), ('ROS_LOCALHOST_ONLY', '0'), ('PATH', '/home/ibrahim/.vscode-server/data/User/globalStorage/github.copilot-chat/debugCommand:/home/ibrahim/.vscode-server/data/User/globalStorage/github.copilot-chat/copilotCli:/home/ibrahim/.vscode-server/bin/4fe60c8b1cdac1c4c174f2fb180d0d758272d713/bin/remote-cli:/opt/ros/humble/bin:/usr/local/sbin:/usr/local/bin:/usr/sbin:/usr/bin:/sbin:/bin:/usr/games:/usr/local/games:/usr/lib/wsl/lib:/mnt/c/Windows/system32:/mnt/c/Windows:/mnt/c/Windows/System32/Wbem:/mnt/c/Windows/System32/WindowsPowerShell/v1.0/:/mnt/c/Windows/System32/OpenSSH/:/mnt/c/Program Files (x86)/NVIDIA Corporation/PhysX/Common:/mnt/c/Program Files/NVIDIA Corporation/NVIDIA App/NvDLISR:/mnt/c/Program Files/dotnet/:/mnt/c/Program Files/nodejs/:/mnt/c/Program Files/Git/cmd:/mnt/c/Program Files/PostgreSQL/18/bin:/mnt/c/Windows/system32/config/systemprofile/.local/bin:/mnt/c/Program Files/Docker/Docker/resources/bin:/mnt/c/Program Files/GitHub CLI/:/mnt/c/Users/zanto/AppData/Local/Programs/Python/Python312/Scripts/:/mnt/c/Users/zanto/AppData/Local/Programs/Python/Python312/:/mnt/c/Users/zanto/AppData/Local/Programs/Python/Python314/Scripts/:/mnt/c/Users/zanto/AppData/Local/Programs/Python/Python314/:/mnt/c/Users/zanto/AppData/Local/Microsoft/WindowsApps:/mnt/c/Users/zanto/AppData/Local/Programs/Microsoft VS Code/bin:/mnt/c/Users/zanto/AppData/Local/Programs/Ollama:/mnt/c/Users/zanto/AppData/Roaming/npm:/mnt/c/msys64/ucrt64/bin:/snap/bin:/home/ibrahim/.vscode-server/extensions/ms-python.debugpy-2026.6.0-linux-x64/bundled/scripts/noConfigScripts'), ('XDG_RUNTIME_DIR', '/run/user/1000/'), ('DISPLAY', ':0'), ('VSCODE_DEBUGPY_ADAPTER_ENDPOINTS', '/home/ibrahim/.vscode-server/extensions/ms-python.debugpy-2026.6.0-linux-x64/.noConfigDebugAdapterEndpoints/endpoint-c570530454d2fac3.txt'), ('LANG', 'C.UTF-8'), ('PYTHONSTARTUP', '/home/ibrahim/.vscode-server/data/User/workspaceStorage/53d6af783f54596ecf064b03d33c69c7/ms-python.python/pythonrc.py'), ('RMW_IMPLEMENTATION', 'rmw_cyclonedds_cpp'), ('LS_COLORS', 'rs=0:di=01;34:ln=01;36:mh=00:pi=40;33:so=01;35:do=01;35:bd=40;33;01:cd=40;33;01:or=40;31;01:mi=00:su=37;41:sg=30;43:ca=30;41:tw=30;42:ow=34;42:st=37;44:ex=01;32:*.tar=01;31:*.tgz=01;31:*.arc=01;31:*.arj=01;31:*.taz=01;31:*.lha=01;31:*.lz4=01;31:*.lzh=01;31:*.lzma=01;31:*.tlz=01;31:*.txz=01;31:*.tzo=01;31:*.t7z=01;31:*.zip=01;31:*.z=01;31:*.dz=01;31:*.gz=01;31:*.lrz=01;31:*.lz=01;31:*.lzo=01;31:*.xz=01;31:*.zst=01;31:*.tzst=01;31:*.bz2=01;31:*.bz=01;31:*.tbz=01;31:*.tbz2=01;31:*.tz=01;31:*.deb=01;31:*.rpm=01;31:*.jar=01;31:*.war=01;31:*.ear=01;31:*.sar=01;31:*.rar=01;31:*.alz=01;31:*.ace=01;31:*.zoo=01;31:*.cpio=01;31:*.7z=01;31:*.rz=01;31:*.cab=01;31:*.wim=01;31:*.swm=01;31:*.dwm=01;31:*.esd=01;31:*.jpg=01;35:*.jpeg=01;35:*.mjpg=01;35:*.mjpeg=01;35:*.gif=01;35:*.bmp=01;35:*.pbm=01;35:*.pgm=01;35:*.ppm=01;35:*.tga=01;35:*.xbm=01;35:*.xpm=01;35:*.tif=01;35:*.tiff=01;35:*.png=01;35:*.svg=01;35:*.svgz=01;35:*.mng=01;35:*.pcx=01;35:*.mov=01;35:*.mpg=01;35:*.mpeg=01;35:*.m2v=01;35:*.mkv=01;35:*.webm=01;35:*.webp=01;35:*.ogm=01;35:*.mp4=01;35:*.m4v=01;35:*.mp4v=01;35:*.vob=01;35:*.qt=01;35:*.nuv=01;35:*.wmv=01;35:*.asf=01;35:*.rm=01;35:*.rmvb=01;35:*.flc=01;35:*.avi=01;35:*.fli=01;35:*.flv=01;35:*.gl=01;35:*.dl=01;35:*.xcf=01;35:*.xwd=01;35:*.yuv=01;35:*.cgm=01;35:*.emf=01;35:*.ogv=01;35:*.ogx=01;35:*.aac=00;36:*.au=00;36:*.flac=00;36:*.m4a=00;36:*.mid=00;36:*.midi=00;36:*.mka=00;36:*.mp3=00;36:*.mpc=00;36:*.ogg=00;36:*.ra=00;36:*.wav=00;36:*.oga=00;36:*.opus=00;36:*.spx=00;36:*.xspf=00;36:'), ('VSCODE_GIT_IPC_HANDLE', '/run/user/1000/vscode-git-6e1624529d.sock'), ('TERM_PROGRAM', 'vscode'), ('ROS_DOMAIN_ID', '10'), ('AMENT_PREFIX_PATH', '/home/ibrahim/BinPicking/install/ros2_linkattacher:/home/ibrahim/BinPicking/install/moveit_config:/home/ibrahim/BinPicking/install/bin_nodes:/home/ibrahim/BinPicking/install/linkattacher_msgs:/home/ibrahim/RobotArmExpanded/install/main_arm_package:/home/ibrahim/RobotArmExpanded/install/action_interfaces:/home/ibrahim/MoveItArm/install/moveit_config:/home/ibrahim/MoveItArm/install/moveit_arm_package:/home/ibrahim/RobotArm/install/main_arm_package:/home/ibrahim/RobotArm/install/action_interfaces:/home/ibrahim/TF2Sample/install/tf2sim:/home/ibrahim/RobotNav/install/main_robot_nodes:/home/ibrahim/RobotNav/install/action_interfaces:/home/ibrahim/RobotMonitor/install/Robot3Node_Package:/home/ibrahim/ros2_ws/install/my_first_package:/home/ibrahim/ros2_ws/install/action_interfaces:/opt/ros/humble'), ('SHELL', '/bin/bash'), ('LESSCLOSE', '/usr/bin/lesspipe %s %s'), ('VSCODE_GIT_ASKPASS_EXTRA_ARGS', ''), ('PWD', '/home/ibrahim/BinPicking/build/moveit_config'), ('COPILOT_DEBUG_NONCE', 'd05f4ba8ec07642c4df8354ff840a334'), ('XDG_DATA_DIRS', '/usr/local/share:/usr/share:/var/lib/snapd/desktop'), ('PYTHONPATH', '/home/ibrahim/BinPicking/install/linkattacher_msgs/local/lib/python3.10/dist-packages:/home/ibrahim/RobotArmExpanded/install/action_interfaces/local/lib/python3.10/dist-packages:/home/ibrahim/RobotArm/install/action_interfaces/local/lib/python3.10/dist-packages:/home/ibrahim/RobotNav/install/action_interfaces/local/lib/python3.10/dist-packages:/home/ibrahim/ros2_ws/install/action_interfaces/local/lib/python3.10/dist-packages:/opt/ros/humble/lib/python3.10/site-packages:/opt/ros/humble/local/lib/python3.10/dist-packages'), ('COLCON', '1'), ('WSL2_GUI_APPS_ENABLED', '1'), ('HOSTTYPE', 'x86_64'), ('CMAKE_PREFIX_PATH', '/home/ibrahim/BinPicking/install/bin_nodes:/home/ibrahim/BinPicking/install/linkattacher_msgs:/home/ibrahim/BinPicking/install/ros2_linkattacher:/home/ibrahim/BinPicking/install/moveit_config:/home/ibrahim/RobotArmExpanded/install/main_arm_package:/home/ibrahim/RobotArmExpanded/install/action_interfaces:/home/ibrahim/MoveItArm/install/moveit_config:/home/ibrahim/MoveItArm/install/moveit_arm_package:/home/ibrahim/TF2Sample/install/tf2sim:/home/ibrahim/RobotNav/install/main_robot_nodes:/home/ibrahim/RobotNav/install/action_interfaces:/home/ibrahim/RobotMonitor/install/Robot3Node_Package:/home/ibrahim/ros2_ws/install/my_first_package:/home/ibrahim/ros2_ws/install/action_interfaces:/home/ibrahim/RobotArm/install/main_arm_package:/home/ibrahim/RobotArm/install/action_interfaces:/opt/ros/humble'), ('WSLENV', 'VSCODE_WSL_EXT_LOCATION/up')]), 'shell': False}
[0.970188] (moveit_config) CommandEnded: {'returncode': 0}
[0.971955] (moveit_config) JobProgress: {'identifier': 'moveit_config', 'progress': 'install'}
[0.972317] (moveit_config) Command: {'cmd': ['/usr/bin/cmake', '--install', '/home/ibrahim/BinPicking/build/moveit_config'], 'cwd': '/home/ibrahim/BinPicking/build/moveit_config', 'env': OrderedDict([('PYTHON_BASIC_REPL', '1'), ('LESSOPEN', '| /usr/bin/lesspipe %s'), ('USER', 'ibrahim'), ('GIT_ASKPASS', '/home/ibrahim/.vscode-server/bin/4fe60c8b1cdac1c4c174f2fb180d0d758272d713/extensions/git/dist/askpass.sh'), ('SHLVL', '1'), ('LD_LIBRARY_PATH', '/home/ibrahim/BinPicking/install/linkattacher_msgs/lib:/home/ibrahim/BinPicking/install/ros2_linkattacher/lib:/home/ibrahim/RobotArmExpanded/install/action_interfaces/lib:/home/ibrahim/RobotArm/install/action_interfaces/lib:/home/ibrahim/RobotNav/install/action_interfaces/lib:/home/ibrahim/ros2_ws/install/action_interfaces/lib:/usr/lib/x86_64-linux-gnu/gazebo-11/plugins:/opt/ros/humble/opt/rviz_ogre_vendor/lib:/opt/ros/humble/lib/x86_64-linux-gnu:/opt/ros/humble/lib'), ('MOTD_SHOWN', 'update-motd'), ('HOME', '/home/ibrahim'), ('TERM_PROGRAM_VERSION', '1.127.0'), ('VSCODE_IPC_HOOK_CLI', '/run/user/1000/vscode-ipc-433db324-c766-4139-b309-e1f0f29bbdbd.sock'), ('ROS_PYTHON_VERSION', '3'), ('VSCODE_GIT_ASKPASS_MAIN', '/home/ibrahim/.vscode-server/bin/4fe60c8b1cdac1c4c174f2fb180d0d758272d713/extensions/git/dist/askpass-main.js'), ('VSCODE_GIT_ASKPASS_NODE', '/home/ibrahim/.vscode-server/bin/4fe60c8b1cdac1c4c174f2fb180d0d758272d713/node'), ('PYDEVD_DISABLE_FILE_VALIDATION', '1'), ('BUNDLED_DEBUGPY_PATH', '/home/ibrahim/.vscode-server/extensions/ms-python.debugpy-2026.6.0-linux-x64/bundled/libs/debugpy'), ('VSCODE_PYTHON_AUTOACTIVATE_GUARD', '1'), ('DBUS_SESSION_BUS_ADDRESS', 'unix:path=/run/user/1000/bus'), ('COLORTERM', 'truecolor'), ('WSL_DISTRO_NAME', 'Ubuntu-22.04'), ('WAYLAND_DISPLAY', 'wayland-0'), ('COLCON_PREFIX_PATH', '/home/ibrahim/BinPicking/install:/home/ibrahim/MoveItArm/install:/home/ibrahim/RobotArmExpanded/install:/home/ibrahim/RobotArm/install:/home/ibrahim/TF2Sample/install:/home/ibrahim/RobotNav/install:/home/ibrahim/RobotMonitor/install:/home/ibrahim/ros2_ws/install'), ('ROS_DISTRO', 'humble'), ('LOGNAME', 'ibrahim'), ('NAME', 'Ibrahim-laptop'), ('WSL_INTEROP', '/run/WSL/430_interop'), ('PULSE_SERVER', 'unix:/mnt/wslg/PulseServer'), ('_', '/usr/bin/colcon'), ('ROS_VERSION', '2'), ('CLAUDE_CODE_SSE_PORT', '42286'), ('TERM', 'xterm-256color'), ('ROS_LOCALHOST_ONLY', '0'), ('PATH', '/home/ibrahim/.vscode-server/data/User/globalStorage/github.copilot-chat/debugCommand:/home/ibrahim/.vscode-server/data/User/globalStorage/github.copilot-chat/copilotCli:/home/ibrahim/.vscode-server/bin/4fe60c8b1cdac1c4c174f2fb180d0d758272d713/bin/remote-cli:/opt/ros/humble/bin:/usr/local/sbin:/usr/local/bin:/usr/sbin:/usr/bin:/sbin:/bin:/usr/games:/usr/local/games:/usr/lib/wsl/lib:/mnt/c/Windows/system32:/mnt/c/Windows:/mnt/c/Windows/System32/Wbem:/mnt/c/Windows/System32/WindowsPowerShell/v1.0/:/mnt/c/Windows/System32/OpenSSH/:/mnt/c/Program Files (x86)/NVIDIA Corporation/PhysX/Common:/mnt/c/Program Files/NVIDIA Corporation/NVIDIA App/NvDLISR:/mnt/c/Program Files/dotnet/:/mnt/c/Program Files/nodejs/:/mnt/c/Program Files/Git/cmd:/mnt/c/Program Files/PostgreSQL/18/bin:/mnt/c/Windows/system32/config/systemprofile/.local/bin:/mnt/c/Program Files/Docker/Docker/resources/bin:/mnt/c/Program Files/GitHub CLI/:/mnt/c/Users/zanto/AppData/Local/Programs/Python/Python312/Scripts/:/mnt/c/Users/zanto/AppData/Local/Programs/Python/Python312/:/mnt/c/Users/zanto/AppData/Local/Programs/Python/Python314/Scripts/:/mnt/c/Users/zanto/AppData/Local/Programs/Python/Python314/:/mnt/c/Users/zanto/AppData/Local/Microsoft/WindowsApps:/mnt/c/Users/zanto/AppData/Local/Programs/Microsoft VS Code/bin:/mnt/c/Users/zanto/AppData/Local/Programs/Ollama:/mnt/c/Users/zanto/AppData/Roaming/npm:/mnt/c/msys64/ucrt64/bin:/snap/bin:/home/ibrahim/.vscode-server/extensions/ms-python.debugpy-2026.6.0-linux-x64/bundled/scripts/noConfigScripts'), ('XDG_RUNTIME_DIR', '/run/user/1000/'), ('DISPLAY', ':0'), ('VSCODE_DEBUGPY_ADAPTER_ENDPOINTS', '/home/ibrahim/.vscode-server/extensions/ms-python.debugpy-2026.6.0-linux-x64/.noConfigDebugAdapterEndpoints/endpoint-c570530454d2fac3.txt'), ('LANG', 'C.UTF-8'), ('PYTHONSTARTUP', '/home/ibrahim/.vscode-server/data/User/workspaceStorage/53d6af783f54596ecf064b03d33c69c7/ms-python.python/pythonrc.py'), ('RMW_IMPLEMENTATION', 'rmw_cyclonedds_cpp'), ('LS_COLORS', 'rs=0:di=01;34:ln=01;36:mh=00:pi=40;33:so=01;35:do=01;35:bd=40;33;01:cd=40;33;01:or=40;31;01:mi=00:su=37;41:sg=30;43:ca=30;41:tw=30;42:ow=34;42:st=37;44:ex=01;32:*.tar=01;31:*.tgz=01;31:*.arc=01;31:*.arj=01;31:*.taz=01;31:*.lha=01;31:*.lz4=01;31:*.lzh=01;31:*.lzma=01;31:*.tlz=01;31:*.txz=01;31:*.tzo=01;31:*.t7z=01;31:*.zip=01;31:*.z=01;31:*.dz=01;31:*.gz=01;31:*.lrz=01;31:*.lz=01;31:*.lzo=01;31:*.xz=01;31:*.zst=01;31:*.tzst=01;31:*.bz2=01;31:*.bz=01;31:*.tbz=01;31:*.tbz2=01;31:*.tz=01;31:*.deb=01;31:*.rpm=01;31:*.jar=01;31:*.war=01;31:*.ear=01;31:*.sar=01;31:*.rar=01;31:*.alz=01;31:*.ace=01;31:*.zoo=01;31:*.cpio=01;31:*.7z=01;31:*.rz=01;31:*.cab=01;31:*.wim=01;31:*.swm=01;31:*.dwm=01;31:*.esd=01;31:*.jpg=01;35:*.jpeg=01;35:*.mjpg=01;35:*.mjpeg=01;35:*.gif=01;35:*.bmp=01;35:*.pbm=01;35:*.pgm=01;35:*.ppm=01;35:*.tga=01;35:*.xbm=01;35:*.xpm=01;35:*.tif=01;35:*.tiff=01;35:*.png=01;35:*.svg=01;35:*.svgz=01;35:*.mng=01;35:*.pcx=01;35:*.mov=01;35:*.mpg=01;35:*.mpeg=01;35:*.m2v=01;35:*.mkv=01;35:*.webm=01;35:*.webp=01;35:*.ogm=01;35:*.mp4=01;35:*.m4v=01;35:*.mp4v=01;35:*.vob=01;35:*.qt=01;35:*.nuv=01;35:*.wmv=01;35:*.asf=01;35:*.rm=01;35:*.rmvb=01;35:*.flc=01;35:*.avi=01;35:*.fli=01;35:*.flv=01;35:*.gl=01;35:*.dl=01;35:*.xcf=01;35:*.xwd=01;35:*.yuv=01;35:*.cgm=01;35:*.emf=01;35:*.ogv=01;35:*.ogx=01;35:*.aac=00;36:*.au=00;36:*.flac=00;36:*.m4a=00;36:*.mid=00;36:*.midi=00;36:*.mka=00;36:*.mp3=00;36:*.mpc=00;36:*.ogg=00;36:*.ra=00;36:*.wav=00;36:*.oga=00;36:*.opus=00;36:*.spx=00;36:*.xspf=00;36:'), ('VSCODE_GIT_IPC_HANDLE', '/run/user/1000/vscode-git-6e1624529d.sock'), ('TERM_PROGRAM', 'vscode'), ('ROS_DOMAIN_ID', '10'), ('AMENT_PREFIX_PATH', '/home/ibrahim/BinPicking/install/ros2_linkattacher:/home/ibrahim/BinPicking/install/moveit_config:/home/ibrahim/BinPicking/install/bin_nodes:/home/ibrahim/BinPicking/install/linkattacher_msgs:/home/ibrahim/RobotArmExpanded/install/main_arm_package:/home/ibrahim/RobotArmExpanded/install/action_interfaces:/home/ibrahim/MoveItArm/install/moveit_config:/home/ibrahim/MoveItArm/install/moveit_arm_package:/home/ibrahim/RobotArm/install/main_arm_package:/home/ibrahim/RobotArm/install/action_interfaces:/home/ibrahim/TF2Sample/install/tf2sim:/home/ibrahim/RobotNav/install/main_robot_nodes:/home/ibrahim/RobotNav/install/action_interfaces:/home/ibrahim/RobotMonitor/install/Robot3Node_Package:/home/ibrahim/ros2_ws/install/my_first_package:/home/ibrahim/ros2_ws/install/action_interfaces:/opt/ros/humble'), ('SHELL', '/bin/bash'), ('LESSCLOSE', '/usr/bin/lesspipe %s %s'), ('VSCODE_GIT_ASKPASS_EXTRA_ARGS', ''), ('PWD', '/home/ibrahim/BinPicking/build/moveit_config'), ('COPILOT_DEBUG_NONCE', 'd05f4ba8ec07642c4df8354ff840a334'), ('XDG_DATA_DIRS', '/usr/local/share:/usr/share:/var/lib/snapd/desktop'), ('PYTHONPATH', '/home/ibrahim/BinPicking/install/linkattacher_msgs/local/lib/python3.10/dist-packages:/home/ibrahim/RobotArmExpanded/install/action_interfaces/local/lib/python3.10/dist-packages:/home/ibrahim/RobotArm/install/action_interfaces/local/lib/python3.10/dist-packages:/home/ibrahim/RobotNav/install/action_interfaces/local/lib/python3.10/dist-packages:/home/ibrahim/ros2_ws/install/action_interfaces/local/lib/python3.10/dist-packages:/opt/ros/humble/lib/python3.10/site-packages:/opt/ros/humble/local/lib/python3.10/dist-packages'), ('COLCON', '1'), ('WSL2_GUI_APPS_ENABLED', '1'), ('HOSTTYPE', 'x86_64'), ('CMAKE_PREFIX_PATH', '/home/ibrahim/BinPicking/install/bin_nodes:/home/ibrahim/BinPicking/install/linkattacher_msgs:/home/ibrahim/BinPicking/install/ros2_linkattacher:/home/ibrahim/BinPicking/install/moveit_config:/home/ibrahim/RobotArmExpanded/install/main_arm_package:/home/ibrahim/RobotArmExpanded/install/action_interfaces:/home/ibrahim/MoveItArm/install/moveit_config:/home/ibrahim/MoveItArm/install/moveit_arm_package:/home/ibrahim/TF2Sample/install/tf2sim:/home/ibrahim/RobotNav/install/main_robot_nodes:/home/ibrahim/RobotNav/install/action_interfaces:/home/ibrahim/RobotMonitor/install/Robot3Node_Package:/home/ibrahim/ros2_ws/install/my_first_package:/home/ibrahim/ros2_ws/install/action_interfaces:/home/ibrahim/RobotArm/install/main_arm_package:/home/ibrahim/RobotArm/install/action_interfaces:/opt/ros/humble'), ('WSLENV', 'VSCODE_WSL_EXT_LOCATION/up')]), 'shell': False}
[0.982444] (moveit_config) StdoutLine: {'line': b'-- Install configuration: ""\n'}
[0.982794] (moveit_config) StdoutLine: {'line': b'-- Up-to-date: /home/ibrahim/BinPicking/install/moveit_config/share/ament_index/resource_index/package_run_dependencies/moveit_config\n'}
[0.983107] (moveit_config) StdoutLine: {'line': b'-- Up-to-date: /home/ibrahim/BinPicking/install/moveit_config/share/ament_index/resource_index/parent_prefix_path/moveit_config\n'}
[0.983270] (moveit_config) StdoutLine: {'line': b'-- Up-to-date: /home/ibrahim/BinPicking/install/moveit_config/share/moveit_config/environment/ament_prefix_path.sh\n'}
[0.983317] (moveit_config) StdoutLine: {'line': b'-- Up-to-date: /home/ibrahim/BinPicking/install/moveit_config/share/moveit_config/environment/ament_prefix_path.dsv\n'}
[0.983350] (moveit_config) StdoutLine: {'line': b'-- Up-to-date: /home/ibrahim/BinPicking/install/moveit_config/share/moveit_config/environment/path.sh\n'}
[0.983379] (moveit_config) StdoutLine: {'line': b'-- Up-to-date: /home/ibrahim/BinPicking/install/moveit_config/share/moveit_config/environment/path.dsv\n'}
[0.983411] (moveit_config) StdoutLine: {'line': b'-- Up-to-date: /home/ibrahim/BinPicking/install/moveit_config/share/moveit_config/local_setup.bash\n'}
[0.983452] (moveit_config) StdoutLine: {'line': b'-- Up-to-date: /home/ibrahim/BinPicking/install/moveit_config/share/moveit_config/local_setup.sh\n'}
[0.983488] (moveit_config) StdoutLine: {'line': b'-- Up-to-date: /home/ibrahim/BinPicking/install/moveit_config/share/moveit_config/local_setup.zsh\n'}
[0.983514] (moveit_config) StdoutLine: {'line': b'-- Up-to-date: /home/ibrahim/BinPicking/install/moveit_config/share/moveit_config/local_setup.dsv\n'}
[0.983540] (moveit_config) StdoutLine: {'line': b'-- Installing: /home/ibrahim/BinPicking/install/moveit_config/share/moveit_config/package.dsv\n'}
[0.983877] (moveit_config) StdoutLine: {'line': b'-- Up-to-date: /home/ibrahim/BinPicking/install/moveit_config/share/ament_index/resource_index/packages/moveit_config\n'}
[0.984156] (moveit_config) StdoutLine: {'line': b'-- Up-to-date: /home/ibrahim/BinPicking/install/moveit_config/share/moveit_config/cmake/moveit_configConfig.cmake\n'}
[0.984434] (moveit_config) StdoutLine: {'line': b'-- Up-to-date: /home/ibrahim/BinPicking/install/moveit_config/share/moveit_config/cmake/moveit_configConfig-version.cmake\n'}
[0.984622] (moveit_config) StdoutLine: {'line': b'-- Up-to-date: /home/ibrahim/BinPicking/install/moveit_config/share/moveit_config/package.xml\n'}
[0.984672] (moveit_config) StdoutLine: {'line': b'-- Up-to-date: /home/ibrahim/BinPicking/install/moveit_config/share/moveit_config/launch\n'}
[0.984707] (moveit_config) StdoutLine: {'line': b'-- Up-to-date: /home/ibrahim/BinPicking/install/moveit_config/share/moveit_config/launch/move_group.launch.py\n'}
[0.984772] (moveit_config) StdoutLine: {'line': b'-- Up-to-date: /home/ibrahim/BinPicking/install/moveit_config/share/moveit_config/launch/static_virtual_joint_tfs.launch.py\n'}
[0.984843] (moveit_config) StdoutLine: {'line': b'-- Up-to-date: /home/ibrahim/BinPicking/install/moveit_config/share/moveit_config/launch/spawn_controllers.launch.py\n'}
[0.984893] (moveit_config) StdoutLine: {'line': b'-- Up-to-date: /home/ibrahim/BinPicking/install/moveit_config/share/moveit_config/launch/__pycache__\n'}
[0.984942] (moveit_config) StdoutLine: {'line': b'-- Up-to-date: /home/ibrahim/BinPicking/install/moveit_config/share/moveit_config/launch/__pycache__/pick_and_place.launch.cpython-310.pyc\n'}
[0.985118] (moveit_config) StdoutLine: {'line': b'-- Installing: /home/ibrahim/BinPicking/install/moveit_config/share/moveit_config/launch/__pycache__/gazebo.launch.cpython-310.pyc\n'}
[0.985336] (moveit_config) StdoutLine: {'line': b'-- Up-to-date: /home/ibrahim/BinPicking/install/moveit_config/share/moveit_config/launch/gazebo.launch.py\n'}
[0.985633] (moveit_config) StdoutLine: {'line': b'-- Up-to-date: /home/ibrahim/BinPicking/install/moveit_config/share/moveit_config/launch/rsp.launch.py\n'}
[0.985829] (moveit_config) StdoutLine: {'line': b'-- Up-to-date: /home/ibrahim/BinPicking/install/moveit_config/share/moveit_config/launch/moveit_rviz.launch.py\n'}
[0.985995] (moveit_config) StdoutLine: {'line': b'-- Up-to-date: /home/ibrahim/BinPicking/install/moveit_config/share/moveit_config/launch/warehouse_db.launch.py\n'}
[0.986082] (moveit_config) StdoutLine: {'line': b'-- Up-to-date: /home/ibrahim/BinPicking/install/moveit_config/share/moveit_config/launch/pick_and_place.launch.py\n'}
[0.986241] (moveit_config) StdoutLine: {'line': b'-- Up-to-date: /home/ibrahim/BinPicking/install/moveit_config/share/moveit_config/launch/demo.launch.py\n'}
[0.986346] (moveit_config) StdoutLine: {'line': b'-- Up-to-date: /home/ibrahim/BinPicking/install/moveit_config/share/moveit_config/launch/setup_assistant.launch.py\n'}
[0.986478] (moveit_config) StdoutLine: {'line': b'-- Up-to-date: /home/ibrahim/BinPicking/install/moveit_config/share/moveit_config/config\n'}
[0.986558] (moveit_config) StdoutLine: {'line': b'-- Up-to-date: /home/ibrahim/BinPicking/install/moveit_config/share/moveit_config/config/initial_positions.yaml\n'}
[0.986595] (moveit_config) StdoutLine: {'line': b'-- Up-to-date: /home/ibrahim/BinPicking/install/moveit_config/share/moveit_config/config/robot_arm.ros2_control.xacro\n'}
[0.986632] (moveit_config) StdoutLine: {'line': b'-- Up-to-date: /home/ibrahim/BinPicking/install/moveit_config/share/moveit_config/config/kinematics.yaml\n'}
[0.986663] (moveit_config) StdoutLine: {'line': b'-- Up-to-date: /home/ibrahim/BinPicking/install/moveit_config/share/moveit_config/config/robot_arm.urdf.xacro\n'}
[0.986692] (moveit_config) StdoutLine: {'line': b'-- Up-to-date: /home/ibrahim/BinPicking/install/moveit_config/share/moveit_config/config/sensors_3d.yaml\n'}
[0.986720] (moveit_config) StdoutLine: {'line': b'-- Up-to-date: /home/ibrahim/BinPicking/install/moveit_config/share/moveit_config/config/moveit_controllers.yaml\n'}
[0.986747] (moveit_config) StdoutLine: {'line': b'-- Up-to-date: /home/ibrahim/BinPicking/install/moveit_config/share/moveit_config/config/moveit.rviz\n'}
[0.986774] (moveit_config) StdoutLine: {'line': b'-- Up-to-date: /home/ibrahim/BinPicking/install/moveit_config/share/moveit_config/config/pilz_cartesian_limits.yaml\n'}
[0.986809] (moveit_config) StdoutLine: {'line': b'-- Up-to-date: /home/ibrahim/BinPicking/install/moveit_config/share/moveit_config/config/joint_limits.yaml\n'}
[0.986836] (moveit_config) StdoutLine: {'line': b'-- Up-to-date: /home/ibrahim/BinPicking/install/moveit_config/share/moveit_config/config/ros2_controllers.yaml\n'}
[0.986863] (moveit_config) StdoutLine: {'line': b'-- Up-to-date: /home/ibrahim/BinPicking/install/moveit_config/share/moveit_config/config/robot_arm.srdf\n'}
[0.986890] (moveit_config) StdoutLine: {'line': b'-- Up-to-date: /home/ibrahim/BinPicking/install/moveit_config/share/moveit_config/.setup_assistant\n'}
[0.988224] (moveit_config) CommandEnded: {'returncode': 0}
[0.998265] (moveit_config) JobEnded: {'identifier': 'moveit_config', 'rc': 0}
[0.999455] (-) EventReactorShutdown: {}
