[0.000000] (-) TimerEvent: {}
[0.000461] (linkattacher_msgs) JobQueued: {'identifier': 'linkattacher_msgs', 'dependencies': OrderedDict()}
[0.000547] (bin_nodes) JobQueued: {'identifier': 'bin_nodes', 'dependencies': OrderedDict([('linkattacher_msgs', '/home/ibrahim/BinPicking/install/linkattacher_msgs')])}
[0.000615] (ros2_linkattacher) JobQueued: {'identifier': 'ros2_linkattacher', 'dependencies': OrderedDict([('linkattacher_msgs', '/home/ibrahim/BinPicking/install/linkattacher_msgs')])}
[0.000655] (moveit_config) JobQueued: {'identifier': 'moveit_config', 'dependencies': OrderedDict([('linkattacher_msgs', '/home/ibrahim/BinPicking/install/linkattacher_msgs'), ('bin_nodes', '/home/ibrahim/BinPicking/install/bin_nodes')])}
[0.001053] (linkattacher_msgs) JobStarted: {'identifier': 'linkattacher_msgs'}
[0.012056] (linkattacher_msgs) JobProgress: {'identifier': 'linkattacher_msgs', 'progress': 'cmake'}
[0.012615] (linkattacher_msgs) JobProgress: {'identifier': 'linkattacher_msgs', 'progress': 'build'}
[0.013603] (linkattacher_msgs) Command: {'cmd': ['/usr/bin/cmake', '--build', '/home/ibrahim/BinPicking/build/linkattacher_msgs', '--', '-j16', '-l16'], 'cwd': '/home/ibrahim/BinPicking/build/linkattacher_msgs', 'env': OrderedDict([('PYTHON_BASIC_REPL', '1'), ('LESSOPEN', '| /usr/bin/lesspipe %s'), ('USER', 'ibrahim'), ('GIT_ASKPASS', '/home/ibrahim/.vscode-server/bin/4fe60c8b1cdac1c4c174f2fb180d0d758272d713/extensions/git/dist/askpass.sh'), ('SHLVL', '1'), ('LD_LIBRARY_PATH', '/home/ibrahim/BinPicking/install/ros2_linkattacher/lib:/home/ibrahim/BinPicking/install/linkattacher_msgs/lib:/home/ibrahim/RobotArmExpanded/install/action_interfaces/lib:/home/ibrahim/RobotArm/install/action_interfaces/lib:/home/ibrahim/RobotNav/install/action_interfaces/lib:/home/ibrahim/ros2_ws/install/action_interfaces/lib:/usr/lib/x86_64-linux-gnu/gazebo-11/plugins:/opt/ros/humble/opt/rviz_ogre_vendor/lib:/opt/ros/humble/lib/x86_64-linux-gnu:/opt/ros/humble/lib'), ('HOME', '/home/ibrahim'), ('TERM_PROGRAM_VERSION', '1.127.0'), ('VSCODE_IPC_HOOK_CLI', '/run/user/1000/vscode-ipc-f56497ac-26c8-4238-ac57-aa6c35150e6d.sock'), ('ROS_PYTHON_VERSION', '3'), ('VSCODE_GIT_ASKPASS_MAIN', '/home/ibrahim/.vscode-server/bin/4fe60c8b1cdac1c4c174f2fb180d0d758272d713/extensions/git/dist/askpass-main.js'), ('VSCODE_GIT_ASKPASS_NODE', '/home/ibrahim/.vscode-server/bin/4fe60c8b1cdac1c4c174f2fb180d0d758272d713/node'), ('PYDEVD_DISABLE_FILE_VALIDATION', '1'), ('BUNDLED_DEBUGPY_PATH', '/home/ibrahim/.vscode-server/extensions/ms-python.debugpy-2026.6.0-linux-x64/bundled/libs/debugpy'), ('VSCODE_PYTHON_AUTOACTIVATE_GUARD', '1'), ('DBUS_SESSION_BUS_ADDRESS', 'unix:path=/run/user/1000/bus'), ('COLORTERM', 'truecolor'), ('WSL_DISTRO_NAME', 'Ubuntu-22.04'), ('WAYLAND_DISPLAY', 'wayland-0'), ('COLCON_PREFIX_PATH', '/home/ibrahim/BinPicking/install:/home/ibrahim/MoveItArm/install:/home/ibrahim/RobotArmExpanded/install:/home/ibrahim/RobotArm/install:/home/ibrahim/TF2Sample/install:/home/ibrahim/RobotNav/install:/home/ibrahim/RobotMonitor/install:/home/ibrahim/ros2_ws/install'), ('ROS_DISTRO', 'humble'), ('LOGNAME', 'ibrahim'), ('NAME', 'Ibrahim-laptop'), ('WSL_INTEROP', '/run/WSL/409_interop'), ('PULSE_SERVER', 'unix:/mnt/wslg/PulseServer'), ('_', '/usr/bin/colcon'), ('ROS_VERSION', '2'), ('CLAUDE_CODE_SSE_PORT', '15232'), ('TERM', 'xterm-256color'), ('ROS_LOCALHOST_ONLY', '0'), ('PATH', '/home/ibrahim/.vscode-server/data/User/globalStorage/github.copilot-chat/debugCommand:/home/ibrahim/.vscode-server/data/User/globalStorage/github.copilot-chat/copilotCli:/home/ibrahim/.vscode-server/bin/4fe60c8b1cdac1c4c174f2fb180d0d758272d713/bin/remote-cli:/opt/ros/humble/bin:/usr/local/sbin:/usr/local/bin:/usr/sbin:/usr/bin:/sbin:/bin:/usr/games:/usr/local/games:/usr/lib/wsl/lib:/mnt/c/Windows/system32:/mnt/c/Windows:/mnt/c/Windows/System32/Wbem:/mnt/c/Windows/System32/WindowsPowerShell/v1.0/:/mnt/c/Windows/System32/OpenSSH/:/mnt/c/Program Files (x86)/NVIDIA Corporation/PhysX/Common:/mnt/c/Program Files/NVIDIA Corporation/NVIDIA App/NvDLISR:/mnt/c/Program Files/dotnet/:/mnt/c/Program Files/nodejs/:/mnt/c/Program Files/Git/cmd:/mnt/c/Program Files/PostgreSQL/18/bin:/mnt/c/Users/zanto/.local/bin:/mnt/c/Program Files/Docker/Docker/resources/bin:/mnt/c/Program Files/GitHub CLI/:/mnt/c/Users/zanto/AppData/Local/Programs/Python/Python312/Scripts/:/mnt/c/Users/zanto/AppData/Local/Programs/Python/Python312/:/mnt/c/Users/zanto/AppData/Local/Programs/Python/Python314/Scripts/:/mnt/c/Users/zanto/AppData/Local/Programs/Python/Python314/:/mnt/c/Users/zanto/AppData/Local/Microsoft/WindowsApps:/mnt/c/Users/zanto/AppData/Local/Programs/Microsoft VS Code/bin:/mnt/c/Users/zanto/AppData/Local/Programs/Ollama:/mnt/c/Users/zanto/AppData/Roaming/npm:/mnt/c/msys64/ucrt64/bin:/snap/bin:/home/ibrahim/.vscode-server/extensions/ms-python.debugpy-2026.6.0-linux-x64/bundled/scripts/noConfigScripts'), ('XDG_RUNTIME_DIR', '/run/user/1000/'), ('DISPLAY', ':0'), ('VSCODE_DEBUGPY_ADAPTER_ENDPOINTS', '/home/ibrahim/.vscode-server/extensions/ms-python.debugpy-2026.6.0-linux-x64/.noConfigDebugAdapterEndpoints/endpoint-5f2293e981f4d090.txt'), ('LANG', 'C.UTF-8'), ('PYTHONSTARTUP', '/home/ibrahim/.vscode-server/data/User/workspaceStorage/53d6af783f54596ecf064b03d33c69c7/ms-python.python/pythonrc.py'), ('RMW_IMPLEMENTATION', 'rmw_cyclonedds_cpp'), ('LS_COLORS', 'rs=0:di=01;34:ln=01;36:mh=00:pi=40;33:so=01;35:do=01;35:bd=40;33;01:cd=40;33;01:or=40;31;01:mi=00:su=37;41:sg=30;43:ca=30;41:tw=30;42:ow=34;42:st=37;44:ex=01;32:*.tar=01;31:*.tgz=01;31:*.arc=01;31:*.arj=01;31:*.taz=01;31:*.lha=01;31:*.lz4=01;31:*.lzh=01;31:*.lzma=01;31:*.tlz=01;31:*.txz=01;31:*.tzo=01;31:*.t7z=01;31:*.zip=01;31:*.z=01;31:*.dz=01;31:*.gz=01;31:*.lrz=01;31:*.lz=01;31:*.lzo=01;31:*.xz=01;31:*.zst=01;31:*.tzst=01;31:*.bz2=01;31:*.bz=01;31:*.tbz=01;31:*.tbz2=01;31:*.tz=01;31:*.deb=01;31:*.rpm=01;31:*.jar=01;31:*.war=01;31:*.ear=01;31:*.sar=01;31:*.rar=01;31:*.alz=01;31:*.ace=01;31:*.zoo=01;31:*.cpio=01;31:*.7z=01;31:*.rz=01;31:*.cab=01;31:*.wim=01;31:*.swm=01;31:*.dwm=01;31:*.esd=01;31:*.jpg=01;35:*.jpeg=01;35:*.mjpg=01;35:*.mjpeg=01;35:*.gif=01;35:*.bmp=01;35:*.pbm=01;35:*.pgm=01;35:*.ppm=01;35:*.tga=01;35:*.xbm=01;35:*.xpm=01;35:*.tif=01;35:*.tiff=01;35:*.png=01;35:*.svg=01;35:*.svgz=01;35:*.mng=01;35:*.pcx=01;35:*.mov=01;35:*.mpg=01;35:*.mpeg=01;35:*.m2v=01;35:*.mkv=01;35:*.webm=01;35:*.webp=01;35:*.ogm=01;35:*.mp4=01;35:*.m4v=01;35:*.mp4v=01;35:*.vob=01;35:*.qt=01;35:*.nuv=01;35:*.wmv=01;35:*.asf=01;35:*.rm=01;35:*.rmvb=01;35:*.flc=01;35:*.avi=01;35:*.fli=01;35:*.flv=01;35:*.gl=01;35:*.dl=01;35:*.xcf=01;35:*.xwd=01;35:*.yuv=01;35:*.cgm=01;35:*.emf=01;35:*.ogv=01;35:*.ogx=01;35:*.aac=00;36:*.au=00;36:*.flac=00;36:*.m4a=00;36:*.mid=00;36:*.midi=00;36:*.mka=00;36:*.mp3=00;36:*.mpc=00;36:*.ogg=00;36:*.ra=00;36:*.wav=00;36:*.oga=00;36:*.opus=00;36:*.spx=00;36:*.xspf=00;36:'), ('VSCODE_GIT_IPC_HANDLE', '/run/user/1000/vscode-git-6e1624529d.sock'), ('TERM_PROGRAM', 'vscode'), ('ROS_DOMAIN_ID', '10'), ('AMENT_PREFIX_PATH', '/home/ibrahim/BinPicking/install/ros2_linkattacher:/home/ibrahim/BinPicking/install/moveit_config:/home/ibrahim/BinPicking/install/bin_nodes:/home/ibrahim/BinPicking/install/linkattacher_msgs:/home/ibrahim/RobotArmExpanded/install/main_arm_package:/home/ibrahim/RobotArmExpanded/install/action_interfaces:/home/ibrahim/MoveItArm/install/moveit_config:/home/ibrahim/MoveItArm/install/moveit_arm_package:/home/ibrahim/RobotArm/install/main_arm_package:/home/ibrahim/RobotArm/install/action_interfaces:/home/ibrahim/TF2Sample/install/tf2sim:/home/ibrahim/RobotNav/install/main_robot_nodes:/home/ibrahim/RobotNav/install/action_interfaces:/home/ibrahim/RobotMonitor/install/Robot3Node_Package:/home/ibrahim/ros2_ws/install/my_first_package:/home/ibrahim/ros2_ws/install/action_interfaces:/opt/ros/humble'), ('SHELL', '/bin/bash'), ('LESSCLOSE', '/usr/bin/lesspipe %s %s'), ('VSCODE_GIT_ASKPASS_EXTRA_ARGS', ''), ('PWD', '/home/ibrahim/BinPicking/build/linkattacher_msgs'), ('COPILOT_DEBUG_NONCE', 'd05f4ba8ec07642c4df8354ff840a334'), ('XDG_DATA_DIRS', '/usr/local/share:/usr/share:/var/lib/snapd/desktop'), ('PYTHONPATH', '/home/ibrahim/BinPicking/install/linkattacher_msgs/local/lib/python3.10/dist-packages:/home/ibrahim/RobotArmExpanded/install/action_interfaces/local/lib/python3.10/dist-packages:/home/ibrahim/RobotArm/install/action_interfaces/local/lib/python3.10/dist-packages:/home/ibrahim/RobotNav/install/action_interfaces/local/lib/python3.10/dist-packages:/home/ibrahim/ros2_ws/install/action_interfaces/local/lib/python3.10/dist-packages:/opt/ros/humble/lib/python3.10/site-packages:/opt/ros/humble/local/lib/python3.10/dist-packages'), ('COLCON', '1'), ('WSL2_GUI_APPS_ENABLED', '1'), ('HOSTTYPE', 'x86_64'), ('CMAKE_PREFIX_PATH', '/home/ibrahim/BinPicking/install/ros2_linkattacher:/home/ibrahim/BinPicking/install/moveit_config:/home/ibrahim/BinPicking/install/bin_nodes:/home/ibrahim/BinPicking/install/linkattacher_msgs:/home/ibrahim/RobotArmExpanded/install/main_arm_package:/home/ibrahim/RobotArmExpanded/install/action_interfaces:/home/ibrahim/MoveItArm/install/moveit_config:/home/ibrahim/MoveItArm/install/moveit_arm_package:/home/ibrahim/TF2Sample/install/tf2sim:/home/ibrahim/RobotNav/install/main_robot_nodes:/home/ibrahim/RobotNav/install/action_interfaces:/home/ibrahim/RobotMonitor/install/Robot3Node_Package:/home/ibrahim/ros2_ws/install/my_first_package:/home/ibrahim/ros2_ws/install/action_interfaces:/home/ibrahim/RobotArm/install/main_arm_package:/home/ibrahim/RobotArm/install/action_interfaces:/opt/ros/humble'), ('WSLENV', 'VSCODE_WSL_EXT_LOCATION/up')]), 'shell': False}
[0.072659] (linkattacher_msgs) StdoutLine: {'line': b'[  5%] Built target linkattacher_msgs__cpp\n'}
[0.072945] (linkattacher_msgs) StdoutLine: {'line': b'[ 12%] Built target linkattacher_msgs__rosidl_generator_c\n'}
[0.073174] (linkattacher_msgs) StdoutLine: {'line': b'[ 15%] Built target linkattacher_msgs__rs\n'}
[0.086909] (linkattacher_msgs) StdoutLine: {'line': b'[ 15%] Built target ament_cmake_python_copy_linkattacher_msgs\n'}
[0.099635] (-) TimerEvent: {}
[0.102079] (linkattacher_msgs) StdoutLine: {'line': b'[ 70%] Built target linkattacher_msgs__rosidl_typesupport_fastrtps_c\n'}
[0.102363] (linkattacher_msgs) StdoutLine: {'line': b'[ 70%] Built target linkattacher_msgs__rosidl_typesupport_introspection_cpp\n'}
[0.102621] (linkattacher_msgs) StdoutLine: {'line': b'[ 70%] Built target linkattacher_msgs__rosidl_typesupport_cpp\n'}
[0.102738] (linkattacher_msgs) StdoutLine: {'line': b'[ 70%] Built target linkattacher_msgs__rosidl_typesupport_introspection_c\n'}
[0.102789] (linkattacher_msgs) StdoutLine: {'line': b'[ 70%] Built target linkattacher_msgs__rosidl_typesupport_fastrtps_cpp\n'}
[0.102827] (linkattacher_msgs) StdoutLine: {'line': b'[ 75%] Built target linkattacher_msgs__rosidl_typesupport_c\n'}
[0.129633] (linkattacher_msgs) StdoutLine: {'line': b'[ 75%] Built target linkattacher_msgs\n'}
[0.159049] (linkattacher_msgs) StdoutLine: {'line': b'[ 77%] Built target linkattacher_msgs__py\n'}
[0.191070] (linkattacher_msgs) StdoutLine: {'line': b'[ 85%] Built target linkattacher_msgs__rosidl_generator_py\n'}
[0.199833] (-) TimerEvent: {}
[0.219510] (linkattacher_msgs) StdoutLine: {'line': b'[100%] Built target linkattacher_msgs__rosidl_typesupport_introspection_c__pyext\n'}
[0.219758] (linkattacher_msgs) StdoutLine: {'line': b'[100%] Built target linkattacher_msgs__rosidl_typesupport_fastrtps_c__pyext\n'}
[0.219844] (linkattacher_msgs) StdoutLine: {'line': b'[100%] Built target linkattacher_msgs__rosidl_typesupport_c__pyext\n'}
[0.294909] (linkattacher_msgs) StdoutLine: {'line': b'running egg_info\n'}
[0.295528] (linkattacher_msgs) StdoutLine: {'line': b'writing linkattacher_msgs.egg-info/PKG-INFO\n'}
[0.295784] (linkattacher_msgs) StdoutLine: {'line': b'writing dependency_links to linkattacher_msgs.egg-info/dependency_links.txt\n'}
[0.295995] (linkattacher_msgs) StdoutLine: {'line': b'writing top-level names to linkattacher_msgs.egg-info/top_level.txt\n'}
[0.297417] (linkattacher_msgs) StdoutLine: {'line': b"reading manifest file 'linkattacher_msgs.egg-info/SOURCES.txt'\n"}
[0.297980] (linkattacher_msgs) StdoutLine: {'line': b"writing manifest file 'linkattacher_msgs.egg-info/SOURCES.txt'\n"}
[0.299929] (-) TimerEvent: {}
[0.335737] (linkattacher_msgs) StdoutLine: {'line': b'[100%] Built target ament_cmake_python_build_linkattacher_msgs_egg\n'}
[0.349775] (linkattacher_msgs) CommandEnded: {'returncode': 0}
[0.350620] (linkattacher_msgs) JobProgress: {'identifier': 'linkattacher_msgs', 'progress': 'install'}
[0.361364] (linkattacher_msgs) Command: {'cmd': ['/usr/bin/cmake', '--install', '/home/ibrahim/BinPicking/build/linkattacher_msgs'], 'cwd': '/home/ibrahim/BinPicking/build/linkattacher_msgs', 'env': OrderedDict([('PYTHON_BASIC_REPL', '1'), ('LESSOPEN', '| /usr/bin/lesspipe %s'), ('USER', 'ibrahim'), ('GIT_ASKPASS', '/home/ibrahim/.vscode-server/bin/4fe60c8b1cdac1c4c174f2fb180d0d758272d713/extensions/git/dist/askpass.sh'), ('SHLVL', '1'), ('LD_LIBRARY_PATH', '/home/ibrahim/BinPicking/install/ros2_linkattacher/lib:/home/ibrahim/BinPicking/install/linkattacher_msgs/lib:/home/ibrahim/RobotArmExpanded/install/action_interfaces/lib:/home/ibrahim/RobotArm/install/action_interfaces/lib:/home/ibrahim/RobotNav/install/action_interfaces/lib:/home/ibrahim/ros2_ws/install/action_interfaces/lib:/usr/lib/x86_64-linux-gnu/gazebo-11/plugins:/opt/ros/humble/opt/rviz_ogre_vendor/lib:/opt/ros/humble/lib/x86_64-linux-gnu:/opt/ros/humble/lib'), ('HOME', '/home/ibrahim'), ('TERM_PROGRAM_VERSION', '1.127.0'), ('VSCODE_IPC_HOOK_CLI', '/run/user/1000/vscode-ipc-f56497ac-26c8-4238-ac57-aa6c35150e6d.sock'), ('ROS_PYTHON_VERSION', '3'), ('VSCODE_GIT_ASKPASS_MAIN', '/home/ibrahim/.vscode-server/bin/4fe60c8b1cdac1c4c174f2fb180d0d758272d713/extensions/git/dist/askpass-main.js'), ('VSCODE_GIT_ASKPASS_NODE', '/home/ibrahim/.vscode-server/bin/4fe60c8b1cdac1c4c174f2fb180d0d758272d713/node'), ('PYDEVD_DISABLE_FILE_VALIDATION', '1'), ('BUNDLED_DEBUGPY_PATH', '/home/ibrahim/.vscode-server/extensions/ms-python.debugpy-2026.6.0-linux-x64/bundled/libs/debugpy'), ('VSCODE_PYTHON_AUTOACTIVATE_GUARD', '1'), ('DBUS_SESSION_BUS_ADDRESS', 'unix:path=/run/user/1000/bus'), ('COLORTERM', 'truecolor'), ('WSL_DISTRO_NAME', 'Ubuntu-22.04'), ('WAYLAND_DISPLAY', 'wayland-0'), ('COLCON_PREFIX_PATH', '/home/ibrahim/BinPicking/install:/home/ibrahim/MoveItArm/install:/home/ibrahim/RobotArmExpanded/install:/home/ibrahim/RobotArm/install:/home/ibrahim/TF2Sample/install:/home/ibrahim/RobotNav/install:/home/ibrahim/RobotMonitor/install:/home/ibrahim/ros2_ws/install'), ('ROS_DISTRO', 'humble'), ('LOGNAME', 'ibrahim'), ('NAME', 'Ibrahim-laptop'), ('WSL_INTEROP', '/run/WSL/409_interop'), ('PULSE_SERVER', 'unix:/mnt/wslg/PulseServer'), ('_', '/usr/bin/colcon'), ('ROS_VERSION', '2'), ('CLAUDE_CODE_SSE_PORT', '15232'), ('TERM', 'xterm-256color'), ('ROS_LOCALHOST_ONLY', '0'), ('PATH', '/home/ibrahim/.vscode-server/data/User/globalStorage/github.copilot-chat/debugCommand:/home/ibrahim/.vscode-server/data/User/globalStorage/github.copilot-chat/copilotCli:/home/ibrahim/.vscode-server/bin/4fe60c8b1cdac1c4c174f2fb180d0d758272d713/bin/remote-cli:/opt/ros/humble/bin:/usr/local/sbin:/usr/local/bin:/usr/sbin:/usr/bin:/sbin:/bin:/usr/games:/usr/local/games:/usr/lib/wsl/lib:/mnt/c/Windows/system32:/mnt/c/Windows:/mnt/c/Windows/System32/Wbem:/mnt/c/Windows/System32/WindowsPowerShell/v1.0/:/mnt/c/Windows/System32/OpenSSH/:/mnt/c/Program Files (x86)/NVIDIA Corporation/PhysX/Common:/mnt/c/Program Files/NVIDIA Corporation/NVIDIA App/NvDLISR:/mnt/c/Program Files/dotnet/:/mnt/c/Program Files/nodejs/:/mnt/c/Program Files/Git/cmd:/mnt/c/Program Files/PostgreSQL/18/bin:/mnt/c/Users/zanto/.local/bin:/mnt/c/Program Files/Docker/Docker/resources/bin:/mnt/c/Program Files/GitHub CLI/:/mnt/c/Users/zanto/AppData/Local/Programs/Python/Python312/Scripts/:/mnt/c/Users/zanto/AppData/Local/Programs/Python/Python312/:/mnt/c/Users/zanto/AppData/Local/Programs/Python/Python314/Scripts/:/mnt/c/Users/zanto/AppData/Local/Programs/Python/Python314/:/mnt/c/Users/zanto/AppData/Local/Microsoft/WindowsApps:/mnt/c/Users/zanto/AppData/Local/Programs/Microsoft VS Code/bin:/mnt/c/Users/zanto/AppData/Local/Programs/Ollama:/mnt/c/Users/zanto/AppData/Roaming/npm:/mnt/c/msys64/ucrt64/bin:/snap/bin:/home/ibrahim/.vscode-server/extensions/ms-python.debugpy-2026.6.0-linux-x64/bundled/scripts/noConfigScripts'), ('XDG_RUNTIME_DIR', '/run/user/1000/'), ('DISPLAY', ':0'), ('VSCODE_DEBUGPY_ADAPTER_ENDPOINTS', '/home/ibrahim/.vscode-server/extensions/ms-python.debugpy-2026.6.0-linux-x64/.noConfigDebugAdapterEndpoints/endpoint-5f2293e981f4d090.txt'), ('LANG', 'C.UTF-8'), ('PYTHONSTARTUP', '/home/ibrahim/.vscode-server/data/User/workspaceStorage/53d6af783f54596ecf064b03d33c69c7/ms-python.python/pythonrc.py'), ('RMW_IMPLEMENTATION', 'rmw_cyclonedds_cpp'), ('LS_COLORS', 'rs=0:di=01;34:ln=01;36:mh=00:pi=40;33:so=01;35:do=01;35:bd=40;33;01:cd=40;33;01:or=40;31;01:mi=00:su=37;41:sg=30;43:ca=30;41:tw=30;42:ow=34;42:st=37;44:ex=01;32:*.tar=01;31:*.tgz=01;31:*.arc=01;31:*.arj=01;31:*.taz=01;31:*.lha=01;31:*.lz4=01;31:*.lzh=01;31:*.lzma=01;31:*.tlz=01;31:*.txz=01;31:*.tzo=01;31:*.t7z=01;31:*.zip=01;31:*.z=01;31:*.dz=01;31:*.gz=01;31:*.lrz=01;31:*.lz=01;31:*.lzo=01;31:*.xz=01;31:*.zst=01;31:*.tzst=01;31:*.bz2=01;31:*.bz=01;31:*.tbz=01;31:*.tbz2=01;31:*.tz=01;31:*.deb=01;31:*.rpm=01;31:*.jar=01;31:*.war=01;31:*.ear=01;31:*.sar=01;31:*.rar=01;31:*.alz=01;31:*.ace=01;31:*.zoo=01;31:*.cpio=01;31:*.7z=01;31:*.rz=01;31:*.cab=01;31:*.wim=01;31:*.swm=01;31:*.dwm=01;31:*.esd=01;31:*.jpg=01;35:*.jpeg=01;35:*.mjpg=01;35:*.mjpeg=01;35:*.gif=01;35:*.bmp=01;35:*.pbm=01;35:*.pgm=01;35:*.ppm=01;35:*.tga=01;35:*.xbm=01;35:*.xpm=01;35:*.tif=01;35:*.tiff=01;35:*.png=01;35:*.svg=01;35:*.svgz=01;35:*.mng=01;35:*.pcx=01;35:*.mov=01;35:*.mpg=01;35:*.mpeg=01;35:*.m2v=01;35:*.mkv=01;35:*.webm=01;35:*.webp=01;35:*.ogm=01;35:*.mp4=01;35:*.m4v=01;35:*.mp4v=01;35:*.vob=01;35:*.qt=01;35:*.nuv=01;35:*.wmv=01;35:*.asf=01;35:*.rm=01;35:*.rmvb=01;35:*.flc=01;35:*.avi=01;35:*.fli=01;35:*.flv=01;35:*.gl=01;35:*.dl=01;35:*.xcf=01;35:*.xwd=01;35:*.yuv=01;35:*.cgm=01;35:*.emf=01;35:*.ogv=01;35:*.ogx=01;35:*.aac=00;36:*.au=00;36:*.flac=00;36:*.m4a=00;36:*.mid=00;36:*.midi=00;36:*.mka=00;36:*.mp3=00;36:*.mpc=00;36:*.ogg=00;36:*.ra=00;36:*.wav=00;36:*.oga=00;36:*.opus=00;36:*.spx=00;36:*.xspf=00;36:'), ('VSCODE_GIT_IPC_HANDLE', '/run/user/1000/vscode-git-6e1624529d.sock'), ('TERM_PROGRAM', 'vscode'), ('ROS_DOMAIN_ID', '10'), ('AMENT_PREFIX_PATH', '/home/ibrahim/BinPicking/install/ros2_linkattacher:/home/ibrahim/BinPicking/install/moveit_config:/home/ibrahim/BinPicking/install/bin_nodes:/home/ibrahim/BinPicking/install/linkattacher_msgs:/home/ibrahim/RobotArmExpanded/install/main_arm_package:/home/ibrahim/RobotArmExpanded/install/action_interfaces:/home/ibrahim/MoveItArm/install/moveit_config:/home/ibrahim/MoveItArm/install/moveit_arm_package:/home/ibrahim/RobotArm/install/main_arm_package:/home/ibrahim/RobotArm/install/action_interfaces:/home/ibrahim/TF2Sample/install/tf2sim:/home/ibrahim/RobotNav/install/main_robot_nodes:/home/ibrahim/RobotNav/install/action_interfaces:/home/ibrahim/RobotMonitor/install/Robot3Node_Package:/home/ibrahim/ros2_ws/install/my_first_package:/home/ibrahim/ros2_ws/install/action_interfaces:/opt/ros/humble'), ('SHELL', '/bin/bash'), ('LESSCLOSE', '/usr/bin/lesspipe %s %s'), ('VSCODE_GIT_ASKPASS_EXTRA_ARGS', ''), ('PWD', '/home/ibrahim/BinPicking/build/linkattacher_msgs'), ('COPILOT_DEBUG_NONCE', 'd05f4ba8ec07642c4df8354ff840a334'), ('XDG_DATA_DIRS', '/usr/local/share:/usr/share:/var/lib/snapd/desktop'), ('PYTHONPATH', '/home/ibrahim/BinPicking/install/linkattacher_msgs/local/lib/python3.10/dist-packages:/home/ibrahim/RobotArmExpanded/install/action_interfaces/local/lib/python3.10/dist-packages:/home/ibrahim/RobotArm/install/action_interfaces/local/lib/python3.10/dist-packages:/home/ibrahim/RobotNav/install/action_interfaces/local/lib/python3.10/dist-packages:/home/ibrahim/ros2_ws/install/action_interfaces/local/lib/python3.10/dist-packages:/opt/ros/humble/lib/python3.10/site-packages:/opt/ros/humble/local/lib/python3.10/dist-packages'), ('COLCON', '1'), ('WSL2_GUI_APPS_ENABLED', '1'), ('HOSTTYPE', 'x86_64'), ('CMAKE_PREFIX_PATH', '/home/ibrahim/BinPicking/install/ros2_linkattacher:/home/ibrahim/BinPicking/install/moveit_config:/home/ibrahim/BinPicking/install/bin_nodes:/home/ibrahim/BinPicking/install/linkattacher_msgs:/home/ibrahim/RobotArmExpanded/install/main_arm_package:/home/ibrahim/RobotArmExpanded/install/action_interfaces:/home/ibrahim/MoveItArm/install/moveit_config:/home/ibrahim/MoveItArm/install/moveit_arm_package:/home/ibrahim/TF2Sample/install/tf2sim:/home/ibrahim/RobotNav/install/main_robot_nodes:/home/ibrahim/RobotNav/install/action_interfaces:/home/ibrahim/RobotMonitor/install/Robot3Node_Package:/home/ibrahim/ros2_ws/install/my_first_package:/home/ibrahim/ros2_ws/install/action_interfaces:/home/ibrahim/RobotArm/install/main_arm_package:/home/ibrahim/RobotArm/install/action_interfaces:/opt/ros/humble'), ('WSLENV', 'VSCODE_WSL_EXT_LOCATION/up')]), 'shell': False}
[0.371748] (linkattacher_msgs) StdoutLine: {'line': b'-- Install configuration: ""\n'}
[0.372130] (linkattacher_msgs) StdoutLine: {'line': b'-- Up-to-date: /home/ibrahim/BinPicking/install/linkattacher_msgs/share/linkattacher_msgs/srv\n'}
[0.372261] (linkattacher_msgs) StdoutLine: {'line': b'-- Up-to-date: /home/ibrahim/BinPicking/install/linkattacher_msgs/share/linkattacher_msgs/srv/DetachLink.srv\n'}
[0.372359] (linkattacher_msgs) StdoutLine: {'line': b'-- Up-to-date: /home/ibrahim/BinPicking/install/linkattacher_msgs/share/linkattacher_msgs/srv/AttachLink.srv\n'}
[0.372498] (linkattacher_msgs) StdoutLine: {'line': b'-- Up-to-date: /home/ibrahim/BinPicking/install/linkattacher_msgs/share/ament_index/resource_index/rosidl_interfaces/linkattacher_msgs\n'}
[0.372612] (linkattacher_msgs) StdoutLine: {'line': b'-- Up-to-date: /home/ibrahim/BinPicking/install/linkattacher_msgs/include/linkattacher_msgs/linkattacher_msgs\n'}
[0.372725] (linkattacher_msgs) StdoutLine: {'line': b'-- Up-to-date: /home/ibrahim/BinPicking/install/linkattacher_msgs/include/linkattacher_msgs/linkattacher_msgs/srv\n'}
[0.372854] (linkattacher_msgs) StdoutLine: {'line': b'-- Up-to-date: /home/ibrahim/BinPicking/install/linkattacher_msgs/include/linkattacher_msgs/linkattacher_msgs/srv/detail\n'}
[0.372983] (linkattacher_msgs) StdoutLine: {'line': b'-- Up-to-date: /home/ibrahim/BinPicking/install/linkattacher_msgs/include/linkattacher_msgs/linkattacher_msgs/srv/detail/detach_link__struct.h\n'}
[0.373252] (linkattacher_msgs) StdoutLine: {'line': b'-- Up-to-date: /home/ibrahim/BinPicking/install/linkattacher_msgs/include/linkattacher_msgs/linkattacher_msgs/srv/detail/attach_link__type_support.h\n'}
[0.373343] (linkattacher_msgs) StdoutLine: {'line': b'-- Up-to-date: /home/ibrahim/BinPicking/install/linkattacher_msgs/include/linkattacher_msgs/linkattacher_msgs/srv/detail/detach_link__type_support.h\n'}
[0.373418] (linkattacher_msgs) StdoutLine: {'line': b'-- Up-to-date: /home/ibrahim/BinPicking/install/linkattacher_msgs/include/linkattacher_msgs/linkattacher_msgs/srv/detail/attach_link__functions.h\n'}
[0.373461] (linkattacher_msgs) StdoutLine: {'line': b'-- Up-to-date: /home/ibrahim/BinPicking/install/linkattacher_msgs/include/linkattacher_msgs/linkattacher_msgs/srv/detail/attach_link__struct.h\n'}
[0.373567] (linkattacher_msgs) StdoutLine: {'line': b'-- Up-to-date: /home/ibrahim/BinPicking/install/linkattacher_msgs/include/linkattacher_msgs/linkattacher_msgs/srv/detail/detach_link__functions.h\n'}
[0.373755] (linkattacher_msgs) StdoutLine: {'line': b'-- Up-to-date: /home/ibrahim/BinPicking/install/linkattacher_msgs/include/linkattacher_msgs/linkattacher_msgs/srv/detail/detach_link__functions.c\n'}
[0.373880] (linkattacher_msgs) StdoutLine: {'line': b'-- Up-to-date: /home/ibrahim/BinPicking/install/linkattacher_msgs/include/linkattacher_msgs/linkattacher_msgs/srv/detail/attach_link__functions.c\n'}
[0.374157] (linkattacher_msgs) StdoutLine: {'line': b'-- Up-to-date: /home/ibrahim/BinPicking/install/linkattacher_msgs/include/linkattacher_msgs/linkattacher_msgs/srv/detach_link.h\n'}
[0.374237] (linkattacher_msgs) StdoutLine: {'line': b'-- Up-to-date: /home/ibrahim/BinPicking/install/linkattacher_msgs/include/linkattacher_msgs/linkattacher_msgs/srv/attach_link.h\n'}
[0.374274] (linkattacher_msgs) StdoutLine: {'line': b'-- Up-to-date: /home/ibrahim/BinPicking/install/linkattacher_msgs/include/linkattacher_msgs/linkattacher_msgs/msg\n'}
[0.374413] (linkattacher_msgs) StdoutLine: {'line': b'-- Up-to-date: /home/ibrahim/BinPicking/install/linkattacher_msgs/include/linkattacher_msgs/linkattacher_msgs/msg/rosidl_generator_c__visibility_control.h\n'}
[0.374660] (linkattacher_msgs) StdoutLine: {'line': b'-- Up-to-date: /home/ibrahim/BinPicking/install/linkattacher_msgs/share/linkattacher_msgs/environment/library_path.sh\n'}
[0.374842] (linkattacher_msgs) StdoutLine: {'line': b'-- Up-to-date: /home/ibrahim/BinPicking/install/linkattacher_msgs/share/linkattacher_msgs/environment/library_path.dsv\n'}
[0.375068] (linkattacher_msgs) StdoutLine: {'line': b'-- Up-to-date: /home/ibrahim/BinPicking/install/linkattacher_msgs/lib/liblinkattacher_msgs__rosidl_generator_c.so\n'}
[0.375124] (linkattacher_msgs) StdoutLine: {'line': b'-- Up-to-date: /home/ibrahim/BinPicking/install/linkattacher_msgs/include/linkattacher_msgs/linkattacher_msgs\n'}
[0.375167] (linkattacher_msgs) StdoutLine: {'line': b'-- Up-to-date: /home/ibrahim/BinPicking/install/linkattacher_msgs/include/linkattacher_msgs/linkattacher_msgs/srv\n'}
[0.375206] (linkattacher_msgs) StdoutLine: {'line': b'-- Up-to-date: /home/ibrahim/BinPicking/install/linkattacher_msgs/include/linkattacher_msgs/linkattacher_msgs/srv/detail\n'}
[0.375244] (linkattacher_msgs) StdoutLine: {'line': b'-- Up-to-date: /home/ibrahim/BinPicking/install/linkattacher_msgs/include/linkattacher_msgs/linkattacher_msgs/srv/detail/detach_link__rosidl_typesupport_fastrtps_c.h\n'}
[0.375346] (linkattacher_msgs) StdoutLine: {'line': b'-- Up-to-date: /home/ibrahim/BinPicking/install/linkattacher_msgs/include/linkattacher_msgs/linkattacher_msgs/srv/detail/attach_link__rosidl_typesupport_fastrtps_c.h\n'}
[0.375460] (linkattacher_msgs) StdoutLine: {'line': b'-- Up-to-date: /home/ibrahim/BinPicking/install/linkattacher_msgs/include/linkattacher_msgs/linkattacher_msgs/msg\n'}
[0.375629] (linkattacher_msgs) StdoutLine: {'line': b'-- Up-to-date: /home/ibrahim/BinPicking/install/linkattacher_msgs/include/linkattacher_msgs/linkattacher_msgs/msg/rosidl_typesupport_fastrtps_c__visibility_control.h\n'}
[0.375859] (linkattacher_msgs) StdoutLine: {'line': b'-- Up-to-date: /home/ibrahim/BinPicking/install/linkattacher_msgs/lib/liblinkattacher_msgs__rosidl_typesupport_fastrtps_c.so\n'}
[0.376135] (linkattacher_msgs) StdoutLine: {'line': b'-- Up-to-date: /home/ibrahim/BinPicking/install/linkattacher_msgs/include/linkattacher_msgs/linkattacher_msgs\n'}
[0.376339] (linkattacher_msgs) StdoutLine: {'line': b'-- Up-to-date: /home/ibrahim/BinPicking/install/linkattacher_msgs/include/linkattacher_msgs/linkattacher_msgs/srv\n'}
[0.376589] (linkattacher_msgs) StdoutLine: {'line': b'-- Up-to-date: /home/ibrahim/BinPicking/install/linkattacher_msgs/include/linkattacher_msgs/linkattacher_msgs/srv/detail\n'}
[0.376856] (linkattacher_msgs) StdoutLine: {'line': b'-- Up-to-date: /home/ibrahim/BinPicking/install/linkattacher_msgs/include/linkattacher_msgs/linkattacher_msgs/srv/detail/attach_link__rosidl_typesupport_introspection_c.h\n'}
[0.377002] (linkattacher_msgs) StdoutLine: {'line': b'-- Up-to-date: /home/ibrahim/BinPicking/install/linkattacher_msgs/include/linkattacher_msgs/linkattacher_msgs/srv/detail/detach_link__type_support.c\n'}
[0.377169] (linkattacher_msgs) StdoutLine: {'line': b'-- Up-to-date: /home/ibrahim/BinPicking/install/linkattacher_msgs/include/linkattacher_msgs/linkattacher_msgs/srv/detail/attach_link__type_support.c\n'}
[0.377329] (linkattacher_msgs) StdoutLine: {'line': b'-- Up-to-date: /home/ibrahim/BinPicking/install/linkattacher_msgs/include/linkattacher_msgs/linkattacher_msgs/srv/detail/detach_link__rosidl_typesupport_introspection_c.h\n'}
[0.377532] (linkattacher_msgs) StdoutLine: {'line': b'-- Up-to-date: /home/ibrahim/BinPicking/install/linkattacher_msgs/include/linkattacher_msgs/linkattacher_msgs/msg\n'}
[0.377613] (linkattacher_msgs) StdoutLine: {'line': b'-- Up-to-date: /home/ibrahim/BinPicking/install/linkattacher_msgs/include/linkattacher_msgs/linkattacher_msgs/msg/rosidl_typesupport_introspection_c__visibility_control.h\n'}
[0.377801] (linkattacher_msgs) StdoutLine: {'line': b'-- Up-to-date: /home/ibrahim/BinPicking/install/linkattacher_msgs/lib/liblinkattacher_msgs__rosidl_typesupport_introspection_c.so\n'}
[0.377977] (linkattacher_msgs) StdoutLine: {'line': b'-- Up-to-date: /home/ibrahim/BinPicking/install/linkattacher_msgs/lib/liblinkattacher_msgs__rosidl_typesupport_c.so\n'}
[0.378095] (linkattacher_msgs) StdoutLine: {'line': b'-- Up-to-date: /home/ibrahim/BinPicking/install/linkattacher_msgs/include/linkattacher_msgs/linkattacher_msgs\n'}
[0.378229] (linkattacher_msgs) StdoutLine: {'line': b'-- Up-to-date: /home/ibrahim/BinPicking/install/linkattacher_msgs/include/linkattacher_msgs/linkattacher_msgs/srv\n'}
[0.378386] (linkattacher_msgs) StdoutLine: {'line': b'-- Up-to-date: /home/ibrahim/BinPicking/install/linkattacher_msgs/include/linkattacher_msgs/linkattacher_msgs/srv/detail\n'}
[0.378429] (linkattacher_msgs) StdoutLine: {'line': b'-- Up-to-date: /home/ibrahim/BinPicking/install/linkattacher_msgs/include/linkattacher_msgs/linkattacher_msgs/srv/detail/attach_link__type_support.hpp\n'}
[0.378463] (linkattacher_msgs) StdoutLine: {'line': b'-- Up-to-date: /home/ibrahim/BinPicking/install/linkattacher_msgs/include/linkattacher_msgs/linkattacher_msgs/srv/detail/detach_link__traits.hpp\n'}
[0.378493] (linkattacher_msgs) StdoutLine: {'line': b'-- Up-to-date: /home/ibrahim/BinPicking/install/linkattacher_msgs/include/linkattacher_msgs/linkattacher_msgs/srv/detail/attach_link__struct.hpp\n'}
[0.378521] (linkattacher_msgs) StdoutLine: {'line': b'-- Up-to-date: /home/ibrahim/BinPicking/install/linkattacher_msgs/include/linkattacher_msgs/linkattacher_msgs/srv/detail/attach_link__traits.hpp\n'}
[0.378602] (linkattacher_msgs) StdoutLine: {'line': b'-- Up-to-date: /home/ibrahim/BinPicking/install/linkattacher_msgs/include/linkattacher_msgs/linkattacher_msgs/srv/detail/detach_link__type_support.hpp\n'}
[0.378655] (linkattacher_msgs) StdoutLine: {'line': b'-- Up-to-date: /home/ibrahim/BinPicking/install/linkattacher_msgs/include/linkattacher_msgs/linkattacher_msgs/srv/detail/detach_link__struct.hpp\n'}
[0.378690] (linkattacher_msgs) StdoutLine: {'line': b'-- Up-to-date: /home/ibrahim/BinPicking/install/linkattacher_msgs/include/linkattacher_msgs/linkattacher_msgs/srv/detail/attach_link__builder.hpp\n'}
[0.378730] (linkattacher_msgs) StdoutLine: {'line': b'-- Up-to-date: /home/ibrahim/BinPicking/install/linkattacher_msgs/include/linkattacher_msgs/linkattacher_msgs/srv/detail/detach_link__builder.hpp\n'}
[0.378760] (linkattacher_msgs) StdoutLine: {'line': b'-- Up-to-date: /home/ibrahim/BinPicking/install/linkattacher_msgs/include/linkattacher_msgs/linkattacher_msgs/srv/attach_link.hpp\n'}
[0.379066] (linkattacher_msgs) StdoutLine: {'line': b'-- Up-to-date: /home/ibrahim/BinPicking/install/linkattacher_msgs/include/linkattacher_msgs/linkattacher_msgs/srv/detach_link.hpp\n'}
[0.379158] (linkattacher_msgs) StdoutLine: {'line': b'-- Up-to-date: /home/ibrahim/BinPicking/install/linkattacher_msgs/include/linkattacher_msgs/linkattacher_msgs/msg\n'}
[0.379200] (linkattacher_msgs) StdoutLine: {'line': b'-- Up-to-date: /home/ibrahim/BinPicking/install/linkattacher_msgs/include/linkattacher_msgs/linkattacher_msgs/msg/rosidl_generator_cpp__visibility_control.hpp\n'}
[0.379248] (linkattacher_msgs) StdoutLine: {'line': b'-- Up-to-date: /home/ibrahim/BinPicking/install/linkattacher_msgs/include/linkattacher_msgs/linkattacher_msgs\n'}
[0.379281] (linkattacher_msgs) StdoutLine: {'line': b'-- Up-to-date: /home/ibrahim/BinPicking/install/linkattacher_msgs/include/linkattacher_msgs/linkattacher_msgs/srv\n'}
[0.379312] (linkattacher_msgs) StdoutLine: {'line': b'-- Up-to-date: /home/ibrahim/BinPicking/install/linkattacher_msgs/include/linkattacher_msgs/linkattacher_msgs/srv/detail\n'}
[0.379342] (linkattacher_msgs) StdoutLine: {'line': b'-- Up-to-date: /home/ibrahim/BinPicking/install/linkattacher_msgs/include/linkattacher_msgs/linkattacher_msgs/srv/detail/dds_fastrtps\n'}
[0.379483] (linkattacher_msgs) StdoutLine: {'line': b'-- Up-to-date: /home/ibrahim/BinPicking/install/linkattacher_msgs/include/linkattacher_msgs/linkattacher_msgs/srv/detail/detach_link__rosidl_typesupport_fastrtps_cpp.hpp\n'}
[0.379541] (linkattacher_msgs) StdoutLine: {'line': b'-- Up-to-date: /home/ibrahim/BinPicking/install/linkattacher_msgs/include/linkattacher_msgs/linkattacher_msgs/srv/detail/attach_link__rosidl_typesupport_fastrtps_cpp.hpp\n'}
[0.379574] (linkattacher_msgs) StdoutLine: {'line': b'-- Up-to-date: /home/ibrahim/BinPicking/install/linkattacher_msgs/include/linkattacher_msgs/linkattacher_msgs/msg\n'}
[0.379603] (linkattacher_msgs) StdoutLine: {'line': b'-- Up-to-date: /home/ibrahim/BinPicking/install/linkattacher_msgs/include/linkattacher_msgs/linkattacher_msgs/msg/rosidl_typesupport_fastrtps_cpp__visibility_control.h\n'}
[0.379647] (linkattacher_msgs) StdoutLine: {'line': b'-- Up-to-date: /home/ibrahim/BinPicking/install/linkattacher_msgs/lib/liblinkattacher_msgs__rosidl_typesupport_fastrtps_cpp.so\n'}
[0.379827] (linkattacher_msgs) StdoutLine: {'line': b'-- Up-to-date: /home/ibrahim/BinPicking/install/linkattacher_msgs/include/linkattacher_msgs/linkattacher_msgs\n'}
[0.379874] (linkattacher_msgs) StdoutLine: {'line': b'-- Up-to-date: /home/ibrahim/BinPicking/install/linkattacher_msgs/include/linkattacher_msgs/linkattacher_msgs/srv\n'}
[0.379907] (linkattacher_msgs) StdoutLine: {'line': b'-- Up-to-date: /home/ibrahim/BinPicking/install/linkattacher_msgs/include/linkattacher_msgs/linkattacher_msgs/srv/detail\n'}
[0.380045] (linkattacher_msgs) StdoutLine: {'line': b'-- Up-to-date: /home/ibrahim/BinPicking/install/linkattacher_msgs/include/linkattacher_msgs/linkattacher_msgs/srv/detail/attach_link__rosidl_typesupport_introspection_cpp.hpp\n'}
[0.380227] (linkattacher_msgs) StdoutLine: {'line': b'-- Up-to-date: /home/ibrahim/BinPicking/install/linkattacher_msgs/include/linkattacher_msgs/linkattacher_msgs/srv/detail/attach_link__type_support.cpp\n'}
[0.380290] (linkattacher_msgs) StdoutLine: {'line': b'-- Up-to-date: /home/ibrahim/BinPicking/install/linkattacher_msgs/include/linkattacher_msgs/linkattacher_msgs/srv/detail/detach_link__type_support.cpp\n'}
[0.380517] (linkattacher_msgs) StdoutLine: {'line': b'-- Up-to-date: /home/ibrahim/BinPicking/install/linkattacher_msgs/include/linkattacher_msgs/linkattacher_msgs/srv/detail/detach_link__rosidl_typesupport_introspection_cpp.hpp\n'}
[0.380784] (linkattacher_msgs) StdoutLine: {'line': b'-- Up-to-date: /home/ibrahim/BinPicking/install/linkattacher_msgs/lib/liblinkattacher_msgs__rosidl_typesupport_introspection_cpp.so\n'}
[0.380915] (linkattacher_msgs) StdoutLine: {'line': b'-- Up-to-date: /home/ibrahim/BinPicking/install/linkattacher_msgs/lib/liblinkattacher_msgs__rosidl_typesupport_cpp.so\n'}
[0.381143] (linkattacher_msgs) StdoutLine: {'line': b'-- Up-to-date: /home/ibrahim/BinPicking/install/linkattacher_msgs/share/linkattacher_msgs/environment/pythonpath.sh\n'}
[0.381365] (linkattacher_msgs) StdoutLine: {'line': b'-- Up-to-date: /home/ibrahim/BinPicking/install/linkattacher_msgs/share/linkattacher_msgs/environment/pythonpath.dsv\n'}
[0.381431] (linkattacher_msgs) StdoutLine: {'line': b'-- Up-to-date: /home/ibrahim/BinPicking/install/linkattacher_msgs/local/lib/python3.10/dist-packages/linkattacher_msgs-0.0.0-py3.10.egg-info\n'}
[0.381648] (linkattacher_msgs) StdoutLine: {'line': b'-- Installing: /home/ibrahim/BinPicking/install/linkattacher_msgs/local/lib/python3.10/dist-packages/linkattacher_msgs-0.0.0-py3.10.egg-info/top_level.txt\n'}
[0.381754] (linkattacher_msgs) StdoutLine: {'line': b'-- Installing: /home/ibrahim/BinPicking/install/linkattacher_msgs/local/lib/python3.10/dist-packages/linkattacher_msgs-0.0.0-py3.10.egg-info/PKG-INFO\n'}
[0.381864] (linkattacher_msgs) StdoutLine: {'line': b'-- Installing: /home/ibrahim/BinPicking/install/linkattacher_msgs/local/lib/python3.10/dist-packages/linkattacher_msgs-0.0.0-py3.10.egg-info/dependency_links.txt\n'}
[0.381973] (linkattacher_msgs) StdoutLine: {'line': b'-- Installing: /home/ibrahim/BinPicking/install/linkattacher_msgs/local/lib/python3.10/dist-packages/linkattacher_msgs-0.0.0-py3.10.egg-info/SOURCES.txt\n'}
[0.382137] (linkattacher_msgs) StdoutLine: {'line': b'-- Up-to-date: /home/ibrahim/BinPicking/install/linkattacher_msgs/local/lib/python3.10/dist-packages/linkattacher_msgs\n'}
[0.382243] (linkattacher_msgs) StdoutLine: {'line': b'-- Up-to-date: /home/ibrahim/BinPicking/install/linkattacher_msgs/local/lib/python3.10/dist-packages/linkattacher_msgs/linkattacher_msgs_s__rosidl_typesupport_c.cpython-310-x86_64-linux-gnu.so\n'}
[0.382311] (linkattacher_msgs) StdoutLine: {'line': b'-- Up-to-date: /home/ibrahim/BinPicking/install/linkattacher_msgs/local/lib/python3.10/dist-packages/linkattacher_msgs/linkattacher_msgs_s__rosidl_typesupport_introspection_c.cpython-310-x86_64-linux-gnu.so\n'}
[0.382367] (linkattacher_msgs) StdoutLine: {'line': b'-- Up-to-date: /home/ibrahim/BinPicking/install/linkattacher_msgs/local/lib/python3.10/dist-packages/linkattacher_msgs/_linkattacher_msgs_s.ep.rosidl_typesupport_c.c\n'}
[0.382420] (linkattacher_msgs) StdoutLine: {'line': b'-- Up-to-date: /home/ibrahim/BinPicking/install/linkattacher_msgs/local/lib/python3.10/dist-packages/linkattacher_msgs/srv\n'}
[0.382470] (linkattacher_msgs) StdoutLine: {'line': b'-- Up-to-date: /home/ibrahim/BinPicking/install/linkattacher_msgs/local/lib/python3.10/dist-packages/linkattacher_msgs/srv/_attach_link.py\n'}
[0.382507] (linkattacher_msgs) StdoutLine: {'line': b'-- Up-to-date: /home/ibrahim/BinPicking/install/linkattacher_msgs/local/lib/python3.10/dist-packages/linkattacher_msgs/srv/_attach_link_s.c\n'}
[0.382543] (linkattacher_msgs) StdoutLine: {'line': b'-- Up-to-date: /home/ibrahim/BinPicking/install/linkattacher_msgs/local/lib/python3.10/dist-packages/linkattacher_msgs/srv/_detach_link.py\n'}
[0.382570] (linkattacher_msgs) StdoutLine: {'line': b'-- Up-to-date: /home/ibrahim/BinPicking/install/linkattacher_msgs/local/lib/python3.10/dist-packages/linkattacher_msgs/srv/__init__.py\n'}
[0.382597] (linkattacher_msgs) StdoutLine: {'line': b'-- Up-to-date: /home/ibrahim/BinPicking/install/linkattacher_msgs/local/lib/python3.10/dist-packages/linkattacher_msgs/srv/_detach_link_s.c\n'}
[0.382624] (linkattacher_msgs) StdoutLine: {'line': b'-- Up-to-date: /home/ibrahim/BinPicking/install/linkattacher_msgs/local/lib/python3.10/dist-packages/linkattacher_msgs/linkattacher_msgs_s__rosidl_typesupport_fastrtps_c.cpython-310-x86_64-linux-gnu.so\n'}
[0.382652] (linkattacher_msgs) StdoutLine: {'line': b'-- Up-to-date: /home/ibrahim/BinPicking/install/linkattacher_msgs/local/lib/python3.10/dist-packages/linkattacher_msgs/_linkattacher_msgs_s.ep.rosidl_typesupport_introspection_c.c\n'}
[0.382682] (linkattacher_msgs) StdoutLine: {'line': b'-- Up-to-date: /home/ibrahim/BinPicking/install/linkattacher_msgs/local/lib/python3.10/dist-packages/linkattacher_msgs/_linkattacher_msgs_s.ep.rosidl_typesupport_fastrtps_c.c\n'}
[0.382718] (linkattacher_msgs) StdoutLine: {'line': b'-- Up-to-date: /home/ibrahim/BinPicking/install/linkattacher_msgs/local/lib/python3.10/dist-packages/linkattacher_msgs/__init__.py\n'}
[0.382758] (linkattacher_msgs) StdoutLine: {'line': b'-- Up-to-date: /home/ibrahim/BinPicking/install/linkattacher_msgs/local/lib/python3.10/dist-packages/linkattacher_msgs/liblinkattacher_msgs__rosidl_generator_py.so\n'}
[0.400043] (-) TimerEvent: {}
[0.409483] (linkattacher_msgs) StdoutLine: {'line': b"Listing '/home/ibrahim/BinPicking/install/linkattacher_msgs/local/lib/python3.10/dist-packages/linkattacher_msgs'...\n"}
[0.409819] (linkattacher_msgs) StdoutLine: {'line': b"Listing '/home/ibrahim/BinPicking/install/linkattacher_msgs/local/lib/python3.10/dist-packages/linkattacher_msgs/srv'...\n"}
[0.414213] (linkattacher_msgs) StdoutLine: {'line': b'-- Up-to-date: /home/ibrahim/BinPicking/install/linkattacher_msgs/local/lib/python3.10/dist-packages/linkattacher_msgs/linkattacher_msgs_s__rosidl_typesupport_fastrtps_c.cpython-310-x86_64-linux-gnu.so\n'}
[0.414604] (linkattacher_msgs) StdoutLine: {'line': b'-- Up-to-date: /home/ibrahim/BinPicking/install/linkattacher_msgs/local/lib/python3.10/dist-packages/linkattacher_msgs/linkattacher_msgs_s__rosidl_typesupport_introspection_c.cpython-310-x86_64-linux-gnu.so\n'}
[0.414981] (linkattacher_msgs) StdoutLine: {'line': b'-- Up-to-date: /home/ibrahim/BinPicking/install/linkattacher_msgs/local/lib/python3.10/dist-packages/linkattacher_msgs/linkattacher_msgs_s__rosidl_typesupport_c.cpython-310-x86_64-linux-gnu.so\n'}
[0.415364] (linkattacher_msgs) StdoutLine: {'line': b'-- Up-to-date: /home/ibrahim/BinPicking/install/linkattacher_msgs/lib/liblinkattacher_msgs__rosidl_generator_py.so\n'}
[0.415578] (linkattacher_msgs) StdoutLine: {'line': b'-- Up-to-date: /home/ibrahim/BinPicking/install/linkattacher_msgs/share/ament_index/resource_index/rust_packages/linkattacher_msgs\n'}
[0.415817] (linkattacher_msgs) StdoutLine: {'line': b'-- Up-to-date: /home/ibrahim/BinPicking/install/linkattacher_msgs/share/linkattacher_msgs/rust\n'}
[0.416011] (linkattacher_msgs) StdoutLine: {'line': b'-- Up-to-date: /home/ibrahim/BinPicking/install/linkattacher_msgs/share/linkattacher_msgs/rust/src\n'}
[0.416181] (linkattacher_msgs) StdoutLine: {'line': b'-- Up-to-date: /home/ibrahim/BinPicking/install/linkattacher_msgs/share/linkattacher_msgs/rust/src/lib.rs\n'}
[0.416407] (linkattacher_msgs) StdoutLine: {'line': b'-- Up-to-date: /home/ibrahim/BinPicking/install/linkattacher_msgs/share/linkattacher_msgs/rust/src/srv\n'}
[0.416584] (linkattacher_msgs) StdoutLine: {'line': b'-- Up-to-date: /home/ibrahim/BinPicking/install/linkattacher_msgs/share/linkattacher_msgs/rust/src/srv/rmw.rs\n'}
[0.416756] (linkattacher_msgs) StdoutLine: {'line': b'-- Up-to-date: /home/ibrahim/BinPicking/install/linkattacher_msgs/share/linkattacher_msgs/rust/src/srv.rs\n'}
[0.416907] (linkattacher_msgs) StdoutLine: {'line': b'-- Up-to-date: /home/ibrahim/BinPicking/install/linkattacher_msgs/share/linkattacher_msgs/rust/build.rs\n'}
[0.417100] (linkattacher_msgs) StdoutLine: {'line': b'-- Up-to-date: /home/ibrahim/BinPicking/install/linkattacher_msgs/share/linkattacher_msgs/rust/Cargo.toml\n'}
[0.417146] (linkattacher_msgs) StdoutLine: {'line': b'-- Up-to-date: /home/ibrahim/BinPicking/install/linkattacher_msgs/share/linkattacher_msgs/srv/AttachLink.idl\n'}
[0.417278] (linkattacher_msgs) StdoutLine: {'line': b'-- Up-to-date: /home/ibrahim/BinPicking/install/linkattacher_msgs/share/linkattacher_msgs/srv/DetachLink.idl\n'}
[0.417380] (linkattacher_msgs) StdoutLine: {'line': b'-- Up-to-date: /home/ibrahim/BinPicking/install/linkattacher_msgs/share/linkattacher_msgs/srv/AttachLink.srv\n'}
[0.417578] (linkattacher_msgs) StdoutLine: {'line': b'-- Up-to-date: /home/ibrahim/BinPicking/install/linkattacher_msgs/share/linkattacher_msgs/srv/AttachLink_Request.msg\n'}
[0.417751] (linkattacher_msgs) StdoutLine: {'line': b'-- Up-to-date: /home/ibrahim/BinPicking/install/linkattacher_msgs/share/linkattacher_msgs/srv/AttachLink_Response.msg\n'}
[0.417915] (linkattacher_msgs) StdoutLine: {'line': b'-- Up-to-date: /home/ibrahim/BinPicking/install/linkattacher_msgs/share/linkattacher_msgs/srv/DetachLink.srv\n'}
[0.418104] (linkattacher_msgs) StdoutLine: {'line': b'-- Up-to-date: /home/ibrahim/BinPicking/install/linkattacher_msgs/share/linkattacher_msgs/srv/DetachLink_Request.msg\n'}
[0.418150] (linkattacher_msgs) StdoutLine: {'line': b'-- Up-to-date: /home/ibrahim/BinPicking/install/linkattacher_msgs/share/linkattacher_msgs/srv/DetachLink_Response.msg\n'}
[0.418192] (linkattacher_msgs) StdoutLine: {'line': b'-- Up-to-date: /home/ibrahim/BinPicking/install/linkattacher_msgs/share/ament_index/resource_index/package_run_dependencies/linkattacher_msgs\n'}
[0.418300] (linkattacher_msgs) StdoutLine: {'line': b'-- Up-to-date: /home/ibrahim/BinPicking/install/linkattacher_msgs/share/ament_index/resource_index/parent_prefix_path/linkattacher_msgs\n'}
[0.418342] (linkattacher_msgs) StdoutLine: {'line': b'-- Up-to-date: /home/ibrahim/BinPicking/install/linkattacher_msgs/share/linkattacher_msgs/environment/ament_prefix_path.sh\n'}
[0.418413] (linkattacher_msgs) StdoutLine: {'line': b'-- Up-to-date: /home/ibrahim/BinPicking/install/linkattacher_msgs/share/linkattacher_msgs/environment/ament_prefix_path.dsv\n'}
[0.418642] (linkattacher_msgs) StdoutLine: {'line': b'-- Up-to-date: /home/ibrahim/BinPicking/install/linkattacher_msgs/share/linkattacher_msgs/environment/path.sh\n'}
[0.418827] (linkattacher_msgs) StdoutLine: {'line': b'-- Up-to-date: /home/ibrahim/BinPicking/install/linkattacher_msgs/share/linkattacher_msgs/environment/path.dsv\n'}
[0.418960] (linkattacher_msgs) StdoutLine: {'line': b'-- Up-to-date: /home/ibrahim/BinPicking/install/linkattacher_msgs/share/linkattacher_msgs/local_setup.bash\n'}
[0.419164] (linkattacher_msgs) StdoutLine: {'line': b'-- Up-to-date: /home/ibrahim/BinPicking/install/linkattacher_msgs/share/linkattacher_msgs/local_setup.sh\n'}
[0.419217] (linkattacher_msgs) StdoutLine: {'line': b'-- Up-to-date: /home/ibrahim/BinPicking/install/linkattacher_msgs/share/linkattacher_msgs/local_setup.zsh\n'}
[0.419319] (linkattacher_msgs) StdoutLine: {'line': b'-- Up-to-date: /home/ibrahim/BinPicking/install/linkattacher_msgs/share/linkattacher_msgs/local_setup.dsv\n'}
[0.419357] (linkattacher_msgs) StdoutLine: {'line': b'-- Installing: /home/ibrahim/BinPicking/install/linkattacher_msgs/share/linkattacher_msgs/package.dsv\n'}
[0.419418] (linkattacher_msgs) StdoutLine: {'line': b'-- Up-to-date: /home/ibrahim/BinPicking/install/linkattacher_msgs/share/ament_index/resource_index/packages/linkattacher_msgs\n'}
[0.419628] (linkattacher_msgs) StdoutLine: {'line': b'-- Up-to-date: /home/ibrahim/BinPicking/install/linkattacher_msgs/share/linkattacher_msgs/cmake/export_linkattacher_msgs__rosidl_generator_cExport.cmake\n'}
[0.419795] (linkattacher_msgs) StdoutLine: {'line': b'-- Up-to-date: /home/ibrahim/BinPicking/install/linkattacher_msgs/share/linkattacher_msgs/cmake/export_linkattacher_msgs__rosidl_generator_cExport-noconfig.cmake\n'}
[0.419863] (linkattacher_msgs) StdoutLine: {'line': b'-- Up-to-date: /home/ibrahim/BinPicking/install/linkattacher_msgs/share/linkattacher_msgs/cmake/export_linkattacher_msgs__rosidl_typesupport_fastrtps_cExport.cmake\n'}
[0.420095] (linkattacher_msgs) StdoutLine: {'line': b'-- Up-to-date: /home/ibrahim/BinPicking/install/linkattacher_msgs/share/linkattacher_msgs/cmake/export_linkattacher_msgs__rosidl_typesupport_fastrtps_cExport-noconfig.cmake\n'}
[0.420205] (linkattacher_msgs) StdoutLine: {'line': b'-- Up-to-date: /home/ibrahim/BinPicking/install/linkattacher_msgs/share/linkattacher_msgs/cmake/linkattacher_msgs__rosidl_typesupport_introspection_cExport.cmake\n'}
[0.420402] (linkattacher_msgs) StdoutLine: {'line': b'-- Up-to-date: /home/ibrahim/BinPicking/install/linkattacher_msgs/share/linkattacher_msgs/cmake/linkattacher_msgs__rosidl_typesupport_introspection_cExport-noconfig.cmake\n'}
[0.420444] (linkattacher_msgs) StdoutLine: {'line': b'-- Up-to-date: /home/ibrahim/BinPicking/install/linkattacher_msgs/share/linkattacher_msgs/cmake/linkattacher_msgs__rosidl_typesupport_cExport.cmake\n'}
[0.420478] (linkattacher_msgs) StdoutLine: {'line': b'-- Up-to-date: /home/ibrahim/BinPicking/install/linkattacher_msgs/share/linkattacher_msgs/cmake/linkattacher_msgs__rosidl_typesupport_cExport-noconfig.cmake\n'}
[0.420508] (linkattacher_msgs) StdoutLine: {'line': b'-- Up-to-date: /home/ibrahim/BinPicking/install/linkattacher_msgs/share/linkattacher_msgs/cmake/export_linkattacher_msgs__rosidl_generator_cppExport.cmake\n'}
[0.420538] (linkattacher_msgs) StdoutLine: {'line': b'-- Up-to-date: /home/ibrahim/BinPicking/install/linkattacher_msgs/share/linkattacher_msgs/cmake/export_linkattacher_msgs__rosidl_typesupport_fastrtps_cppExport.cmake\n'}
[0.420593] (linkattacher_msgs) StdoutLine: {'line': b'-- Up-to-date: /home/ibrahim/BinPicking/install/linkattacher_msgs/share/linkattacher_msgs/cmake/export_linkattacher_msgs__rosidl_typesupport_fastrtps_cppExport-noconfig.cmake\n'}
[0.420631] (linkattacher_msgs) StdoutLine: {'line': b'-- Up-to-date: /home/ibrahim/BinPicking/install/linkattacher_msgs/share/linkattacher_msgs/cmake/linkattacher_msgs__rosidl_typesupport_introspection_cppExport.cmake\n'}
[0.420661] (linkattacher_msgs) StdoutLine: {'line': b'-- Up-to-date: /home/ibrahim/BinPicking/install/linkattacher_msgs/share/linkattacher_msgs/cmake/linkattacher_msgs__rosidl_typesupport_introspection_cppExport-noconfig.cmake\n'}
[0.420696] (linkattacher_msgs) StdoutLine: {'line': b'-- Up-to-date: /home/ibrahim/BinPicking/install/linkattacher_msgs/share/linkattacher_msgs/cmake/linkattacher_msgs__rosidl_typesupport_cppExport.cmake\n'}
[0.420728] (linkattacher_msgs) StdoutLine: {'line': b'-- Up-to-date: /home/ibrahim/BinPicking/install/linkattacher_msgs/share/linkattacher_msgs/cmake/linkattacher_msgs__rosidl_typesupport_cppExport-noconfig.cmake\n'}
[0.420760] (linkattacher_msgs) StdoutLine: {'line': b'-- Up-to-date: /home/ibrahim/BinPicking/install/linkattacher_msgs/share/linkattacher_msgs/cmake/export_linkattacher_msgs__rosidl_generator_pyExport.cmake\n'}
[0.420798] (linkattacher_msgs) StdoutLine: {'line': b'-- Up-to-date: /home/ibrahim/BinPicking/install/linkattacher_msgs/share/linkattacher_msgs/cmake/export_linkattacher_msgs__rosidl_generator_pyExport-noconfig.cmake\n'}
[0.420839] (linkattacher_msgs) StdoutLine: {'line': b'-- Up-to-date: /home/ibrahim/BinPicking/install/linkattacher_msgs/share/linkattacher_msgs/cmake/rosidl_cmake-extras.cmake\n'}
[0.420869] (linkattacher_msgs) StdoutLine: {'line': b'-- Up-to-date: /home/ibrahim/BinPicking/install/linkattacher_msgs/share/linkattacher_msgs/cmake/ament_cmake_export_include_directories-extras.cmake\n'}
[0.420909] (linkattacher_msgs) StdoutLine: {'line': b'-- Up-to-date: /home/ibrahim/BinPicking/install/linkattacher_msgs/share/linkattacher_msgs/cmake/ament_cmake_export_libraries-extras.cmake\n'}
[0.420964] (linkattacher_msgs) StdoutLine: {'line': b'-- Up-to-date: /home/ibrahim/BinPicking/install/linkattacher_msgs/share/linkattacher_msgs/cmake/ament_cmake_export_targets-extras.cmake\n'}
[0.421070] (linkattacher_msgs) StdoutLine: {'line': b'-- Up-to-date: /home/ibrahim/BinPicking/install/linkattacher_msgs/share/linkattacher_msgs/cmake/rosidl_cmake_export_typesupport_targets-extras.cmake\n'}
[0.421111] (linkattacher_msgs) StdoutLine: {'line': b'-- Up-to-date: /home/ibrahim/BinPicking/install/linkattacher_msgs/share/linkattacher_msgs/cmake/ament_cmake_export_dependencies-extras.cmake\n'}
[0.421146] (linkattacher_msgs) StdoutLine: {'line': b'-- Up-to-date: /home/ibrahim/BinPicking/install/linkattacher_msgs/share/linkattacher_msgs/cmake/rosidl_cmake_export_typesupport_libraries-extras.cmake\n'}
[0.421177] (linkattacher_msgs) StdoutLine: {'line': b'-- Up-to-date: /home/ibrahim/BinPicking/install/linkattacher_msgs/share/linkattacher_msgs/cmake/linkattacher_msgsConfig.cmake\n'}
[0.421207] (linkattacher_msgs) StdoutLine: {'line': b'-- Up-to-date: /home/ibrahim/BinPicking/install/linkattacher_msgs/share/linkattacher_msgs/cmake/linkattacher_msgsConfig-version.cmake\n'}
[0.421237] (linkattacher_msgs) StdoutLine: {'line': b'-- Up-to-date: /home/ibrahim/BinPicking/install/linkattacher_msgs/share/linkattacher_msgs/package.xml\n'}
[0.423520] (linkattacher_msgs) CommandEnded: {'returncode': 0}
[0.444354] (linkattacher_msgs) JobEnded: {'identifier': 'linkattacher_msgs', 'rc': 0}
[0.445907] (bin_nodes) JobStarted: {'identifier': 'bin_nodes'}
[0.451831] (ros2_linkattacher) JobStarted: {'identifier': 'ros2_linkattacher'}
[0.500177] (-) TimerEvent: {}
[0.530859] (bin_nodes) JobProgress: {'identifier': 'bin_nodes', 'progress': 'cmake'}
[0.531559] (bin_nodes) JobProgress: {'identifier': 'bin_nodes', 'progress': 'build'}
[0.531898] (bin_nodes) Command: {'cmd': ['/usr/bin/cmake', '--build', '/home/ibrahim/BinPicking/build/bin_nodes', '--', '-j16', '-l16'], 'cwd': '/home/ibrahim/BinPicking/build/bin_nodes', 'env': OrderedDict([('PYTHON_BASIC_REPL', '1'), ('LESSOPEN', '| /usr/bin/lesspipe %s'), ('USER', 'ibrahim'), ('GIT_ASKPASS', '/home/ibrahim/.vscode-server/bin/4fe60c8b1cdac1c4c174f2fb180d0d758272d713/extensions/git/dist/askpass.sh'), ('SHLVL', '1'), ('LD_LIBRARY_PATH', '/home/ibrahim/BinPicking/install/linkattacher_msgs/lib:/home/ibrahim/BinPicking/install/ros2_linkattacher/lib:/home/ibrahim/RobotArmExpanded/install/action_interfaces/lib:/home/ibrahim/RobotArm/install/action_interfaces/lib:/home/ibrahim/RobotNav/install/action_interfaces/lib:/home/ibrahim/ros2_ws/install/action_interfaces/lib:/usr/lib/x86_64-linux-gnu/gazebo-11/plugins:/opt/ros/humble/opt/rviz_ogre_vendor/lib:/opt/ros/humble/lib/x86_64-linux-gnu:/opt/ros/humble/lib'), ('HOME', '/home/ibrahim'), ('TERM_PROGRAM_VERSION', '1.127.0'), ('VSCODE_IPC_HOOK_CLI', '/run/user/1000/vscode-ipc-f56497ac-26c8-4238-ac57-aa6c35150e6d.sock'), ('ROS_PYTHON_VERSION', '3'), ('VSCODE_GIT_ASKPASS_MAIN', '/home/ibrahim/.vscode-server/bin/4fe60c8b1cdac1c4c174f2fb180d0d758272d713/extensions/git/dist/askpass-main.js'), ('VSCODE_GIT_ASKPASS_NODE', '/home/ibrahim/.vscode-server/bin/4fe60c8b1cdac1c4c174f2fb180d0d758272d713/node'), ('PYDEVD_DISABLE_FILE_VALIDATION', '1'), ('BUNDLED_DEBUGPY_PATH', '/home/ibrahim/.vscode-server/extensions/ms-python.debugpy-2026.6.0-linux-x64/bundled/libs/debugpy'), ('VSCODE_PYTHON_AUTOACTIVATE_GUARD', '1'), ('DBUS_SESSION_BUS_ADDRESS', 'unix:path=/run/user/1000/bus'), ('COLORTERM', 'truecolor'), ('WSL_DISTRO_NAME', 'Ubuntu-22.04'), ('WAYLAND_DISPLAY', 'wayland-0'), ('COLCON_PREFIX_PATH', '/home/ibrahim/BinPicking/install:/home/ibrahim/MoveItArm/install:/home/ibrahim/RobotArmExpanded/install:/home/ibrahim/RobotArm/install:/home/ibrahim/TF2Sample/install:/home/ibrahim/RobotNav/install:/home/ibrahim/RobotMonitor/install:/home/ibrahim/ros2_ws/install'), ('ROS_DISTRO', 'humble'), ('LOGNAME', 'ibrahim'), ('NAME', 'Ibrahim-laptop'), ('WSL_INTEROP', '/run/WSL/409_interop'), ('PULSE_SERVER', 'unix:/mnt/wslg/PulseServer'), ('_', '/usr/bin/colcon'), ('ROS_VERSION', '2'), ('CLAUDE_CODE_SSE_PORT', '15232'), ('TERM', 'xterm-256color'), ('ROS_LOCALHOST_ONLY', '0'), ('PATH', '/home/ibrahim/.vscode-server/data/User/globalStorage/github.copilot-chat/debugCommand:/home/ibrahim/.vscode-server/data/User/globalStorage/github.copilot-chat/copilotCli:/home/ibrahim/.vscode-server/bin/4fe60c8b1cdac1c4c174f2fb180d0d758272d713/bin/remote-cli:/opt/ros/humble/bin:/usr/local/sbin:/usr/local/bin:/usr/sbin:/usr/bin:/sbin:/bin:/usr/games:/usr/local/games:/usr/lib/wsl/lib:/mnt/c/Windows/system32:/mnt/c/Windows:/mnt/c/Windows/System32/Wbem:/mnt/c/Windows/System32/WindowsPowerShell/v1.0/:/mnt/c/Windows/System32/OpenSSH/:/mnt/c/Program Files (x86)/NVIDIA Corporation/PhysX/Common:/mnt/c/Program Files/NVIDIA Corporation/NVIDIA App/NvDLISR:/mnt/c/Program Files/dotnet/:/mnt/c/Program Files/nodejs/:/mnt/c/Program Files/Git/cmd:/mnt/c/Program Files/PostgreSQL/18/bin:/mnt/c/Users/zanto/.local/bin:/mnt/c/Program Files/Docker/Docker/resources/bin:/mnt/c/Program Files/GitHub CLI/:/mnt/c/Users/zanto/AppData/Local/Programs/Python/Python312/Scripts/:/mnt/c/Users/zanto/AppData/Local/Programs/Python/Python312/:/mnt/c/Users/zanto/AppData/Local/Programs/Python/Python314/Scripts/:/mnt/c/Users/zanto/AppData/Local/Programs/Python/Python314/:/mnt/c/Users/zanto/AppData/Local/Microsoft/WindowsApps:/mnt/c/Users/zanto/AppData/Local/Programs/Microsoft VS Code/bin:/mnt/c/Users/zanto/AppData/Local/Programs/Ollama:/mnt/c/Users/zanto/AppData/Roaming/npm:/mnt/c/msys64/ucrt64/bin:/snap/bin:/home/ibrahim/.vscode-server/extensions/ms-python.debugpy-2026.6.0-linux-x64/bundled/scripts/noConfigScripts'), ('XDG_RUNTIME_DIR', '/run/user/1000/'), ('DISPLAY', ':0'), ('VSCODE_DEBUGPY_ADAPTER_ENDPOINTS', '/home/ibrahim/.vscode-server/extensions/ms-python.debugpy-2026.6.0-linux-x64/.noConfigDebugAdapterEndpoints/endpoint-5f2293e981f4d090.txt'), ('LANG', 'C.UTF-8'), ('PYTHONSTARTUP', '/home/ibrahim/.vscode-server/data/User/workspaceStorage/53d6af783f54596ecf064b03d33c69c7/ms-python.python/pythonrc.py'), ('RMW_IMPLEMENTATION', 'rmw_cyclonedds_cpp'), ('LS_COLORS', 'rs=0:di=01;34:ln=01;36:mh=00:pi=40;33:so=01;35:do=01;35:bd=40;33;01:cd=40;33;01:or=40;31;01:mi=00:su=37;41:sg=30;43:ca=30;41:tw=30;42:ow=34;42:st=37;44:ex=01;32:*.tar=01;31:*.tgz=01;31:*.arc=01;31:*.arj=01;31:*.taz=01;31:*.lha=01;31:*.lz4=01;31:*.lzh=01;31:*.lzma=01;31:*.tlz=01;31:*.txz=01;31:*.tzo=01;31:*.t7z=01;31:*.zip=01;31:*.z=01;31:*.dz=01;31:*.gz=01;31:*.lrz=01;31:*.lz=01;31:*.lzo=01;31:*.xz=01;31:*.zst=01;31:*.tzst=01;31:*.bz2=01;31:*.bz=01;31:*.tbz=01;31:*.tbz2=01;31:*.tz=01;31:*.deb=01;31:*.rpm=01;31:*.jar=01;31:*.war=01;31:*.ear=01;31:*.sar=01;31:*.rar=01;31:*.alz=01;31:*.ace=01;31:*.zoo=01;31:*.cpio=01;31:*.7z=01;31:*.rz=01;31:*.cab=01;31:*.wim=01;31:*.swm=01;31:*.dwm=01;31:*.esd=01;31:*.jpg=01;35:*.jpeg=01;35:*.mjpg=01;35:*.mjpeg=01;35:*.gif=01;35:*.bmp=01;35:*.pbm=01;35:*.pgm=01;35:*.ppm=01;35:*.tga=01;35:*.xbm=01;35:*.xpm=01;35:*.tif=01;35:*.tiff=01;35:*.png=01;35:*.svg=01;35:*.svgz=01;35:*.mng=01;35:*.pcx=01;35:*.mov=01;35:*.mpg=01;35:*.mpeg=01;35:*.m2v=01;35:*.mkv=01;35:*.webm=01;35:*.webp=01;35:*.ogm=01;35:*.mp4=01;35:*.m4v=01;35:*.mp4v=01;35:*.vob=01;35:*.qt=01;35:*.nuv=01;35:*.wmv=01;35:*.asf=01;35:*.rm=01;35:*.rmvb=01;35:*.flc=01;35:*.avi=01;35:*.fli=01;35:*.flv=01;35:*.gl=01;35:*.dl=01;35:*.xcf=01;35:*.xwd=01;35:*.yuv=01;35:*.cgm=01;35:*.emf=01;35:*.ogv=01;35:*.ogx=01;35:*.aac=00;36:*.au=00;36:*.flac=00;36:*.m4a=00;36:*.mid=00;36:*.midi=00;36:*.mka=00;36:*.mp3=00;36:*.mpc=00;36:*.ogg=00;36:*.ra=00;36:*.wav=00;36:*.oga=00;36:*.opus=00;36:*.spx=00;36:*.xspf=00;36:'), ('VSCODE_GIT_IPC_HANDLE', '/run/user/1000/vscode-git-6e1624529d.sock'), ('TERM_PROGRAM', 'vscode'), ('ROS_DOMAIN_ID', '10'), ('AMENT_PREFIX_PATH', '/home/ibrahim/BinPicking/install/ros2_linkattacher:/home/ibrahim/BinPicking/install/moveit_config:/home/ibrahim/BinPicking/install/bin_nodes:/home/ibrahim/BinPicking/install/linkattacher_msgs:/home/ibrahim/RobotArmExpanded/install/main_arm_package:/home/ibrahim/RobotArmExpanded/install/action_interfaces:/home/ibrahim/MoveItArm/install/moveit_config:/home/ibrahim/MoveItArm/install/moveit_arm_package:/home/ibrahim/RobotArm/install/main_arm_package:/home/ibrahim/RobotArm/install/action_interfaces:/home/ibrahim/TF2Sample/install/tf2sim:/home/ibrahim/RobotNav/install/main_robot_nodes:/home/ibrahim/RobotNav/install/action_interfaces:/home/ibrahim/RobotMonitor/install/Robot3Node_Package:/home/ibrahim/ros2_ws/install/my_first_package:/home/ibrahim/ros2_ws/install/action_interfaces:/opt/ros/humble'), ('SHELL', '/bin/bash'), ('LESSCLOSE', '/usr/bin/lesspipe %s %s'), ('VSCODE_GIT_ASKPASS_EXTRA_ARGS', ''), ('PWD', '/home/ibrahim/BinPicking/build/bin_nodes'), ('COPILOT_DEBUG_NONCE', 'd05f4ba8ec07642c4df8354ff840a334'), ('XDG_DATA_DIRS', '/usr/local/share:/usr/share:/var/lib/snapd/desktop'), ('PYTHONPATH', '/home/ibrahim/BinPicking/install/linkattacher_msgs/local/lib/python3.10/dist-packages:/home/ibrahim/RobotArmExpanded/install/action_interfaces/local/lib/python3.10/dist-packages:/home/ibrahim/RobotArm/install/action_interfaces/local/lib/python3.10/dist-packages:/home/ibrahim/RobotNav/install/action_interfaces/local/lib/python3.10/dist-packages:/home/ibrahim/ros2_ws/install/action_interfaces/local/lib/python3.10/dist-packages:/opt/ros/humble/lib/python3.10/site-packages:/opt/ros/humble/local/lib/python3.10/dist-packages'), ('COLCON', '1'), ('WSL2_GUI_APPS_ENABLED', '1'), ('HOSTTYPE', 'x86_64'), ('CMAKE_PREFIX_PATH', '/home/ibrahim/BinPicking/install/linkattacher_msgs:/home/ibrahim/BinPicking/install/ros2_linkattacher:/home/ibrahim/BinPicking/install/moveit_config:/home/ibrahim/BinPicking/install/bin_nodes:/home/ibrahim/RobotArmExpanded/install/main_arm_package:/home/ibrahim/RobotArmExpanded/install/action_interfaces:/home/ibrahim/MoveItArm/install/moveit_config:/home/ibrahim/MoveItArm/install/moveit_arm_package:/home/ibrahim/TF2Sample/install/tf2sim:/home/ibrahim/RobotNav/install/main_robot_nodes:/home/ibrahim/RobotNav/install/action_interfaces:/home/ibrahim/RobotMonitor/install/Robot3Node_Package:/home/ibrahim/ros2_ws/install/my_first_package:/home/ibrahim/ros2_ws/install/action_interfaces:/home/ibrahim/RobotArm/install/main_arm_package:/home/ibrahim/RobotArm/install/action_interfaces:/opt/ros/humble'), ('WSLENV', 'VSCODE_WSL_EXT_LOCATION/up')]), 'shell': False}
[0.536996] (ros2_linkattacher) JobProgress: {'identifier': 'ros2_linkattacher', 'progress': 'cmake'}
[0.537894] (ros2_linkattacher) JobProgress: {'identifier': 'ros2_linkattacher', 'progress': 'build'}
[0.538322] (ros2_linkattacher) Command: {'cmd': ['/usr/bin/cmake', '--build', '/home/ibrahim/BinPicking/build/ros2_linkattacher', '--', '-j16', '-l16'], 'cwd': '/home/ibrahim/BinPicking/build/ros2_linkattacher', 'env': OrderedDict([('PYTHON_BASIC_REPL', '1'), ('LESSOPEN', '| /usr/bin/lesspipe %s'), ('USER', 'ibrahim'), ('GIT_ASKPASS', '/home/ibrahim/.vscode-server/bin/4fe60c8b1cdac1c4c174f2fb180d0d758272d713/extensions/git/dist/askpass.sh'), ('SHLVL', '1'), ('LD_LIBRARY_PATH', '/home/ibrahim/BinPicking/install/linkattacher_msgs/lib:/home/ibrahim/BinPicking/install/ros2_linkattacher/lib:/home/ibrahim/RobotArmExpanded/install/action_interfaces/lib:/home/ibrahim/RobotArm/install/action_interfaces/lib:/home/ibrahim/RobotNav/install/action_interfaces/lib:/home/ibrahim/ros2_ws/install/action_interfaces/lib:/usr/lib/x86_64-linux-gnu/gazebo-11/plugins:/opt/ros/humble/opt/rviz_ogre_vendor/lib:/opt/ros/humble/lib/x86_64-linux-gnu:/opt/ros/humble/lib'), ('HOME', '/home/ibrahim'), ('TERM_PROGRAM_VERSION', '1.127.0'), ('VSCODE_IPC_HOOK_CLI', '/run/user/1000/vscode-ipc-f56497ac-26c8-4238-ac57-aa6c35150e6d.sock'), ('ROS_PYTHON_VERSION', '3'), ('VSCODE_GIT_ASKPASS_MAIN', '/home/ibrahim/.vscode-server/bin/4fe60c8b1cdac1c4c174f2fb180d0d758272d713/extensions/git/dist/askpass-main.js'), ('VSCODE_GIT_ASKPASS_NODE', '/home/ibrahim/.vscode-server/bin/4fe60c8b1cdac1c4c174f2fb180d0d758272d713/node'), ('PYDEVD_DISABLE_FILE_VALIDATION', '1'), ('BUNDLED_DEBUGPY_PATH', '/home/ibrahim/.vscode-server/extensions/ms-python.debugpy-2026.6.0-linux-x64/bundled/libs/debugpy'), ('VSCODE_PYTHON_AUTOACTIVATE_GUARD', '1'), ('DBUS_SESSION_BUS_ADDRESS', 'unix:path=/run/user/1000/bus'), ('COLORTERM', 'truecolor'), ('WSL_DISTRO_NAME', 'Ubuntu-22.04'), ('WAYLAND_DISPLAY', 'wayland-0'), ('COLCON_PREFIX_PATH', '/home/ibrahim/BinPicking/install:/home/ibrahim/MoveItArm/install:/home/ibrahim/RobotArmExpanded/install:/home/ibrahim/RobotArm/install:/home/ibrahim/TF2Sample/install:/home/ibrahim/RobotNav/install:/home/ibrahim/RobotMonitor/install:/home/ibrahim/ros2_ws/install'), ('ROS_DISTRO', 'humble'), ('LOGNAME', 'ibrahim'), ('NAME', 'Ibrahim-laptop'), ('WSL_INTEROP', '/run/WSL/409_interop'), ('PULSE_SERVER', 'unix:/mnt/wslg/PulseServer'), ('_', '/usr/bin/colcon'), ('ROS_VERSION', '2'), ('CLAUDE_CODE_SSE_PORT', '15232'), ('TERM', 'xterm-256color'), ('ROS_LOCALHOST_ONLY', '0'), ('PATH', '/home/ibrahim/.vscode-server/data/User/globalStorage/github.copilot-chat/debugCommand:/home/ibrahim/.vscode-server/data/User/globalStorage/github.copilot-chat/copilotCli:/home/ibrahim/.vscode-server/bin/4fe60c8b1cdac1c4c174f2fb180d0d758272d713/bin/remote-cli:/opt/ros/humble/bin:/usr/local/sbin:/usr/local/bin:/usr/sbin:/usr/bin:/sbin:/bin:/usr/games:/usr/local/games:/usr/lib/wsl/lib:/mnt/c/Windows/system32:/mnt/c/Windows:/mnt/c/Windows/System32/Wbem:/mnt/c/Windows/System32/WindowsPowerShell/v1.0/:/mnt/c/Windows/System32/OpenSSH/:/mnt/c/Program Files (x86)/NVIDIA Corporation/PhysX/Common:/mnt/c/Program Files/NVIDIA Corporation/NVIDIA App/NvDLISR:/mnt/c/Program Files/dotnet/:/mnt/c/Program Files/nodejs/:/mnt/c/Program Files/Git/cmd:/mnt/c/Program Files/PostgreSQL/18/bin:/mnt/c/Users/zanto/.local/bin:/mnt/c/Program Files/Docker/Docker/resources/bin:/mnt/c/Program Files/GitHub CLI/:/mnt/c/Users/zanto/AppData/Local/Programs/Python/Python312/Scripts/:/mnt/c/Users/zanto/AppData/Local/Programs/Python/Python312/:/mnt/c/Users/zanto/AppData/Local/Programs/Python/Python314/Scripts/:/mnt/c/Users/zanto/AppData/Local/Programs/Python/Python314/:/mnt/c/Users/zanto/AppData/Local/Microsoft/WindowsApps:/mnt/c/Users/zanto/AppData/Local/Programs/Microsoft VS Code/bin:/mnt/c/Users/zanto/AppData/Local/Programs/Ollama:/mnt/c/Users/zanto/AppData/Roaming/npm:/mnt/c/msys64/ucrt64/bin:/snap/bin:/home/ibrahim/.vscode-server/extensions/ms-python.debugpy-2026.6.0-linux-x64/bundled/scripts/noConfigScripts'), ('XDG_RUNTIME_DIR', '/run/user/1000/'), ('DISPLAY', ':0'), ('VSCODE_DEBUGPY_ADAPTER_ENDPOINTS', '/home/ibrahim/.vscode-server/extensions/ms-python.debugpy-2026.6.0-linux-x64/.noConfigDebugAdapterEndpoints/endpoint-5f2293e981f4d090.txt'), ('LANG', 'C.UTF-8'), ('PYTHONSTARTUP', '/home/ibrahim/.vscode-server/data/User/workspaceStorage/53d6af783f54596ecf064b03d33c69c7/ms-python.python/pythonrc.py'), ('RMW_IMPLEMENTATION', 'rmw_cyclonedds_cpp'), ('LS_COLORS', 'rs=0:di=01;34:ln=01;36:mh=00:pi=40;33:so=01;35:do=01;35:bd=40;33;01:cd=40;33;01:or=40;31;01:mi=00:su=37;41:sg=30;43:ca=30;41:tw=30;42:ow=34;42:st=37;44:ex=01;32:*.tar=01;31:*.tgz=01;31:*.arc=01;31:*.arj=01;31:*.taz=01;31:*.lha=01;31:*.lz4=01;31:*.lzh=01;31:*.lzma=01;31:*.tlz=01;31:*.txz=01;31:*.tzo=01;31:*.t7z=01;31:*.zip=01;31:*.z=01;31:*.dz=01;31:*.gz=01;31:*.lrz=01;31:*.lz=01;31:*.lzo=01;31:*.xz=01;31:*.zst=01;31:*.tzst=01;31:*.bz2=01;31:*.bz=01;31:*.tbz=01;31:*.tbz2=01;31:*.tz=01;31:*.deb=01;31:*.rpm=01;31:*.jar=01;31:*.war=01;31:*.ear=01;31:*.sar=01;31:*.rar=01;31:*.alz=01;31:*.ace=01;31:*.zoo=01;31:*.cpio=01;31:*.7z=01;31:*.rz=01;31:*.cab=01;31:*.wim=01;31:*.swm=01;31:*.dwm=01;31:*.esd=01;31:*.jpg=01;35:*.jpeg=01;35:*.mjpg=01;35:*.mjpeg=01;35:*.gif=01;35:*.bmp=01;35:*.pbm=01;35:*.pgm=01;35:*.ppm=01;35:*.tga=01;35:*.xbm=01;35:*.xpm=01;35:*.tif=01;35:*.tiff=01;35:*.png=01;35:*.svg=01;35:*.svgz=01;35:*.mng=01;35:*.pcx=01;35:*.mov=01;35:*.mpg=01;35:*.mpeg=01;35:*.m2v=01;35:*.mkv=01;35:*.webm=01;35:*.webp=01;35:*.ogm=01;35:*.mp4=01;35:*.m4v=01;35:*.mp4v=01;35:*.vob=01;35:*.qt=01;35:*.nuv=01;35:*.wmv=01;35:*.asf=01;35:*.rm=01;35:*.rmvb=01;35:*.flc=01;35:*.avi=01;35:*.fli=01;35:*.flv=01;35:*.gl=01;35:*.dl=01;35:*.xcf=01;35:*.xwd=01;35:*.yuv=01;35:*.cgm=01;35:*.emf=01;35:*.ogv=01;35:*.ogx=01;35:*.aac=00;36:*.au=00;36:*.flac=00;36:*.m4a=00;36:*.mid=00;36:*.midi=00;36:*.mka=00;36:*.mp3=00;36:*.mpc=00;36:*.ogg=00;36:*.ra=00;36:*.wav=00;36:*.oga=00;36:*.opus=00;36:*.spx=00;36:*.xspf=00;36:'), ('VSCODE_GIT_IPC_HANDLE', '/run/user/1000/vscode-git-6e1624529d.sock'), ('TERM_PROGRAM', 'vscode'), ('ROS_DOMAIN_ID', '10'), ('AMENT_PREFIX_PATH', '/home/ibrahim/BinPicking/install/ros2_linkattacher:/home/ibrahim/BinPicking/install/moveit_config:/home/ibrahim/BinPicking/install/bin_nodes:/home/ibrahim/BinPicking/install/linkattacher_msgs:/home/ibrahim/RobotArmExpanded/install/main_arm_package:/home/ibrahim/RobotArmExpanded/install/action_interfaces:/home/ibrahim/MoveItArm/install/moveit_config:/home/ibrahim/MoveItArm/install/moveit_arm_package:/home/ibrahim/RobotArm/install/main_arm_package:/home/ibrahim/RobotArm/install/action_interfaces:/home/ibrahim/TF2Sample/install/tf2sim:/home/ibrahim/RobotNav/install/main_robot_nodes:/home/ibrahim/RobotNav/install/action_interfaces:/home/ibrahim/RobotMonitor/install/Robot3Node_Package:/home/ibrahim/ros2_ws/install/my_first_package:/home/ibrahim/ros2_ws/install/action_interfaces:/opt/ros/humble'), ('SHELL', '/bin/bash'), ('LESSCLOSE', '/usr/bin/lesspipe %s %s'), ('VSCODE_GIT_ASKPASS_EXTRA_ARGS', ''), ('PWD', '/home/ibrahim/BinPicking/build/ros2_linkattacher'), ('COPILOT_DEBUG_NONCE', 'd05f4ba8ec07642c4df8354ff840a334'), ('XDG_DATA_DIRS', '/usr/local/share:/usr/share:/var/lib/snapd/desktop'), ('PYTHONPATH', '/home/ibrahim/BinPicking/install/linkattacher_msgs/local/lib/python3.10/dist-packages:/home/ibrahim/RobotArmExpanded/install/action_interfaces/local/lib/python3.10/dist-packages:/home/ibrahim/RobotArm/install/action_interfaces/local/lib/python3.10/dist-packages:/home/ibrahim/RobotNav/install/action_interfaces/local/lib/python3.10/dist-packages:/home/ibrahim/ros2_ws/install/action_interfaces/local/lib/python3.10/dist-packages:/opt/ros/humble/lib/python3.10/site-packages:/opt/ros/humble/local/lib/python3.10/dist-packages'), ('COLCON', '1'), ('WSL2_GUI_APPS_ENABLED', '1'), ('HOSTTYPE', 'x86_64'), ('CMAKE_PREFIX_PATH', '/home/ibrahim/BinPicking/install/linkattacher_msgs:/home/ibrahim/BinPicking/install/ros2_linkattacher:/home/ibrahim/BinPicking/install/moveit_config:/home/ibrahim/BinPicking/install/bin_nodes:/home/ibrahim/RobotArmExpanded/install/main_arm_package:/home/ibrahim/RobotArmExpanded/install/action_interfaces:/home/ibrahim/MoveItArm/install/moveit_config:/home/ibrahim/MoveItArm/install/moveit_arm_package:/home/ibrahim/TF2Sample/install/tf2sim:/home/ibrahim/RobotNav/install/main_robot_nodes:/home/ibrahim/RobotNav/install/action_interfaces:/home/ibrahim/RobotMonitor/install/Robot3Node_Package:/home/ibrahim/ros2_ws/install/my_first_package:/home/ibrahim/ros2_ws/install/action_interfaces:/home/ibrahim/RobotArm/install/main_arm_package:/home/ibrahim/RobotArm/install/action_interfaces:/opt/ros/humble'), ('WSLENV', 'VSCODE_WSL_EXT_LOCATION/up')]), 'shell': False}
[0.588682] (bin_nodes) StdoutLine: {'line': b'\x1b[35m\x1b[1mConsolidate compiler generated dependencies of target pick_and_place_fixed\x1b[0m\n'}
[0.600324] (-) TimerEvent: {}
[0.607703] (bin_nodes) StdoutLine: {'line': b'[ 50%] Built target MoveArm\n'}
[0.619660] (bin_nodes) StdoutLine: {'line': b'[100%] Built target pick_and_place_fixed\n'}
[0.621383] (ros2_linkattacher) StdoutLine: {'line': b'[100%] Built target gazebo_link_attacher\n'}
[0.632869] (bin_nodes) CommandEnded: {'returncode': 0}
[0.633702] (bin_nodes) JobProgress: {'identifier': 'bin_nodes', 'progress': 'install'}
[0.634667] (bin_nodes) Command: {'cmd': ['/usr/bin/cmake', '--install', '/home/ibrahim/BinPicking/build/bin_nodes'], 'cwd': '/home/ibrahim/BinPicking/build/bin_nodes', 'env': OrderedDict([('PYTHON_BASIC_REPL', '1'), ('LESSOPEN', '| /usr/bin/lesspipe %s'), ('USER', 'ibrahim'), ('GIT_ASKPASS', '/home/ibrahim/.vscode-server/bin/4fe60c8b1cdac1c4c174f2fb180d0d758272d713/extensions/git/dist/askpass.sh'), ('SHLVL', '1'), ('LD_LIBRARY_PATH', '/home/ibrahim/BinPicking/install/linkattacher_msgs/lib:/home/ibrahim/BinPicking/install/ros2_linkattacher/lib:/home/ibrahim/RobotArmExpanded/install/action_interfaces/lib:/home/ibrahim/RobotArm/install/action_interfaces/lib:/home/ibrahim/RobotNav/install/action_interfaces/lib:/home/ibrahim/ros2_ws/install/action_interfaces/lib:/usr/lib/x86_64-linux-gnu/gazebo-11/plugins:/opt/ros/humble/opt/rviz_ogre_vendor/lib:/opt/ros/humble/lib/x86_64-linux-gnu:/opt/ros/humble/lib'), ('HOME', '/home/ibrahim'), ('TERM_PROGRAM_VERSION', '1.127.0'), ('VSCODE_IPC_HOOK_CLI', '/run/user/1000/vscode-ipc-f56497ac-26c8-4238-ac57-aa6c35150e6d.sock'), ('ROS_PYTHON_VERSION', '3'), ('VSCODE_GIT_ASKPASS_MAIN', '/home/ibrahim/.vscode-server/bin/4fe60c8b1cdac1c4c174f2fb180d0d758272d713/extensions/git/dist/askpass-main.js'), ('VSCODE_GIT_ASKPASS_NODE', '/home/ibrahim/.vscode-server/bin/4fe60c8b1cdac1c4c174f2fb180d0d758272d713/node'), ('PYDEVD_DISABLE_FILE_VALIDATION', '1'), ('BUNDLED_DEBUGPY_PATH', '/home/ibrahim/.vscode-server/extensions/ms-python.debugpy-2026.6.0-linux-x64/bundled/libs/debugpy'), ('VSCODE_PYTHON_AUTOACTIVATE_GUARD', '1'), ('DBUS_SESSION_BUS_ADDRESS', 'unix:path=/run/user/1000/bus'), ('COLORTERM', 'truecolor'), ('WSL_DISTRO_NAME', 'Ubuntu-22.04'), ('WAYLAND_DISPLAY', 'wayland-0'), ('COLCON_PREFIX_PATH', '/home/ibrahim/BinPicking/install:/home/ibrahim/MoveItArm/install:/home/ibrahim/RobotArmExpanded/install:/home/ibrahim/RobotArm/install:/home/ibrahim/TF2Sample/install:/home/ibrahim/RobotNav/install:/home/ibrahim/RobotMonitor/install:/home/ibrahim/ros2_ws/install'), ('ROS_DISTRO', 'humble'), ('LOGNAME', 'ibrahim'), ('NAME', 'Ibrahim-laptop'), ('WSL_INTEROP', '/run/WSL/409_interop'), ('PULSE_SERVER', 'unix:/mnt/wslg/PulseServer'), ('_', '/usr/bin/colcon'), ('ROS_VERSION', '2'), ('CLAUDE_CODE_SSE_PORT', '15232'), ('TERM', 'xterm-256color'), ('ROS_LOCALHOST_ONLY', '0'), ('PATH', '/home/ibrahim/.vscode-server/data/User/globalStorage/github.copilot-chat/debugCommand:/home/ibrahim/.vscode-server/data/User/globalStorage/github.copilot-chat/copilotCli:/home/ibrahim/.vscode-server/bin/4fe60c8b1cdac1c4c174f2fb180d0d758272d713/bin/remote-cli:/opt/ros/humble/bin:/usr/local/sbin:/usr/local/bin:/usr/sbin:/usr/bin:/sbin:/bin:/usr/games:/usr/local/games:/usr/lib/wsl/lib:/mnt/c/Windows/system32:/mnt/c/Windows:/mnt/c/Windows/System32/Wbem:/mnt/c/Windows/System32/WindowsPowerShell/v1.0/:/mnt/c/Windows/System32/OpenSSH/:/mnt/c/Program Files (x86)/NVIDIA Corporation/PhysX/Common:/mnt/c/Program Files/NVIDIA Corporation/NVIDIA App/NvDLISR:/mnt/c/Program Files/dotnet/:/mnt/c/Program Files/nodejs/:/mnt/c/Program Files/Git/cmd:/mnt/c/Program Files/PostgreSQL/18/bin:/mnt/c/Users/zanto/.local/bin:/mnt/c/Program Files/Docker/Docker/resources/bin:/mnt/c/Program Files/GitHub CLI/:/mnt/c/Users/zanto/AppData/Local/Programs/Python/Python312/Scripts/:/mnt/c/Users/zanto/AppData/Local/Programs/Python/Python312/:/mnt/c/Users/zanto/AppData/Local/Programs/Python/Python314/Scripts/:/mnt/c/Users/zanto/AppData/Local/Programs/Python/Python314/:/mnt/c/Users/zanto/AppData/Local/Microsoft/WindowsApps:/mnt/c/Users/zanto/AppData/Local/Programs/Microsoft VS Code/bin:/mnt/c/Users/zanto/AppData/Local/Programs/Ollama:/mnt/c/Users/zanto/AppData/Roaming/npm:/mnt/c/msys64/ucrt64/bin:/snap/bin:/home/ibrahim/.vscode-server/extensions/ms-python.debugpy-2026.6.0-linux-x64/bundled/scripts/noConfigScripts'), ('XDG_RUNTIME_DIR', '/run/user/1000/'), ('DISPLAY', ':0'), ('VSCODE_DEBUGPY_ADAPTER_ENDPOINTS', '/home/ibrahim/.vscode-server/extensions/ms-python.debugpy-2026.6.0-linux-x64/.noConfigDebugAdapterEndpoints/endpoint-5f2293e981f4d090.txt'), ('LANG', 'C.UTF-8'), ('PYTHONSTARTUP', '/home/ibrahim/.vscode-server/data/User/workspaceStorage/53d6af783f54596ecf064b03d33c69c7/ms-python.python/pythonrc.py'), ('RMW_IMPLEMENTATION', 'rmw_cyclonedds_cpp'), ('LS_COLORS', 'rs=0:di=01;34:ln=01;36:mh=00:pi=40;33:so=01;35:do=01;35:bd=40;33;01:cd=40;33;01:or=40;31;01:mi=00:su=37;41:sg=30;43:ca=30;41:tw=30;42:ow=34;42:st=37;44:ex=01;32:*.tar=01;31:*.tgz=01;31:*.arc=01;31:*.arj=01;31:*.taz=01;31:*.lha=01;31:*.lz4=01;31:*.lzh=01;31:*.lzma=01;31:*.tlz=01;31:*.txz=01;31:*.tzo=01;31:*.t7z=01;31:*.zip=01;31:*.z=01;31:*.dz=01;31:*.gz=01;31:*.lrz=01;31:*.lz=01;31:*.lzo=01;31:*.xz=01;31:*.zst=01;31:*.tzst=01;31:*.bz2=01;31:*.bz=01;31:*.tbz=01;31:*.tbz2=01;31:*.tz=01;31:*.deb=01;31:*.rpm=01;31:*.jar=01;31:*.war=01;31:*.ear=01;31:*.sar=01;31:*.rar=01;31:*.alz=01;31:*.ace=01;31:*.zoo=01;31:*.cpio=01;31:*.7z=01;31:*.rz=01;31:*.cab=01;31:*.wim=01;31:*.swm=01;31:*.dwm=01;31:*.esd=01;31:*.jpg=01;35:*.jpeg=01;35:*.mjpg=01;35:*.mjpeg=01;35:*.gif=01;35:*.bmp=01;35:*.pbm=01;35:*.pgm=01;35:*.ppm=01;35:*.tga=01;35:*.xbm=01;35:*.xpm=01;35:*.tif=01;35:*.tiff=01;35:*.png=01;35:*.svg=01;35:*.svgz=01;35:*.mng=01;35:*.pcx=01;35:*.mov=01;35:*.mpg=01;35:*.mpeg=01;35:*.m2v=01;35:*.mkv=01;35:*.webm=01;35:*.webp=01;35:*.ogm=01;35:*.mp4=01;35:*.m4v=01;35:*.mp4v=01;35:*.vob=01;35:*.qt=01;35:*.nuv=01;35:*.wmv=01;35:*.asf=01;35:*.rm=01;35:*.rmvb=01;35:*.flc=01;35:*.avi=01;35:*.fli=01;35:*.flv=01;35:*.gl=01;35:*.dl=01;35:*.xcf=01;35:*.xwd=01;35:*.yuv=01;35:*.cgm=01;35:*.emf=01;35:*.ogv=01;35:*.ogx=01;35:*.aac=00;36:*.au=00;36:*.flac=00;36:*.m4a=00;36:*.mid=00;36:*.midi=00;36:*.mka=00;36:*.mp3=00;36:*.mpc=00;36:*.ogg=00;36:*.ra=00;36:*.wav=00;36:*.oga=00;36:*.opus=00;36:*.spx=00;36:*.xspf=00;36:'), ('VSCODE_GIT_IPC_HANDLE', '/run/user/1000/vscode-git-6e1624529d.sock'), ('TERM_PROGRAM', 'vscode'), ('ROS_DOMAIN_ID', '10'), ('AMENT_PREFIX_PATH', '/home/ibrahim/BinPicking/install/ros2_linkattacher:/home/ibrahim/BinPicking/install/moveit_config:/home/ibrahim/BinPicking/install/bin_nodes:/home/ibrahim/BinPicking/install/linkattacher_msgs:/home/ibrahim/RobotArmExpanded/install/main_arm_package:/home/ibrahim/RobotArmExpanded/install/action_interfaces:/home/ibrahim/MoveItArm/install/moveit_config:/home/ibrahim/MoveItArm/install/moveit_arm_package:/home/ibrahim/RobotArm/install/main_arm_package:/home/ibrahim/RobotArm/install/action_interfaces:/home/ibrahim/TF2Sample/install/tf2sim:/home/ibrahim/RobotNav/install/main_robot_nodes:/home/ibrahim/RobotNav/install/action_interfaces:/home/ibrahim/RobotMonitor/install/Robot3Node_Package:/home/ibrahim/ros2_ws/install/my_first_package:/home/ibrahim/ros2_ws/install/action_interfaces:/opt/ros/humble'), ('SHELL', '/bin/bash'), ('LESSCLOSE', '/usr/bin/lesspipe %s %s'), ('VSCODE_GIT_ASKPASS_EXTRA_ARGS', ''), ('PWD', '/home/ibrahim/BinPicking/build/bin_nodes'), ('COPILOT_DEBUG_NONCE', 'd05f4ba8ec07642c4df8354ff840a334'), ('XDG_DATA_DIRS', '/usr/local/share:/usr/share:/var/lib/snapd/desktop'), ('PYTHONPATH', '/home/ibrahim/BinPicking/install/linkattacher_msgs/local/lib/python3.10/dist-packages:/home/ibrahim/RobotArmExpanded/install/action_interfaces/local/lib/python3.10/dist-packages:/home/ibrahim/RobotArm/install/action_interfaces/local/lib/python3.10/dist-packages:/home/ibrahim/RobotNav/install/action_interfaces/local/lib/python3.10/dist-packages:/home/ibrahim/ros2_ws/install/action_interfaces/local/lib/python3.10/dist-packages:/opt/ros/humble/lib/python3.10/site-packages:/opt/ros/humble/local/lib/python3.10/dist-packages'), ('COLCON', '1'), ('WSL2_GUI_APPS_ENABLED', '1'), ('HOSTTYPE', 'x86_64'), ('CMAKE_PREFIX_PATH', '/home/ibrahim/BinPicking/install/linkattacher_msgs:/home/ibrahim/BinPicking/install/ros2_linkattacher:/home/ibrahim/BinPicking/install/moveit_config:/home/ibrahim/BinPicking/install/bin_nodes:/home/ibrahim/RobotArmExpanded/install/main_arm_package:/home/ibrahim/RobotArmExpanded/install/action_interfaces:/home/ibrahim/MoveItArm/install/moveit_config:/home/ibrahim/MoveItArm/install/moveit_arm_package:/home/ibrahim/TF2Sample/install/tf2sim:/home/ibrahim/RobotNav/install/main_robot_nodes:/home/ibrahim/RobotNav/install/action_interfaces:/home/ibrahim/RobotMonitor/install/Robot3Node_Package:/home/ibrahim/ros2_ws/install/my_first_package:/home/ibrahim/ros2_ws/install/action_interfaces:/home/ibrahim/RobotArm/install/main_arm_package:/home/ibrahim/RobotArm/install/action_interfaces:/opt/ros/humble'), ('WSLENV', 'VSCODE_WSL_EXT_LOCATION/up')]), 'shell': False}
[0.636710] (ros2_linkattacher) CommandEnded: {'returncode': 0}
[0.637467] (ros2_linkattacher) JobProgress: {'identifier': 'ros2_linkattacher', 'progress': 'install'}
[0.638536] (ros2_linkattacher) Command: {'cmd': ['/usr/bin/cmake', '--install', '/home/ibrahim/BinPicking/build/ros2_linkattacher'], 'cwd': '/home/ibrahim/BinPicking/build/ros2_linkattacher', 'env': OrderedDict([('PYTHON_BASIC_REPL', '1'), ('LESSOPEN', '| /usr/bin/lesspipe %s'), ('USER', 'ibrahim'), ('GIT_ASKPASS', '/home/ibrahim/.vscode-server/bin/4fe60c8b1cdac1c4c174f2fb180d0d758272d713/extensions/git/dist/askpass.sh'), ('SHLVL', '1'), ('LD_LIBRARY_PATH', '/home/ibrahim/BinPicking/install/linkattacher_msgs/lib:/home/ibrahim/BinPicking/install/ros2_linkattacher/lib:/home/ibrahim/RobotArmExpanded/install/action_interfaces/lib:/home/ibrahim/RobotArm/install/action_interfaces/lib:/home/ibrahim/RobotNav/install/action_interfaces/lib:/home/ibrahim/ros2_ws/install/action_interfaces/lib:/usr/lib/x86_64-linux-gnu/gazebo-11/plugins:/opt/ros/humble/opt/rviz_ogre_vendor/lib:/opt/ros/humble/lib/x86_64-linux-gnu:/opt/ros/humble/lib'), ('HOME', '/home/ibrahim'), ('TERM_PROGRAM_VERSION', '1.127.0'), ('VSCODE_IPC_HOOK_CLI', '/run/user/1000/vscode-ipc-f56497ac-26c8-4238-ac57-aa6c35150e6d.sock'), ('ROS_PYTHON_VERSION', '3'), ('VSCODE_GIT_ASKPASS_MAIN', '/home/ibrahim/.vscode-server/bin/4fe60c8b1cdac1c4c174f2fb180d0d758272d713/extensions/git/dist/askpass-main.js'), ('VSCODE_GIT_ASKPASS_NODE', '/home/ibrahim/.vscode-server/bin/4fe60c8b1cdac1c4c174f2fb180d0d758272d713/node'), ('PYDEVD_DISABLE_FILE_VALIDATION', '1'), ('BUNDLED_DEBUGPY_PATH', '/home/ibrahim/.vscode-server/extensions/ms-python.debugpy-2026.6.0-linux-x64/bundled/libs/debugpy'), ('VSCODE_PYTHON_AUTOACTIVATE_GUARD', '1'), ('DBUS_SESSION_BUS_ADDRESS', 'unix:path=/run/user/1000/bus'), ('COLORTERM', 'truecolor'), ('WSL_DISTRO_NAME', 'Ubuntu-22.04'), ('WAYLAND_DISPLAY', 'wayland-0'), ('COLCON_PREFIX_PATH', '/home/ibrahim/BinPicking/install:/home/ibrahim/MoveItArm/install:/home/ibrahim/RobotArmExpanded/install:/home/ibrahim/RobotArm/install:/home/ibrahim/TF2Sample/install:/home/ibrahim/RobotNav/install:/home/ibrahim/RobotMonitor/install:/home/ibrahim/ros2_ws/install'), ('ROS_DISTRO', 'humble'), ('LOGNAME', 'ibrahim'), ('NAME', 'Ibrahim-laptop'), ('WSL_INTEROP', '/run/WSL/409_interop'), ('PULSE_SERVER', 'unix:/mnt/wslg/PulseServer'), ('_', '/usr/bin/colcon'), ('ROS_VERSION', '2'), ('CLAUDE_CODE_SSE_PORT', '15232'), ('TERM', 'xterm-256color'), ('ROS_LOCALHOST_ONLY', '0'), ('PATH', '/home/ibrahim/.vscode-server/data/User/globalStorage/github.copilot-chat/debugCommand:/home/ibrahim/.vscode-server/data/User/globalStorage/github.copilot-chat/copilotCli:/home/ibrahim/.vscode-server/bin/4fe60c8b1cdac1c4c174f2fb180d0d758272d713/bin/remote-cli:/opt/ros/humble/bin:/usr/local/sbin:/usr/local/bin:/usr/sbin:/usr/bin:/sbin:/bin:/usr/games:/usr/local/games:/usr/lib/wsl/lib:/mnt/c/Windows/system32:/mnt/c/Windows:/mnt/c/Windows/System32/Wbem:/mnt/c/Windows/System32/WindowsPowerShell/v1.0/:/mnt/c/Windows/System32/OpenSSH/:/mnt/c/Program Files (x86)/NVIDIA Corporation/PhysX/Common:/mnt/c/Program Files/NVIDIA Corporation/NVIDIA App/NvDLISR:/mnt/c/Program Files/dotnet/:/mnt/c/Program Files/nodejs/:/mnt/c/Program Files/Git/cmd:/mnt/c/Program Files/PostgreSQL/18/bin:/mnt/c/Users/zanto/.local/bin:/mnt/c/Program Files/Docker/Docker/resources/bin:/mnt/c/Program Files/GitHub CLI/:/mnt/c/Users/zanto/AppData/Local/Programs/Python/Python312/Scripts/:/mnt/c/Users/zanto/AppData/Local/Programs/Python/Python312/:/mnt/c/Users/zanto/AppData/Local/Programs/Python/Python314/Scripts/:/mnt/c/Users/zanto/AppData/Local/Programs/Python/Python314/:/mnt/c/Users/zanto/AppData/Local/Microsoft/WindowsApps:/mnt/c/Users/zanto/AppData/Local/Programs/Microsoft VS Code/bin:/mnt/c/Users/zanto/AppData/Local/Programs/Ollama:/mnt/c/Users/zanto/AppData/Roaming/npm:/mnt/c/msys64/ucrt64/bin:/snap/bin:/home/ibrahim/.vscode-server/extensions/ms-python.debugpy-2026.6.0-linux-x64/bundled/scripts/noConfigScripts'), ('XDG_RUNTIME_DIR', '/run/user/1000/'), ('DISPLAY', ':0'), ('VSCODE_DEBUGPY_ADAPTER_ENDPOINTS', '/home/ibrahim/.vscode-server/extensions/ms-python.debugpy-2026.6.0-linux-x64/.noConfigDebugAdapterEndpoints/endpoint-5f2293e981f4d090.txt'), ('LANG', 'C.UTF-8'), ('PYTHONSTARTUP', '/home/ibrahim/.vscode-server/data/User/workspaceStorage/53d6af783f54596ecf064b03d33c69c7/ms-python.python/pythonrc.py'), ('RMW_IMPLEMENTATION', 'rmw_cyclonedds_cpp'), ('LS_COLORS', 'rs=0:di=01;34:ln=01;36:mh=00:pi=40;33:so=01;35:do=01;35:bd=40;33;01:cd=40;33;01:or=40;31;01:mi=00:su=37;41:sg=30;43:ca=30;41:tw=30;42:ow=34;42:st=37;44:ex=01;32:*.tar=01;31:*.tgz=01;31:*.arc=01;31:*.arj=01;31:*.taz=01;31:*.lha=01;31:*.lz4=01;31:*.lzh=01;31:*.lzma=01;31:*.tlz=01;31:*.txz=01;31:*.tzo=01;31:*.t7z=01;31:*.zip=01;31:*.z=01;31:*.dz=01;31:*.gz=01;31:*.lrz=01;31:*.lz=01;31:*.lzo=01;31:*.xz=01;31:*.zst=01;31:*.tzst=01;31:*.bz2=01;31:*.bz=01;31:*.tbz=01;31:*.tbz2=01;31:*.tz=01;31:*.deb=01;31:*.rpm=01;31:*.jar=01;31:*.war=01;31:*.ear=01;31:*.sar=01;31:*.rar=01;31:*.alz=01;31:*.ace=01;31:*.zoo=01;31:*.cpio=01;31:*.7z=01;31:*.rz=01;31:*.cab=01;31:*.wim=01;31:*.swm=01;31:*.dwm=01;31:*.esd=01;31:*.jpg=01;35:*.jpeg=01;35:*.mjpg=01;35:*.mjpeg=01;35:*.gif=01;35:*.bmp=01;35:*.pbm=01;35:*.pgm=01;35:*.ppm=01;35:*.tga=01;35:*.xbm=01;35:*.xpm=01;35:*.tif=01;35:*.tiff=01;35:*.png=01;35:*.svg=01;35:*.svgz=01;35:*.mng=01;35:*.pcx=01;35:*.mov=01;35:*.mpg=01;35:*.mpeg=01;35:*.m2v=01;35:*.mkv=01;35:*.webm=01;35:*.webp=01;35:*.ogm=01;35:*.mp4=01;35:*.m4v=01;35:*.mp4v=01;35:*.vob=01;35:*.qt=01;35:*.nuv=01;35:*.wmv=01;35:*.asf=01;35:*.rm=01;35:*.rmvb=01;35:*.flc=01;35:*.avi=01;35:*.fli=01;35:*.flv=01;35:*.gl=01;35:*.dl=01;35:*.xcf=01;35:*.xwd=01;35:*.yuv=01;35:*.cgm=01;35:*.emf=01;35:*.ogv=01;35:*.ogx=01;35:*.aac=00;36:*.au=00;36:*.flac=00;36:*.m4a=00;36:*.mid=00;36:*.midi=00;36:*.mka=00;36:*.mp3=00;36:*.mpc=00;36:*.ogg=00;36:*.ra=00;36:*.wav=00;36:*.oga=00;36:*.opus=00;36:*.spx=00;36:*.xspf=00;36:'), ('VSCODE_GIT_IPC_HANDLE', '/run/user/1000/vscode-git-6e1624529d.sock'), ('TERM_PROGRAM', 'vscode'), ('ROS_DOMAIN_ID', '10'), ('AMENT_PREFIX_PATH', '/home/ibrahim/BinPicking/install/ros2_linkattacher:/home/ibrahim/BinPicking/install/moveit_config:/home/ibrahim/BinPicking/install/bin_nodes:/home/ibrahim/BinPicking/install/linkattacher_msgs:/home/ibrahim/RobotArmExpanded/install/main_arm_package:/home/ibrahim/RobotArmExpanded/install/action_interfaces:/home/ibrahim/MoveItArm/install/moveit_config:/home/ibrahim/MoveItArm/install/moveit_arm_package:/home/ibrahim/RobotArm/install/main_arm_package:/home/ibrahim/RobotArm/install/action_interfaces:/home/ibrahim/TF2Sample/install/tf2sim:/home/ibrahim/RobotNav/install/main_robot_nodes:/home/ibrahim/RobotNav/install/action_interfaces:/home/ibrahim/RobotMonitor/install/Robot3Node_Package:/home/ibrahim/ros2_ws/install/my_first_package:/home/ibrahim/ros2_ws/install/action_interfaces:/opt/ros/humble'), ('SHELL', '/bin/bash'), ('LESSCLOSE', '/usr/bin/lesspipe %s %s'), ('VSCODE_GIT_ASKPASS_EXTRA_ARGS', ''), ('PWD', '/home/ibrahim/BinPicking/build/ros2_linkattacher'), ('COPILOT_DEBUG_NONCE', 'd05f4ba8ec07642c4df8354ff840a334'), ('XDG_DATA_DIRS', '/usr/local/share:/usr/share:/var/lib/snapd/desktop'), ('PYTHONPATH', '/home/ibrahim/BinPicking/install/linkattacher_msgs/local/lib/python3.10/dist-packages:/home/ibrahim/RobotArmExpanded/install/action_interfaces/local/lib/python3.10/dist-packages:/home/ibrahim/RobotArm/install/action_interfaces/local/lib/python3.10/dist-packages:/home/ibrahim/RobotNav/install/action_interfaces/local/lib/python3.10/dist-packages:/home/ibrahim/ros2_ws/install/action_interfaces/local/lib/python3.10/dist-packages:/opt/ros/humble/lib/python3.10/site-packages:/opt/ros/humble/local/lib/python3.10/dist-packages'), ('COLCON', '1'), ('WSL2_GUI_APPS_ENABLED', '1'), ('HOSTTYPE', 'x86_64'), ('CMAKE_PREFIX_PATH', '/home/ibrahim/BinPicking/install/linkattacher_msgs:/home/ibrahim/BinPicking/install/ros2_linkattacher:/home/ibrahim/BinPicking/install/moveit_config:/home/ibrahim/BinPicking/install/bin_nodes:/home/ibrahim/RobotArmExpanded/install/main_arm_package:/home/ibrahim/RobotArmExpanded/install/action_interfaces:/home/ibrahim/MoveItArm/install/moveit_config:/home/ibrahim/MoveItArm/install/moveit_arm_package:/home/ibrahim/TF2Sample/install/tf2sim:/home/ibrahim/RobotNav/install/main_robot_nodes:/home/ibrahim/RobotNav/install/action_interfaces:/home/ibrahim/RobotMonitor/install/Robot3Node_Package:/home/ibrahim/ros2_ws/install/my_first_package:/home/ibrahim/ros2_ws/install/action_interfaces:/home/ibrahim/RobotArm/install/main_arm_package:/home/ibrahim/RobotArm/install/action_interfaces:/opt/ros/humble'), ('WSLENV', 'VSCODE_WSL_EXT_LOCATION/up')]), 'shell': False}
[0.642827] (bin_nodes) StdoutLine: {'line': b'-- Install configuration: ""\n'}
[0.643144] (bin_nodes) StdoutLine: {'line': b'-- Up-to-date: /home/ibrahim/BinPicking/install/bin_nodes/lib/bin_nodes/MoveArm\n'}
[0.643314] (bin_nodes) StdoutLine: {'line': b'-- Up-to-date: /home/ibrahim/BinPicking/install/bin_nodes/lib/bin_nodes/pick_and_place_fixed\n'}
[0.643501] (bin_nodes) StdoutLine: {'line': b'-- Up-to-date: /home/ibrahim/BinPicking/install/bin_nodes/share/bin_nodes/launch\n'}
[0.643738] (bin_nodes) StdoutLine: {'line': b'-- Up-to-date: /home/ibrahim/BinPicking/install/bin_nodes/share/bin_nodes/launch/display.launch.py\n'}
[0.643889] (bin_nodes) StdoutLine: {'line': b'-- Up-to-date: /home/ibrahim/BinPicking/install/bin_nodes/share/bin_nodes/urdf\n'}
[0.644167] (bin_nodes) StdoutLine: {'line': b'-- Up-to-date: /home/ibrahim/BinPicking/install/bin_nodes/share/bin_nodes/urdf/robot.urdf\n'}
[0.644436] (bin_nodes) StdoutLine: {'line': b'-- Up-to-date: /home/ibrahim/BinPicking/install/bin_nodes/share/bin_nodes/rviz\n'}
[0.644682] (bin_nodes) StdoutLine: {'line': b'-- Up-to-date: /home/ibrahim/BinPicking/install/bin_nodes/share/bin_nodes/rviz/model.rviz\n'}
[0.644872] (bin_nodes) StdoutLine: {'line': b'-- Up-to-date: /home/ibrahim/BinPicking/install/bin_nodes/share/bin_nodes/worlds\n'}
[0.644966] (bin_nodes) StdoutLine: {'line': b'-- Up-to-date: /home/ibrahim/BinPicking/install/bin_nodes/share/bin_nodes/worlds/world.sdf\n'}
[0.645266] (bin_nodes) StdoutLine: {'line': b'-- Up-to-date: /home/ibrahim/BinPicking/install/bin_nodes/share/ament_index/resource_index/package_run_dependencies/bin_nodes\n'}
[0.645362] (bin_nodes) StdoutLine: {'line': b'-- Up-to-date: /home/ibrahim/BinPicking/install/bin_nodes/share/ament_index/resource_index/parent_prefix_path/bin_nodes\n'}
[0.645428] (bin_nodes) StdoutLine: {'line': b'-- Up-to-date: /home/ibrahim/BinPicking/install/bin_nodes/share/bin_nodes/environment/ament_prefix_path.sh\n'}
[0.645476] (bin_nodes) StdoutLine: {'line': b'-- Up-to-date: /home/ibrahim/BinPicking/install/bin_nodes/share/bin_nodes/environment/ament_prefix_path.dsv\n'}
[0.645561] (bin_nodes) StdoutLine: {'line': b'-- Up-to-date: /home/ibrahim/BinPicking/install/bin_nodes/share/bin_nodes/environment/path.sh\n'}
[0.645669] (bin_nodes) StdoutLine: {'line': b'-- Up-to-date: /home/ibrahim/BinPicking/install/bin_nodes/share/bin_nodes/environment/path.dsv\n'}
[0.645723] (bin_nodes) StdoutLine: {'line': b'-- Up-to-date: /home/ibrahim/BinPicking/install/bin_nodes/share/bin_nodes/local_setup.bash\n'}
[0.645757] (bin_nodes) StdoutLine: {'line': b'-- Up-to-date: /home/ibrahim/BinPicking/install/bin_nodes/share/bin_nodes/local_setup.sh\n'}
[0.645789] (bin_nodes) StdoutLine: {'line': b'-- Up-to-date: /home/ibrahim/BinPicking/install/bin_nodes/share/bin_nodes/local_setup.zsh\n'}
[0.645818] (bin_nodes) StdoutLine: {'line': b'-- Up-to-date: /home/ibrahim/BinPicking/install/bin_nodes/share/bin_nodes/local_setup.dsv\n'}
[0.645846] (bin_nodes) StdoutLine: {'line': b'-- Installing: /home/ibrahim/BinPicking/install/bin_nodes/share/bin_nodes/package.dsv\n'}
[0.645873] (bin_nodes) StdoutLine: {'line': b'-- Up-to-date: /home/ibrahim/BinPicking/install/bin_nodes/share/ament_index/resource_index/packages/bin_nodes\n'}
[0.645900] (bin_nodes) StdoutLine: {'line': b'-- Up-to-date: /home/ibrahim/BinPicking/install/bin_nodes/share/bin_nodes/cmake/bin_nodesConfig.cmake\n'}
[0.645932] (bin_nodes) StdoutLine: {'line': b'-- Up-to-date: /home/ibrahim/BinPicking/install/bin_nodes/share/bin_nodes/cmake/bin_nodesConfig-version.cmake\n'}
[0.645960] (bin_nodes) StdoutLine: {'line': b'-- Up-to-date: /home/ibrahim/BinPicking/install/bin_nodes/share/bin_nodes/package.xml\n'}
[0.647359] (ros2_linkattacher) StdoutLine: {'line': b'-- Install configuration: ""\n'}
[0.648065] (ros2_linkattacher) StdoutLine: {'line': b'-- Up-to-date: /home/ibrahim/BinPicking/install/ros2_linkattacher/share/ros2_linkattacher/environment/library_path.sh\n'}
[0.648504] (ros2_linkattacher) StdoutLine: {'line': b'-- Up-to-date: /home/ibrahim/BinPicking/install/ros2_linkattacher/share/ros2_linkattacher/environment/library_path.dsv\n'}
[0.648822] (ros2_linkattacher) StdoutLine: {'line': b'-- Up-to-date: /home/ibrahim/BinPicking/install/ros2_linkattacher/lib/libgazebo_link_attacher.so\n'}
[0.649953] (ros2_linkattacher) StdoutLine: {'line': b'-- Up-to-date: /home/ibrahim/BinPicking/install/ros2_linkattacher/share/ament_index/resource_index/package_run_dependencies/ros2_linkattacher\n'}
[0.650471] (ros2_linkattacher) StdoutLine: {'line': b'-- Up-to-date: /home/ibrahim/BinPicking/install/ros2_linkattacher/share/ament_index/resource_index/parent_prefix_path/ros2_linkattacher\n'}
[0.651530] (ros2_linkattacher) StdoutLine: {'line': b'-- Up-to-date: /home/ibrahim/BinPicking/install/ros2_linkattacher/share/ros2_linkattacher/environment/ament_prefix_path.sh\n'}
[0.651783] (ros2_linkattacher) StdoutLine: {'line': b'-- Up-to-date: /home/ibrahim/BinPicking/install/ros2_linkattacher/share/ros2_linkattacher/environment/ament_prefix_path.dsv\n'}
[0.652046] (ros2_linkattacher) StdoutLine: {'line': b'-- Up-to-date: /home/ibrahim/BinPicking/install/ros2_linkattacher/share/ros2_linkattacher/environment/path.sh\n'}
[0.652290] (ros2_linkattacher) StdoutLine: {'line': b'-- Up-to-date: /home/ibrahim/BinPicking/install/ros2_linkattacher/share/ros2_linkattacher/environment/path.dsv\n'}
[0.652671] (ros2_linkattacher) StdoutLine: {'line': b'-- Up-to-date: /home/ibrahim/BinPicking/install/ros2_linkattacher/share/ros2_linkattacher/local_setup.bash\n'}
[0.652937] (ros2_linkattacher) StdoutLine: {'line': b'-- Up-to-date: /home/ibrahim/BinPicking/install/ros2_linkattacher/share/ros2_linkattacher/local_setup.sh\n'}
[0.653159] (ros2_linkattacher) StdoutLine: {'line': b'-- Up-to-date: /home/ibrahim/BinPicking/install/ros2_linkattacher/share/ros2_linkattacher/local_setup.zsh\n'}
[0.653377] (ros2_linkattacher) StdoutLine: {'line': b'-- Up-to-date: /home/ibrahim/BinPicking/install/ros2_linkattacher/share/ros2_linkattacher/local_setup.dsv\n'}
[0.653660] (ros2_linkattacher) StdoutLine: {'line': b'-- Installing: /home/ibrahim/BinPicking/install/ros2_linkattacher/share/ros2_linkattacher/package.dsv\n'}
[0.653860] (ros2_linkattacher) StdoutLine: {'line': b'-- Up-to-date: /home/ibrahim/BinPicking/install/ros2_linkattacher/share/ament_index/resource_index/packages/ros2_linkattacher\n'}
[0.654057] (bin_nodes) CommandEnded: {'returncode': 0}
[0.654451] (ros2_linkattacher) StdoutLine: {'line': b'-- Up-to-date: /home/ibrahim/BinPicking/install/ros2_linkattacher/share/ros2_linkattacher/cmake/ament_cmake_export_libraries-extras.cmake\n'}
[0.654611] (ros2_linkattacher) StdoutLine: {'line': b'-- Up-to-date: /home/ibrahim/BinPicking/install/ros2_linkattacher/share/ros2_linkattacher/cmake/ros2_linkattacherConfig.cmake\n'}
[0.654776] (ros2_linkattacher) StdoutLine: {'line': b'-- Up-to-date: /home/ibrahim/BinPicking/install/ros2_linkattacher/share/ros2_linkattacher/cmake/ros2_linkattacherConfig-version.cmake\n'}
[0.655051] (ros2_linkattacher) StdoutLine: {'line': b'-- Up-to-date: /home/ibrahim/BinPicking/install/ros2_linkattacher/share/ros2_linkattacher/package.xml\n'}
[0.667544] (bin_nodes) JobEnded: {'identifier': 'bin_nodes', 'rc': 0}
[0.668953] (moveit_config) JobStarted: {'identifier': 'moveit_config'}
[0.677854] (ros2_linkattacher) CommandEnded: {'returncode': 0}
[0.694676] (ros2_linkattacher) JobEnded: {'identifier': 'ros2_linkattacher', 'rc': 0}
[0.700434] (-) TimerEvent: {}
[0.800850] (-) TimerEvent: {}
[0.804453] (moveit_config) JobProgress: {'identifier': 'moveit_config', 'progress': 'cmake'}
[0.805273] (moveit_config) JobProgress: {'identifier': 'moveit_config', 'progress': 'build'}
[0.806342] (moveit_config) Command: {'cmd': ['/usr/bin/cmake', '--build', '/home/ibrahim/BinPicking/build/moveit_config', '--', '-j16', '-l16'], 'cwd': '/home/ibrahim/BinPicking/build/moveit_config', 'env': OrderedDict([('PYTHON_BASIC_REPL', '1'), ('LESSOPEN', '| /usr/bin/lesspipe %s'), ('USER', 'ibrahim'), ('GIT_ASKPASS', '/home/ibrahim/.vscode-server/bin/4fe60c8b1cdac1c4c174f2fb180d0d758272d713/extensions/git/dist/askpass.sh'), ('SHLVL', '1'), ('LD_LIBRARY_PATH', '/home/ibrahim/BinPicking/install/linkattacher_msgs/lib:/home/ibrahim/BinPicking/install/ros2_linkattacher/lib:/home/ibrahim/RobotArmExpanded/install/action_interfaces/lib:/home/ibrahim/RobotArm/install/action_interfaces/lib:/home/ibrahim/RobotNav/install/action_interfaces/lib:/home/ibrahim/ros2_ws/install/action_interfaces/lib:/usr/lib/x86_64-linux-gnu/gazebo-11/plugins:/opt/ros/humble/opt/rviz_ogre_vendor/lib:/opt/ros/humble/lib/x86_64-linux-gnu:/opt/ros/humble/lib'), ('HOME', '/home/ibrahim'), ('TERM_PROGRAM_VERSION', '1.127.0'), ('VSCODE_IPC_HOOK_CLI', '/run/user/1000/vscode-ipc-f56497ac-26c8-4238-ac57-aa6c35150e6d.sock'), ('ROS_PYTHON_VERSION', '3'), ('VSCODE_GIT_ASKPASS_MAIN', '/home/ibrahim/.vscode-server/bin/4fe60c8b1cdac1c4c174f2fb180d0d758272d713/extensions/git/dist/askpass-main.js'), ('VSCODE_GIT_ASKPASS_NODE', '/home/ibrahim/.vscode-server/bin/4fe60c8b1cdac1c4c174f2fb180d0d758272d713/node'), ('PYDEVD_DISABLE_FILE_VALIDATION', '1'), ('BUNDLED_DEBUGPY_PATH', '/home/ibrahim/.vscode-server/extensions/ms-python.debugpy-2026.6.0-linux-x64/bundled/libs/debugpy'), ('VSCODE_PYTHON_AUTOACTIVATE_GUARD', '1'), ('DBUS_SESSION_BUS_ADDRESS', 'unix:path=/run/user/1000/bus'), ('COLORTERM', 'truecolor'), ('WSL_DISTRO_NAME', 'Ubuntu-22.04'), ('WAYLAND_DISPLAY', 'wayland-0'), ('COLCON_PREFIX_PATH', '/home/ibrahim/BinPicking/install:/home/ibrahim/MoveItArm/install:/home/ibrahim/RobotArmExpanded/install:/home/ibrahim/RobotArm/install:/home/ibrahim/TF2Sample/install:/home/ibrahim/RobotNav/install:/home/ibrahim/RobotMonitor/install:/home/ibrahim/ros2_ws/install'), ('ROS_DISTRO', 'humble'), ('LOGNAME', 'ibrahim'), ('NAME', 'Ibrahim-laptop'), ('WSL_INTEROP', '/run/WSL/409_interop'), ('PULSE_SERVER', 'unix:/mnt/wslg/PulseServer'), ('_', '/usr/bin/colcon'), ('ROS_VERSION', '2'), ('CLAUDE_CODE_SSE_PORT', '15232'), ('TERM', 'xterm-256color'), ('ROS_LOCALHOST_ONLY', '0'), ('PATH', '/home/ibrahim/.vscode-server/data/User/globalStorage/github.copilot-chat/debugCommand:/home/ibrahim/.vscode-server/data/User/globalStorage/github.copilot-chat/copilotCli:/home/ibrahim/.vscode-server/bin/4fe60c8b1cdac1c4c174f2fb180d0d758272d713/bin/remote-cli:/opt/ros/humble/bin:/usr/local/sbin:/usr/local/bin:/usr/sbin:/usr/bin:/sbin:/bin:/usr/games:/usr/local/games:/usr/lib/wsl/lib:/mnt/c/Windows/system32:/mnt/c/Windows:/mnt/c/Windows/System32/Wbem:/mnt/c/Windows/System32/WindowsPowerShell/v1.0/:/mnt/c/Windows/System32/OpenSSH/:/mnt/c/Program Files (x86)/NVIDIA Corporation/PhysX/Common:/mnt/c/Program Files/NVIDIA Corporation/NVIDIA App/NvDLISR:/mnt/c/Program Files/dotnet/:/mnt/c/Program Files/nodejs/:/mnt/c/Program Files/Git/cmd:/mnt/c/Program Files/PostgreSQL/18/bin:/mnt/c/Users/zanto/.local/bin:/mnt/c/Program Files/Docker/Docker/resources/bin:/mnt/c/Program Files/GitHub CLI/:/mnt/c/Users/zanto/AppData/Local/Programs/Python/Python312/Scripts/:/mnt/c/Users/zanto/AppData/Local/Programs/Python/Python312/:/mnt/c/Users/zanto/AppData/Local/Programs/Python/Python314/Scripts/:/mnt/c/Users/zanto/AppData/Local/Programs/Python/Python314/:/mnt/c/Users/zanto/AppData/Local/Microsoft/WindowsApps:/mnt/c/Users/zanto/AppData/Local/Programs/Microsoft VS Code/bin:/mnt/c/Users/zanto/AppData/Local/Programs/Ollama:/mnt/c/Users/zanto/AppData/Roaming/npm:/mnt/c/msys64/ucrt64/bin:/snap/bin:/home/ibrahim/.vscode-server/extensions/ms-python.debugpy-2026.6.0-linux-x64/bundled/scripts/noConfigScripts'), ('XDG_RUNTIME_DIR', '/run/user/1000/'), ('DISPLAY', ':0'), ('VSCODE_DEBUGPY_ADAPTER_ENDPOINTS', '/home/ibrahim/.vscode-server/extensions/ms-python.debugpy-2026.6.0-linux-x64/.noConfigDebugAdapterEndpoints/endpoint-5f2293e981f4d090.txt'), ('LANG', 'C.UTF-8'), ('PYTHONSTARTUP', '/home/ibrahim/.vscode-server/data/User/workspaceStorage/53d6af783f54596ecf064b03d33c69c7/ms-python.python/pythonrc.py'), ('RMW_IMPLEMENTATION', 'rmw_cyclonedds_cpp'), ('LS_COLORS', 'rs=0:di=01;34:ln=01;36:mh=00:pi=40;33:so=01;35:do=01;35:bd=40;33;01:cd=40;33;01:or=40;31;01:mi=00:su=37;41:sg=30;43:ca=30;41:tw=30;42:ow=34;42:st=37;44:ex=01;32:*.tar=01;31:*.tgz=01;31:*.arc=01;31:*.arj=01;31:*.taz=01;31:*.lha=01;31:*.lz4=01;31:*.lzh=01;31:*.lzma=01;31:*.tlz=01;31:*.txz=01;31:*.tzo=01;31:*.t7z=01;31:*.zip=01;31:*.z=01;31:*.dz=01;31:*.gz=01;31:*.lrz=01;31:*.lz=01;31:*.lzo=01;31:*.xz=01;31:*.zst=01;31:*.tzst=01;31:*.bz2=01;31:*.bz=01;31:*.tbz=01;31:*.tbz2=01;31:*.tz=01;31:*.deb=01;31:*.rpm=01;31:*.jar=01;31:*.war=01;31:*.ear=01;31:*.sar=01;31:*.rar=01;31:*.alz=01;31:*.ace=01;31:*.zoo=01;31:*.cpio=01;31:*.7z=01;31:*.rz=01;31:*.cab=01;31:*.wim=01;31:*.swm=01;31:*.dwm=01;31:*.esd=01;31:*.jpg=01;35:*.jpeg=01;35:*.mjpg=01;35:*.mjpeg=01;35:*.gif=01;35:*.bmp=01;35:*.pbm=01;35:*.pgm=01;35:*.ppm=01;35:*.tga=01;35:*.xbm=01;35:*.xpm=01;35:*.tif=01;35:*.tiff=01;35:*.png=01;35:*.svg=01;35:*.svgz=01;35:*.mng=01;35:*.pcx=01;35:*.mov=01;35:*.mpg=01;35:*.mpeg=01;35:*.m2v=01;35:*.mkv=01;35:*.webm=01;35:*.webp=01;35:*.ogm=01;35:*.mp4=01;35:*.m4v=01;35:*.mp4v=01;35:*.vob=01;35:*.qt=01;35:*.nuv=01;35:*.wmv=01;35:*.asf=01;35:*.rm=01;35:*.rmvb=01;35:*.flc=01;35:*.avi=01;35:*.fli=01;35:*.flv=01;35:*.gl=01;35:*.dl=01;35:*.xcf=01;35:*.xwd=01;35:*.yuv=01;35:*.cgm=01;35:*.emf=01;35:*.ogv=01;35:*.ogx=01;35:*.aac=00;36:*.au=00;36:*.flac=00;36:*.m4a=00;36:*.mid=00;36:*.midi=00;36:*.mka=00;36:*.mp3=00;36:*.mpc=00;36:*.ogg=00;36:*.ra=00;36:*.wav=00;36:*.oga=00;36:*.opus=00;36:*.spx=00;36:*.xspf=00;36:'), ('VSCODE_GIT_IPC_HANDLE', '/run/user/1000/vscode-git-6e1624529d.sock'), ('TERM_PROGRAM', 'vscode'), ('ROS_DOMAIN_ID', '10'), ('AMENT_PREFIX_PATH', '/home/ibrahim/BinPicking/install/ros2_linkattacher:/home/ibrahim/BinPicking/install/moveit_config:/home/ibrahim/BinPicking/install/bin_nodes:/home/ibrahim/BinPicking/install/linkattacher_msgs:/home/ibrahim/RobotArmExpanded/install/main_arm_package:/home/ibrahim/RobotArmExpanded/install/action_interfaces:/home/ibrahim/MoveItArm/install/moveit_config:/home/ibrahim/MoveItArm/install/moveit_arm_package:/home/ibrahim/RobotArm/install/main_arm_package:/home/ibrahim/RobotArm/install/action_interfaces:/home/ibrahim/TF2Sample/install/tf2sim:/home/ibrahim/RobotNav/install/main_robot_nodes:/home/ibrahim/RobotNav/install/action_interfaces:/home/ibrahim/RobotMonitor/install/Robot3Node_Package:/home/ibrahim/ros2_ws/install/my_first_package:/home/ibrahim/ros2_ws/install/action_interfaces:/opt/ros/humble'), ('SHELL', '/bin/bash'), ('LESSCLOSE', '/usr/bin/lesspipe %s %s'), ('VSCODE_GIT_ASKPASS_EXTRA_ARGS', ''), ('PWD', '/home/ibrahim/BinPicking/build/moveit_config'), ('COPILOT_DEBUG_NONCE', 'd05f4ba8ec07642c4df8354ff840a334'), ('XDG_DATA_DIRS', '/usr/local/share:/usr/share:/var/lib/snapd/desktop'), ('PYTHONPATH', '/home/ibrahim/BinPicking/install/linkattacher_msgs/local/lib/python3.10/dist-packages:/home/ibrahim/RobotArmExpanded/install/action_interfaces/local/lib/python3.10/dist-packages:/home/ibrahim/RobotArm/install/action_interfaces/local/lib/python3.10/dist-packages:/home/ibrahim/RobotNav/install/action_interfaces/local/lib/python3.10/dist-packages:/home/ibrahim/ros2_ws/install/action_interfaces/local/lib/python3.10/dist-packages:/opt/ros/humble/lib/python3.10/site-packages:/opt/ros/humble/local/lib/python3.10/dist-packages'), ('COLCON', '1'), ('WSL2_GUI_APPS_ENABLED', '1'), ('HOSTTYPE', 'x86_64'), ('CMAKE_PREFIX_PATH', '/home/ibrahim/BinPicking/install/bin_nodes:/home/ibrahim/BinPicking/install/linkattacher_msgs:/home/ibrahim/BinPicking/install/ros2_linkattacher:/home/ibrahim/BinPicking/install/moveit_config:/home/ibrahim/RobotArmExpanded/install/main_arm_package:/home/ibrahim/RobotArmExpanded/install/action_interfaces:/home/ibrahim/MoveItArm/install/moveit_config:/home/ibrahim/MoveItArm/install/moveit_arm_package:/home/ibrahim/TF2Sample/install/tf2sim:/home/ibrahim/RobotNav/install/main_robot_nodes:/home/ibrahim/RobotNav/install/action_interfaces:/home/ibrahim/RobotMonitor/install/Robot3Node_Package:/home/ibrahim/ros2_ws/install/my_first_package:/home/ibrahim/ros2_ws/install/action_interfaces:/home/ibrahim/RobotArm/install/main_arm_package:/home/ibrahim/RobotArm/install/action_interfaces:/opt/ros/humble'), ('WSLENV', 'VSCODE_WSL_EXT_LOCATION/up')]), 'shell': False}
[0.852390] (moveit_config) CommandEnded: {'returncode': 0}
[0.853287] (moveit_config) JobProgress: {'identifier': 'moveit_config', 'progress': 'install'}
[0.854171] (moveit_config) Command: {'cmd': ['/usr/bin/cmake', '--install', '/home/ibrahim/BinPicking/build/moveit_config'], 'cwd': '/home/ibrahim/BinPicking/build/moveit_config', 'env': OrderedDict([('PYTHON_BASIC_REPL', '1'), ('LESSOPEN', '| /usr/bin/lesspipe %s'), ('USER', 'ibrahim'), ('GIT_ASKPASS', '/home/ibrahim/.vscode-server/bin/4fe60c8b1cdac1c4c174f2fb180d0d758272d713/extensions/git/dist/askpass.sh'), ('SHLVL', '1'), ('LD_LIBRARY_PATH', '/home/ibrahim/BinPicking/install/linkattacher_msgs/lib:/home/ibrahim/BinPicking/install/ros2_linkattacher/lib:/home/ibrahim/RobotArmExpanded/install/action_interfaces/lib:/home/ibrahim/RobotArm/install/action_interfaces/lib:/home/ibrahim/RobotNav/install/action_interfaces/lib:/home/ibrahim/ros2_ws/install/action_interfaces/lib:/usr/lib/x86_64-linux-gnu/gazebo-11/plugins:/opt/ros/humble/opt/rviz_ogre_vendor/lib:/opt/ros/humble/lib/x86_64-linux-gnu:/opt/ros/humble/lib'), ('HOME', '/home/ibrahim'), ('TERM_PROGRAM_VERSION', '1.127.0'), ('VSCODE_IPC_HOOK_CLI', '/run/user/1000/vscode-ipc-f56497ac-26c8-4238-ac57-aa6c35150e6d.sock'), ('ROS_PYTHON_VERSION', '3'), ('VSCODE_GIT_ASKPASS_MAIN', '/home/ibrahim/.vscode-server/bin/4fe60c8b1cdac1c4c174f2fb180d0d758272d713/extensions/git/dist/askpass-main.js'), ('VSCODE_GIT_ASKPASS_NODE', '/home/ibrahim/.vscode-server/bin/4fe60c8b1cdac1c4c174f2fb180d0d758272d713/node'), ('PYDEVD_DISABLE_FILE_VALIDATION', '1'), ('BUNDLED_DEBUGPY_PATH', '/home/ibrahim/.vscode-server/extensions/ms-python.debugpy-2026.6.0-linux-x64/bundled/libs/debugpy'), ('VSCODE_PYTHON_AUTOACTIVATE_GUARD', '1'), ('DBUS_SESSION_BUS_ADDRESS', 'unix:path=/run/user/1000/bus'), ('COLORTERM', 'truecolor'), ('WSL_DISTRO_NAME', 'Ubuntu-22.04'), ('WAYLAND_DISPLAY', 'wayland-0'), ('COLCON_PREFIX_PATH', '/home/ibrahim/BinPicking/install:/home/ibrahim/MoveItArm/install:/home/ibrahim/RobotArmExpanded/install:/home/ibrahim/RobotArm/install:/home/ibrahim/TF2Sample/install:/home/ibrahim/RobotNav/install:/home/ibrahim/RobotMonitor/install:/home/ibrahim/ros2_ws/install'), ('ROS_DISTRO', 'humble'), ('LOGNAME', 'ibrahim'), ('NAME', 'Ibrahim-laptop'), ('WSL_INTEROP', '/run/WSL/409_interop'), ('PULSE_SERVER', 'unix:/mnt/wslg/PulseServer'), ('_', '/usr/bin/colcon'), ('ROS_VERSION', '2'), ('CLAUDE_CODE_SSE_PORT', '15232'), ('TERM', 'xterm-256color'), ('ROS_LOCALHOST_ONLY', '0'), ('PATH', '/home/ibrahim/.vscode-server/data/User/globalStorage/github.copilot-chat/debugCommand:/home/ibrahim/.vscode-server/data/User/globalStorage/github.copilot-chat/copilotCli:/home/ibrahim/.vscode-server/bin/4fe60c8b1cdac1c4c174f2fb180d0d758272d713/bin/remote-cli:/opt/ros/humble/bin:/usr/local/sbin:/usr/local/bin:/usr/sbin:/usr/bin:/sbin:/bin:/usr/games:/usr/local/games:/usr/lib/wsl/lib:/mnt/c/Windows/system32:/mnt/c/Windows:/mnt/c/Windows/System32/Wbem:/mnt/c/Windows/System32/WindowsPowerShell/v1.0/:/mnt/c/Windows/System32/OpenSSH/:/mnt/c/Program Files (x86)/NVIDIA Corporation/PhysX/Common:/mnt/c/Program Files/NVIDIA Corporation/NVIDIA App/NvDLISR:/mnt/c/Program Files/dotnet/:/mnt/c/Program Files/nodejs/:/mnt/c/Program Files/Git/cmd:/mnt/c/Program Files/PostgreSQL/18/bin:/mnt/c/Users/zanto/.local/bin:/mnt/c/Program Files/Docker/Docker/resources/bin:/mnt/c/Program Files/GitHub CLI/:/mnt/c/Users/zanto/AppData/Local/Programs/Python/Python312/Scripts/:/mnt/c/Users/zanto/AppData/Local/Programs/Python/Python312/:/mnt/c/Users/zanto/AppData/Local/Programs/Python/Python314/Scripts/:/mnt/c/Users/zanto/AppData/Local/Programs/Python/Python314/:/mnt/c/Users/zanto/AppData/Local/Microsoft/WindowsApps:/mnt/c/Users/zanto/AppData/Local/Programs/Microsoft VS Code/bin:/mnt/c/Users/zanto/AppData/Local/Programs/Ollama:/mnt/c/Users/zanto/AppData/Roaming/npm:/mnt/c/msys64/ucrt64/bin:/snap/bin:/home/ibrahim/.vscode-server/extensions/ms-python.debugpy-2026.6.0-linux-x64/bundled/scripts/noConfigScripts'), ('XDG_RUNTIME_DIR', '/run/user/1000/'), ('DISPLAY', ':0'), ('VSCODE_DEBUGPY_ADAPTER_ENDPOINTS', '/home/ibrahim/.vscode-server/extensions/ms-python.debugpy-2026.6.0-linux-x64/.noConfigDebugAdapterEndpoints/endpoint-5f2293e981f4d090.txt'), ('LANG', 'C.UTF-8'), ('PYTHONSTARTUP', '/home/ibrahim/.vscode-server/data/User/workspaceStorage/53d6af783f54596ecf064b03d33c69c7/ms-python.python/pythonrc.py'), ('RMW_IMPLEMENTATION', 'rmw_cyclonedds_cpp'), ('LS_COLORS', 'rs=0:di=01;34:ln=01;36:mh=00:pi=40;33:so=01;35:do=01;35:bd=40;33;01:cd=40;33;01:or=40;31;01:mi=00:su=37;41:sg=30;43:ca=30;41:tw=30;42:ow=34;42:st=37;44:ex=01;32:*.tar=01;31:*.tgz=01;31:*.arc=01;31:*.arj=01;31:*.taz=01;31:*.lha=01;31:*.lz4=01;31:*.lzh=01;31:*.lzma=01;31:*.tlz=01;31:*.txz=01;31:*.tzo=01;31:*.t7z=01;31:*.zip=01;31:*.z=01;31:*.dz=01;31:*.gz=01;31:*.lrz=01;31:*.lz=01;31:*.lzo=01;31:*.xz=01;31:*.zst=01;31:*.tzst=01;31:*.bz2=01;31:*.bz=01;31:*.tbz=01;31:*.tbz2=01;31:*.tz=01;31:*.deb=01;31:*.rpm=01;31:*.jar=01;31:*.war=01;31:*.ear=01;31:*.sar=01;31:*.rar=01;31:*.alz=01;31:*.ace=01;31:*.zoo=01;31:*.cpio=01;31:*.7z=01;31:*.rz=01;31:*.cab=01;31:*.wim=01;31:*.swm=01;31:*.dwm=01;31:*.esd=01;31:*.jpg=01;35:*.jpeg=01;35:*.mjpg=01;35:*.mjpeg=01;35:*.gif=01;35:*.bmp=01;35:*.pbm=01;35:*.pgm=01;35:*.ppm=01;35:*.tga=01;35:*.xbm=01;35:*.xpm=01;35:*.tif=01;35:*.tiff=01;35:*.png=01;35:*.svg=01;35:*.svgz=01;35:*.mng=01;35:*.pcx=01;35:*.mov=01;35:*.mpg=01;35:*.mpeg=01;35:*.m2v=01;35:*.mkv=01;35:*.webm=01;35:*.webp=01;35:*.ogm=01;35:*.mp4=01;35:*.m4v=01;35:*.mp4v=01;35:*.vob=01;35:*.qt=01;35:*.nuv=01;35:*.wmv=01;35:*.asf=01;35:*.rm=01;35:*.rmvb=01;35:*.flc=01;35:*.avi=01;35:*.fli=01;35:*.flv=01;35:*.gl=01;35:*.dl=01;35:*.xcf=01;35:*.xwd=01;35:*.yuv=01;35:*.cgm=01;35:*.emf=01;35:*.ogv=01;35:*.ogx=01;35:*.aac=00;36:*.au=00;36:*.flac=00;36:*.m4a=00;36:*.mid=00;36:*.midi=00;36:*.mka=00;36:*.mp3=00;36:*.mpc=00;36:*.ogg=00;36:*.ra=00;36:*.wav=00;36:*.oga=00;36:*.opus=00;36:*.spx=00;36:*.xspf=00;36:'), ('VSCODE_GIT_IPC_HANDLE', '/run/user/1000/vscode-git-6e1624529d.sock'), ('TERM_PROGRAM', 'vscode'), ('ROS_DOMAIN_ID', '10'), ('AMENT_PREFIX_PATH', '/home/ibrahim/BinPicking/install/ros2_linkattacher:/home/ibrahim/BinPicking/install/moveit_config:/home/ibrahim/BinPicking/install/bin_nodes:/home/ibrahim/BinPicking/install/linkattacher_msgs:/home/ibrahim/RobotArmExpanded/install/main_arm_package:/home/ibrahim/RobotArmExpanded/install/action_interfaces:/home/ibrahim/MoveItArm/install/moveit_config:/home/ibrahim/MoveItArm/install/moveit_arm_package:/home/ibrahim/RobotArm/install/main_arm_package:/home/ibrahim/RobotArm/install/action_interfaces:/home/ibrahim/TF2Sample/install/tf2sim:/home/ibrahim/RobotNav/install/main_robot_nodes:/home/ibrahim/RobotNav/install/action_interfaces:/home/ibrahim/RobotMonitor/install/Robot3Node_Package:/home/ibrahim/ros2_ws/install/my_first_package:/home/ibrahim/ros2_ws/install/action_interfaces:/opt/ros/humble'), ('SHELL', '/bin/bash'), ('LESSCLOSE', '/usr/bin/lesspipe %s %s'), ('VSCODE_GIT_ASKPASS_EXTRA_ARGS', ''), ('PWD', '/home/ibrahim/BinPicking/build/moveit_config'), ('COPILOT_DEBUG_NONCE', 'd05f4ba8ec07642c4df8354ff840a334'), ('XDG_DATA_DIRS', '/usr/local/share:/usr/share:/var/lib/snapd/desktop'), ('PYTHONPATH', '/home/ibrahim/BinPicking/install/linkattacher_msgs/local/lib/python3.10/dist-packages:/home/ibrahim/RobotArmExpanded/install/action_interfaces/local/lib/python3.10/dist-packages:/home/ibrahim/RobotArm/install/action_interfaces/local/lib/python3.10/dist-packages:/home/ibrahim/RobotNav/install/action_interfaces/local/lib/python3.10/dist-packages:/home/ibrahim/ros2_ws/install/action_interfaces/local/lib/python3.10/dist-packages:/opt/ros/humble/lib/python3.10/site-packages:/opt/ros/humble/local/lib/python3.10/dist-packages'), ('COLCON', '1'), ('WSL2_GUI_APPS_ENABLED', '1'), ('HOSTTYPE', 'x86_64'), ('CMAKE_PREFIX_PATH', '/home/ibrahim/BinPicking/install/bin_nodes:/home/ibrahim/BinPicking/install/linkattacher_msgs:/home/ibrahim/BinPicking/install/ros2_linkattacher:/home/ibrahim/BinPicking/install/moveit_config:/home/ibrahim/RobotArmExpanded/install/main_arm_package:/home/ibrahim/RobotArmExpanded/install/action_interfaces:/home/ibrahim/MoveItArm/install/moveit_config:/home/ibrahim/MoveItArm/install/moveit_arm_package:/home/ibrahim/TF2Sample/install/tf2sim:/home/ibrahim/RobotNav/install/main_robot_nodes:/home/ibrahim/RobotNav/install/action_interfaces:/home/ibrahim/RobotMonitor/install/Robot3Node_Package:/home/ibrahim/ros2_ws/install/my_first_package:/home/ibrahim/ros2_ws/install/action_interfaces:/home/ibrahim/RobotArm/install/main_arm_package:/home/ibrahim/RobotArm/install/action_interfaces:/opt/ros/humble'), ('WSLENV', 'VSCODE_WSL_EXT_LOCATION/up')]), 'shell': False}
[0.862336] (moveit_config) StdoutLine: {'line': b'-- Install configuration: ""\n'}
[0.862590] (moveit_config) StdoutLine: {'line': b'-- Up-to-date: /home/ibrahim/BinPicking/install/moveit_config/share/ament_index/resource_index/package_run_dependencies/moveit_config\n'}
[0.862810] (moveit_config) StdoutLine: {'line': b'-- Up-to-date: /home/ibrahim/BinPicking/install/moveit_config/share/ament_index/resource_index/parent_prefix_path/moveit_config\n'}
[0.863004] (moveit_config) StdoutLine: {'line': b'-- Up-to-date: /home/ibrahim/BinPicking/install/moveit_config/share/moveit_config/environment/ament_prefix_path.sh\n'}
[0.863179] (moveit_config) StdoutLine: {'line': b'-- Up-to-date: /home/ibrahim/BinPicking/install/moveit_config/share/moveit_config/environment/ament_prefix_path.dsv\n'}
[0.863217] (moveit_config) StdoutLine: {'line': b'-- Up-to-date: /home/ibrahim/BinPicking/install/moveit_config/share/moveit_config/environment/path.sh\n'}
[0.863250] (moveit_config) StdoutLine: {'line': b'-- Up-to-date: /home/ibrahim/BinPicking/install/moveit_config/share/moveit_config/environment/path.dsv\n'}
[0.863279] (moveit_config) StdoutLine: {'line': b'-- Up-to-date: /home/ibrahim/BinPicking/install/moveit_config/share/moveit_config/local_setup.bash\n'}
[0.863308] (moveit_config) StdoutLine: {'line': b'-- Up-to-date: /home/ibrahim/BinPicking/install/moveit_config/share/moveit_config/local_setup.sh\n'}
[0.863457] (moveit_config) StdoutLine: {'line': b'-- Up-to-date: /home/ibrahim/BinPicking/install/moveit_config/share/moveit_config/local_setup.zsh\n'}
[0.863689] (moveit_config) StdoutLine: {'line': b'-- Up-to-date: /home/ibrahim/BinPicking/install/moveit_config/share/moveit_config/local_setup.dsv\n'}
[0.863771] (moveit_config) StdoutLine: {'line': b'-- Installing: /home/ibrahim/BinPicking/install/moveit_config/share/moveit_config/package.dsv\n'}
[0.863951] (moveit_config) StdoutLine: {'line': b'-- Up-to-date: /home/ibrahim/BinPicking/install/moveit_config/share/ament_index/resource_index/packages/moveit_config\n'}
[0.864070] (moveit_config) StdoutLine: {'line': b'-- Up-to-date: /home/ibrahim/BinPicking/install/moveit_config/share/moveit_config/cmake/moveit_configConfig.cmake\n'}
[0.864191] (moveit_config) StdoutLine: {'line': b'-- Up-to-date: /home/ibrahim/BinPicking/install/moveit_config/share/moveit_config/cmake/moveit_configConfig-version.cmake\n'}
[0.864423] (moveit_config) StdoutLine: {'line': b'-- Up-to-date: /home/ibrahim/BinPicking/install/moveit_config/share/moveit_config/package.xml\n'}
[0.864643] (moveit_config) StdoutLine: {'line': b'-- Up-to-date: /home/ibrahim/BinPicking/install/moveit_config/share/moveit_config/launch\n'}
[0.864813] (moveit_config) StdoutLine: {'line': b'-- Up-to-date: /home/ibrahim/BinPicking/install/moveit_config/share/moveit_config/launch/move_group.launch.py\n'}
[0.865020] (moveit_config) StdoutLine: {'line': b'-- Up-to-date: /home/ibrahim/BinPicking/install/moveit_config/share/moveit_config/launch/static_virtual_joint_tfs.launch.py\n'}
[0.865144] (moveit_config) StdoutLine: {'line': b'-- Up-to-date: /home/ibrahim/BinPicking/install/moveit_config/share/moveit_config/launch/spawn_controllers.launch.py\n'}
[0.865412] (moveit_config) StdoutLine: {'line': b'-- Up-to-date: /home/ibrahim/BinPicking/install/moveit_config/share/moveit_config/launch/__pycache__\n'}
[0.865483] (moveit_config) StdoutLine: {'line': b'-- Up-to-date: /home/ibrahim/BinPicking/install/moveit_config/share/moveit_config/launch/__pycache__/pick_and_place.launch.cpython-310.pyc\n'}
[0.865579] (moveit_config) StdoutLine: {'line': b'-- Up-to-date: /home/ibrahim/BinPicking/install/moveit_config/share/moveit_config/launch/__pycache__/gazebo.launch.cpython-310.pyc\n'}
[0.865635] (moveit_config) StdoutLine: {'line': b'-- Up-to-date: /home/ibrahim/BinPicking/install/moveit_config/share/moveit_config/launch/gazebo.launch.py\n'}
[0.865681] (moveit_config) StdoutLine: {'line': b'-- Up-to-date: /home/ibrahim/BinPicking/install/moveit_config/share/moveit_config/launch/rsp.launch.py\n'}
[0.865724] (moveit_config) StdoutLine: {'line': b'-- Up-to-date: /home/ibrahim/BinPicking/install/moveit_config/share/moveit_config/launch/moveit_rviz.launch.py\n'}
[0.865768] (moveit_config) StdoutLine: {'line': b'-- Up-to-date: /home/ibrahim/BinPicking/install/moveit_config/share/moveit_config/launch/warehouse_db.launch.py\n'}
[0.865814] (moveit_config) StdoutLine: {'line': b'-- Up-to-date: /home/ibrahim/BinPicking/install/moveit_config/share/moveit_config/launch/pick_and_place.launch.py\n'}
[0.865861] (moveit_config) StdoutLine: {'line': b'-- Up-to-date: /home/ibrahim/BinPicking/install/moveit_config/share/moveit_config/launch/demo.launch.py\n'}
[0.865903] (moveit_config) StdoutLine: {'line': b'-- Up-to-date: /home/ibrahim/BinPicking/install/moveit_config/share/moveit_config/launch/setup_assistant.launch.py\n'}
[0.865946] (moveit_config) StdoutLine: {'line': b'-- Up-to-date: /home/ibrahim/BinPicking/install/moveit_config/share/moveit_config/config\n'}
[0.865989] (moveit_config) StdoutLine: {'line': b'-- Up-to-date: /home/ibrahim/BinPicking/install/moveit_config/share/moveit_config/config/initial_positions.yaml\n'}
[0.866030] (moveit_config) StdoutLine: {'line': b'-- Up-to-date: /home/ibrahim/BinPicking/install/moveit_config/share/moveit_config/config/robot_arm.ros2_control.xacro\n'}
[0.866107] (moveit_config) StdoutLine: {'line': b'-- Up-to-date: /home/ibrahim/BinPicking/install/moveit_config/share/moveit_config/config/kinematics.yaml\n'}
[0.866173] (moveit_config) StdoutLine: {'line': b'-- Up-to-date: /home/ibrahim/BinPicking/install/moveit_config/share/moveit_config/config/robot_arm.urdf.xacro\n'}
[0.866222] (moveit_config) StdoutLine: {'line': b'-- Up-to-date: /home/ibrahim/BinPicking/install/moveit_config/share/moveit_config/config/sensors_3d.yaml\n'}
[0.866266] (moveit_config) StdoutLine: {'line': b'-- Up-to-date: /home/ibrahim/BinPicking/install/moveit_config/share/moveit_config/config/moveit_controllers.yaml\n'}
[0.866318] (moveit_config) StdoutLine: {'line': b'-- Up-to-date: /home/ibrahim/BinPicking/install/moveit_config/share/moveit_config/config/moveit.rviz\n'}
[0.866361] (moveit_config) StdoutLine: {'line': b'-- Up-to-date: /home/ibrahim/BinPicking/install/moveit_config/share/moveit_config/config/pilz_cartesian_limits.yaml\n'}
[0.866413] (moveit_config) StdoutLine: {'line': b'-- Up-to-date: /home/ibrahim/BinPicking/install/moveit_config/share/moveit_config/config/joint_limits.yaml\n'}
[0.866458] (moveit_config) StdoutLine: {'line': b'-- Up-to-date: /home/ibrahim/BinPicking/install/moveit_config/share/moveit_config/config/ros2_controllers.yaml\n'}
[0.866499] (moveit_config) StdoutLine: {'line': b'-- Up-to-date: /home/ibrahim/BinPicking/install/moveit_config/share/moveit_config/config/robot_arm.srdf\n'}
[0.866539] (moveit_config) StdoutLine: {'line': b'-- Up-to-date: /home/ibrahim/BinPicking/install/moveit_config/share/moveit_config/.setup_assistant\n'}
[0.867457] (moveit_config) CommandEnded: {'returncode': 0}
[0.877707] (moveit_config) JobEnded: {'identifier': 'moveit_config', 'rc': 0}
[0.878866] (-) EventReactorShutdown: {}
