[0.000000] (-) TimerEvent: {}
[0.000668] (linkattacher_msgs) JobQueued: {'identifier': 'linkattacher_msgs', 'dependencies': OrderedDict()}
[0.000776] (bin_nodes) JobQueued: {'identifier': 'bin_nodes', 'dependencies': OrderedDict([('linkattacher_msgs', '/home/ibrahim/BinPicking/install/linkattacher_msgs')])}
[0.000935] (ros2_linkattacher) JobQueued: {'identifier': 'ros2_linkattacher', 'dependencies': OrderedDict([('linkattacher_msgs', '/home/ibrahim/BinPicking/install/linkattacher_msgs')])}
[0.001356] (moveit_config) JobQueued: {'identifier': 'moveit_config', 'dependencies': OrderedDict([('linkattacher_msgs', '/home/ibrahim/BinPicking/install/linkattacher_msgs'), ('bin_nodes', '/home/ibrahim/BinPicking/install/bin_nodes')])}
[0.001427] (linkattacher_msgs) JobStarted: {'identifier': 'linkattacher_msgs'}
[0.016567] (linkattacher_msgs) JobProgress: {'identifier': 'linkattacher_msgs', 'progress': 'cmake'}
[0.017945] (linkattacher_msgs) JobProgress: {'identifier': 'linkattacher_msgs', 'progress': 'build'}
[0.018851] (linkattacher_msgs) Command: {'cmd': ['/usr/bin/cmake', '--build', '/home/ibrahim/BinPicking/build/linkattacher_msgs', '--', '-j16', '-l16'], 'cwd': '/home/ibrahim/BinPicking/build/linkattacher_msgs', 'env': OrderedDict([('PYTHON_BASIC_REPL', '1'), ('LESSOPEN', '| /usr/bin/lesspipe %s'), ('USER', 'ibrahim'), ('GIT_ASKPASS', '/home/ibrahim/.vscode-server/bin/7e7950df89d055b5a378379db9ee14290772148a/extensions/git/dist/askpass.sh'), ('SHLVL', '1'), ('LD_LIBRARY_PATH', '/home/ibrahim/BinPicking/install/ros2_linkattacher/lib:/home/ibrahim/BinPicking/install/linkattacher_msgs/lib:/home/ibrahim/RobotArmExpanded/install/action_interfaces/lib:/home/ibrahim/RobotArm/install/action_interfaces/lib:/home/ibrahim/RobotNav/install/action_interfaces/lib:/home/ibrahim/ros2_ws/install/action_interfaces/lib:/usr/lib/x86_64-linux-gnu/gazebo-11/plugins:/opt/ros/humble/opt/rviz_ogre_vendor/lib:/opt/ros/humble/lib/x86_64-linux-gnu:/opt/ros/humble/lib'), ('HOME', '/home/ibrahim'), ('OLDPWD', '/home/ibrahim/BinPicking/src'), ('TERM_PROGRAM_VERSION', '1.126.0'), ('VSCODE_IPC_HOOK_CLI', '/run/user/1000/vscode-ipc-526a32f8-c8d3-4116-acd1-62ce41b7aaf8.sock'), ('ROS_PYTHON_VERSION', '3'), ('VSCODE_GIT_ASKPASS_MAIN', '/home/ibrahim/.vscode-server/bin/7e7950df89d055b5a378379db9ee14290772148a/extensions/git/dist/askpass-main.js'), ('VSCODE_GIT_ASKPASS_NODE', '/home/ibrahim/.vscode-server/bin/7e7950df89d055b5a378379db9ee14290772148a/node'), ('PYDEVD_DISABLE_FILE_VALIDATION', '1'), ('BUNDLED_DEBUGPY_PATH', '/home/ibrahim/.vscode-server/extensions/ms-python.debugpy-2026.6.0-linux-x64/bundled/libs/debugpy'), ('VSCODE_PYTHON_AUTOACTIVATE_GUARD', '1'), ('DBUS_SESSION_BUS_ADDRESS', 'unix:path=/run/user/1000/bus'), ('COLORTERM', 'truecolor'), ('WSL_DISTRO_NAME', 'Ubuntu-22.04'), ('WAYLAND_DISPLAY', 'wayland-0'), ('COLCON_PREFIX_PATH', '/home/ibrahim/BinPicking/install:/home/ibrahim/MoveItArm/install:/home/ibrahim/RobotArmExpanded/install:/home/ibrahim/RobotArm/install:/home/ibrahim/TF2Sample/install:/home/ibrahim/RobotNav/install:/home/ibrahim/RobotMonitor/install:/home/ibrahim/ros2_ws/install'), ('ROS_DISTRO', 'humble'), ('LOGNAME', 'ibrahim'), ('NAME', 'Ibrahim-laptop'), ('WSL_INTEROP', '/run/WSL/411_interop'), ('PULSE_SERVER', 'unix:/mnt/wslg/PulseServer'), ('_', '/usr/bin/colcon'), ('ROS_VERSION', '2'), ('CLAUDE_CODE_SSE_PORT', '29659'), ('TERM', 'xterm-256color'), ('ROS_LOCALHOST_ONLY', '0'), ('PATH', '/home/ibrahim/.vscode-server/data/User/globalStorage/github.copilot-chat/debugCommand:/home/ibrahim/.vscode-server/data/User/globalStorage/github.copilot-chat/copilotCli:/home/ibrahim/.vscode-server/bin/7e7950df89d055b5a378379db9ee14290772148a/bin/remote-cli:/opt/ros/humble/bin:/usr/local/sbin:/usr/local/bin:/usr/sbin:/usr/bin:/sbin:/bin:/usr/games:/usr/local/games:/usr/lib/wsl/lib:/mnt/c/Windows/system32:/mnt/c/Windows:/mnt/c/Windows/System32/Wbem:/mnt/c/Windows/System32/WindowsPowerShell/v1.0/:/mnt/c/Windows/System32/OpenSSH/:/mnt/c/Program Files (x86)/NVIDIA Corporation/PhysX/Common:/mnt/c/Program Files/NVIDIA Corporation/NVIDIA App/NvDLISR:/mnt/c/Program Files/dotnet/:/mnt/c/Program Files/nodejs/:/mnt/c/Program Files/Git/cmd:/mnt/c/Program Files/PostgreSQL/18/bin:/mnt/c/Users/zanto/.local/bin:/mnt/c/Program Files/Docker/Docker/resources/bin:/mnt/c/Program Files/GitHub CLI/:/mnt/c/Users/zanto/AppData/Local/Programs/Python/Python312/Scripts/:/mnt/c/Users/zanto/AppData/Local/Programs/Python/Python312/:/mnt/c/Users/zanto/AppData/Local/Programs/Python/Python314/Scripts/:/mnt/c/Users/zanto/AppData/Local/Programs/Python/Python314/:/mnt/c/Users/zanto/AppData/Local/Microsoft/WindowsApps:/mnt/c/Users/zanto/AppData/Local/Programs/Microsoft VS Code/bin:/mnt/c/Users/zanto/AppData/Local/Programs/Ollama:/mnt/c/Users/zanto/AppData/Roaming/npm:/mnt/c/msys64/ucrt64/bin:/snap/bin:/home/ibrahim/.vscode-server/extensions/ms-python.debugpy-2026.6.0-linux-x64/bundled/scripts/noConfigScripts'), ('XDG_RUNTIME_DIR', '/run/user/1000/'), ('DISPLAY', ':0'), ('VSCODE_DEBUGPY_ADAPTER_ENDPOINTS', '/home/ibrahim/.vscode-server/extensions/ms-python.debugpy-2026.6.0-linux-x64/.noConfigDebugAdapterEndpoints/endpoint-b4e1a109d7f98f28.txt'), ('LANG', 'C.UTF-8'), ('PYTHONSTARTUP', '/home/ibrahim/.vscode-server/data/User/workspaceStorage/53d6af783f54596ecf064b03d33c69c7/ms-python.python/pythonrc.py'), ('RMW_IMPLEMENTATION', 'rmw_cyclonedds_cpp'), ('LS_COLORS', 'rs=0:di=01;34:ln=01;36:mh=00:pi=40;33:so=01;35:do=01;35:bd=40;33;01:cd=40;33;01:or=40;31;01:mi=00:su=37;41:sg=30;43:ca=30;41:tw=30;42:ow=34;42:st=37;44:ex=01;32:*.tar=01;31:*.tgz=01;31:*.arc=01;31:*.arj=01;31:*.taz=01;31:*.lha=01;31:*.lz4=01;31:*.lzh=01;31:*.lzma=01;31:*.tlz=01;31:*.txz=01;31:*.tzo=01;31:*.t7z=01;31:*.zip=01;31:*.z=01;31:*.dz=01;31:*.gz=01;31:*.lrz=01;31:*.lz=01;31:*.lzo=01;31:*.xz=01;31:*.zst=01;31:*.tzst=01;31:*.bz2=01;31:*.bz=01;31:*.tbz=01;31:*.tbz2=01;31:*.tz=01;31:*.deb=01;31:*.rpm=01;31:*.jar=01;31:*.war=01;31:*.ear=01;31:*.sar=01;31:*.rar=01;31:*.alz=01;31:*.ace=01;31:*.zoo=01;31:*.cpio=01;31:*.7z=01;31:*.rz=01;31:*.cab=01;31:*.wim=01;31:*.swm=01;31:*.dwm=01;31:*.esd=01;31:*.jpg=01;35:*.jpeg=01;35:*.mjpg=01;35:*.mjpeg=01;35:*.gif=01;35:*.bmp=01;35:*.pbm=01;35:*.pgm=01;35:*.ppm=01;35:*.tga=01;35:*.xbm=01;35:*.xpm=01;35:*.tif=01;35:*.tiff=01;35:*.png=01;35:*.svg=01;35:*.svgz=01;35:*.mng=01;35:*.pcx=01;35:*.mov=01;35:*.mpg=01;35:*.mpeg=01;35:*.m2v=01;35:*.mkv=01;35:*.webm=01;35:*.webp=01;35:*.ogm=01;35:*.mp4=01;35:*.m4v=01;35:*.mp4v=01;35:*.vob=01;35:*.qt=01;35:*.nuv=01;35:*.wmv=01;35:*.asf=01;35:*.rm=01;35:*.rmvb=01;35:*.flc=01;35:*.avi=01;35:*.fli=01;35:*.flv=01;35:*.gl=01;35:*.dl=01;35:*.xcf=01;35:*.xwd=01;35:*.yuv=01;35:*.cgm=01;35:*.emf=01;35:*.ogv=01;35:*.ogx=01;35:*.aac=00;36:*.au=00;36:*.flac=00;36:*.m4a=00;36:*.mid=00;36:*.midi=00;36:*.mka=00;36:*.mp3=00;36:*.mpc=00;36:*.ogg=00;36:*.ra=00;36:*.wav=00;36:*.oga=00;36:*.opus=00;36:*.spx=00;36:*.xspf=00;36:'), ('VSCODE_GIT_IPC_HANDLE', '/run/user/1000/vscode-git-6e1624529d.sock'), ('TERM_PROGRAM', 'vscode'), ('ROS_DOMAIN_ID', '10'), ('AMENT_PREFIX_PATH', '/home/ibrahim/BinPicking/install/ros2_linkattacher:/home/ibrahim/BinPicking/install/moveit_config:/home/ibrahim/BinPicking/install/linkattacher_msgs:/home/ibrahim/BinPicking/install/bin_nodes:/home/ibrahim/RobotArmExpanded/install/main_arm_package:/home/ibrahim/RobotArmExpanded/install/action_interfaces:/home/ibrahim/MoveItArm/install/moveit_config:/home/ibrahim/MoveItArm/install/moveit_arm_package:/home/ibrahim/RobotArm/install/main_arm_package:/home/ibrahim/RobotArm/install/action_interfaces:/home/ibrahim/TF2Sample/install/tf2sim:/home/ibrahim/RobotNav/install/main_robot_nodes:/home/ibrahim/RobotNav/install/action_interfaces:/home/ibrahim/RobotMonitor/install/Robot3Node_Package:/home/ibrahim/ros2_ws/install/my_first_package:/home/ibrahim/ros2_ws/install/action_interfaces:/opt/ros/humble'), ('SHELL', '/bin/bash'), ('LESSCLOSE', '/usr/bin/lesspipe %s %s'), ('VSCODE_GIT_ASKPASS_EXTRA_ARGS', ''), ('PWD', '/home/ibrahim/BinPicking/build/linkattacher_msgs'), ('COPILOT_DEBUG_NONCE', 'd05f4ba8ec07642c4df8354ff840a334'), ('XDG_DATA_DIRS', '/usr/local/share:/usr/share:/var/lib/snapd/desktop'), ('PYTHONPATH', '/home/ibrahim/BinPicking/install/linkattacher_msgs/local/lib/python3.10/dist-packages:/home/ibrahim/RobotArmExpanded/install/action_interfaces/local/lib/python3.10/dist-packages:/home/ibrahim/RobotArm/install/action_interfaces/local/lib/python3.10/dist-packages:/home/ibrahim/RobotNav/install/action_interfaces/local/lib/python3.10/dist-packages:/home/ibrahim/ros2_ws/install/action_interfaces/local/lib/python3.10/dist-packages:/opt/ros/humble/lib/python3.10/site-packages:/opt/ros/humble/local/lib/python3.10/dist-packages'), ('COLCON', '1'), ('WSL2_GUI_APPS_ENABLED', '1'), ('HOSTTYPE', 'x86_64'), ('CMAKE_PREFIX_PATH', '/home/ibrahim/BinPicking/install/ros2_linkattacher:/home/ibrahim/BinPicking/install/moveit_config:/home/ibrahim/BinPicking/install/linkattacher_msgs:/home/ibrahim/BinPicking/install/bin_nodes:/home/ibrahim/RobotArmExpanded/install/main_arm_package:/home/ibrahim/RobotArmExpanded/install/action_interfaces:/home/ibrahim/MoveItArm/install/moveit_config:/home/ibrahim/MoveItArm/install/moveit_arm_package:/home/ibrahim/TF2Sample/install/tf2sim:/home/ibrahim/RobotNav/install/main_robot_nodes:/home/ibrahim/RobotNav/install/action_interfaces:/home/ibrahim/RobotMonitor/install/Robot3Node_Package:/home/ibrahim/ros2_ws/install/my_first_package:/home/ibrahim/ros2_ws/install/action_interfaces:/home/ibrahim/RobotArm/install/main_arm_package:/home/ibrahim/RobotArm/install/action_interfaces:/opt/ros/humble'), ('WSLENV', 'VSCODE_WSL_EXT_LOCATION/up')]), 'shell': False}
[0.098910] (-) TimerEvent: {}
[0.136302] (linkattacher_msgs) StdoutLine: {'line': b'[  2%] Built target linkattacher_msgs__cpp\n'}
[0.136921] (linkattacher_msgs) StdoutLine: {'line': b'[  7%] Built target linkattacher_msgs__rs\n'}
[0.137372] (linkattacher_msgs) StdoutLine: {'line': b'[ 15%] Built target linkattacher_msgs__rosidl_generator_c\n'}
[0.158543] (linkattacher_msgs) StdoutLine: {'line': b'[ 15%] Built target ament_cmake_python_copy_linkattacher_msgs\n'}
[0.172508] (linkattacher_msgs) StdoutLine: {'line': b'[ 55%] Built target linkattacher_msgs__rosidl_typesupport_cpp\n'}
[0.173033] (linkattacher_msgs) StdoutLine: {'line': b'[ 55%] Built target linkattacher_msgs__rosidl_typesupport_introspection_cpp\n'}
[0.173226] (linkattacher_msgs) StdoutLine: {'line': b'[ 55%] Built target linkattacher_msgs__rosidl_typesupport_fastrtps_cpp\n'}
[0.173291] (linkattacher_msgs) StdoutLine: {'line': b'[ 55%] Built target linkattacher_msgs__rosidl_typesupport_c\n'}
[0.192031] (linkattacher_msgs) StdoutLine: {'line': b'[ 75%] Built target linkattacher_msgs__rosidl_typesupport_fastrtps_c\n'}
[0.192257] (linkattacher_msgs) StdoutLine: {'line': b'[ 75%] Built target linkattacher_msgs__rosidl_typesupport_introspection_c\n'}
[0.199057] (-) TimerEvent: {}
[0.222444] (linkattacher_msgs) StdoutLine: {'line': b'[ 75%] Built target linkattacher_msgs\n'}
[0.253728] (linkattacher_msgs) StdoutLine: {'line': b'[ 77%] Built target linkattacher_msgs__py\n'}
[0.286642] (linkattacher_msgs) StdoutLine: {'line': b'[ 85%] Built target linkattacher_msgs__rosidl_generator_py\n'}
[0.299211] (-) TimerEvent: {}
[0.317117] (linkattacher_msgs) StdoutLine: {'line': b'[ 95%] Built target linkattacher_msgs__rosidl_typesupport_c__pyext\n'}
[0.317382] (linkattacher_msgs) StdoutLine: {'line': b'[ 95%] Built target linkattacher_msgs__rosidl_typesupport_fastrtps_c__pyext\n'}
[0.317643] (linkattacher_msgs) StdoutLine: {'line': b'[100%] Built target linkattacher_msgs__rosidl_typesupport_introspection_c__pyext\n'}
[0.378331] (linkattacher_msgs) StdoutLine: {'line': b'running egg_info\n'}
[0.379222] (linkattacher_msgs) StdoutLine: {'line': b'writing linkattacher_msgs.egg-info/PKG-INFO\n'}
[0.379664] (linkattacher_msgs) StdoutLine: {'line': b'writing dependency_links to linkattacher_msgs.egg-info/dependency_links.txt\n'}
[0.380053] (linkattacher_msgs) StdoutLine: {'line': b'writing top-level names to linkattacher_msgs.egg-info/top_level.txt\n'}
[0.382163] (linkattacher_msgs) StdoutLine: {'line': b"reading manifest file 'linkattacher_msgs.egg-info/SOURCES.txt'\n"}
[0.382591] (linkattacher_msgs) StdoutLine: {'line': b"writing manifest file 'linkattacher_msgs.egg-info/SOURCES.txt'\n"}
[0.399367] (-) TimerEvent: {}
[0.409612] (linkattacher_msgs) StdoutLine: {'line': b'[100%] Built target ament_cmake_python_build_linkattacher_msgs_egg\n'}
[0.425543] (linkattacher_msgs) CommandEnded: {'returncode': 0}
[0.426435] (linkattacher_msgs) JobProgress: {'identifier': 'linkattacher_msgs', 'progress': 'install'}
[0.438332] (linkattacher_msgs) Command: {'cmd': ['/usr/bin/cmake', '--install', '/home/ibrahim/BinPicking/build/linkattacher_msgs'], 'cwd': '/home/ibrahim/BinPicking/build/linkattacher_msgs', 'env': OrderedDict([('PYTHON_BASIC_REPL', '1'), ('LESSOPEN', '| /usr/bin/lesspipe %s'), ('USER', 'ibrahim'), ('GIT_ASKPASS', '/home/ibrahim/.vscode-server/bin/7e7950df89d055b5a378379db9ee14290772148a/extensions/git/dist/askpass.sh'), ('SHLVL', '1'), ('LD_LIBRARY_PATH', '/home/ibrahim/BinPicking/install/ros2_linkattacher/lib:/home/ibrahim/BinPicking/install/linkattacher_msgs/lib:/home/ibrahim/RobotArmExpanded/install/action_interfaces/lib:/home/ibrahim/RobotArm/install/action_interfaces/lib:/home/ibrahim/RobotNav/install/action_interfaces/lib:/home/ibrahim/ros2_ws/install/action_interfaces/lib:/usr/lib/x86_64-linux-gnu/gazebo-11/plugins:/opt/ros/humble/opt/rviz_ogre_vendor/lib:/opt/ros/humble/lib/x86_64-linux-gnu:/opt/ros/humble/lib'), ('HOME', '/home/ibrahim'), ('OLDPWD', '/home/ibrahim/BinPicking/src'), ('TERM_PROGRAM_VERSION', '1.126.0'), ('VSCODE_IPC_HOOK_CLI', '/run/user/1000/vscode-ipc-526a32f8-c8d3-4116-acd1-62ce41b7aaf8.sock'), ('ROS_PYTHON_VERSION', '3'), ('VSCODE_GIT_ASKPASS_MAIN', '/home/ibrahim/.vscode-server/bin/7e7950df89d055b5a378379db9ee14290772148a/extensions/git/dist/askpass-main.js'), ('VSCODE_GIT_ASKPASS_NODE', '/home/ibrahim/.vscode-server/bin/7e7950df89d055b5a378379db9ee14290772148a/node'), ('PYDEVD_DISABLE_FILE_VALIDATION', '1'), ('BUNDLED_DEBUGPY_PATH', '/home/ibrahim/.vscode-server/extensions/ms-python.debugpy-2026.6.0-linux-x64/bundled/libs/debugpy'), ('VSCODE_PYTHON_AUTOACTIVATE_GUARD', '1'), ('DBUS_SESSION_BUS_ADDRESS', 'unix:path=/run/user/1000/bus'), ('COLORTERM', 'truecolor'), ('WSL_DISTRO_NAME', 'Ubuntu-22.04'), ('WAYLAND_DISPLAY', 'wayland-0'), ('COLCON_PREFIX_PATH', '/home/ibrahim/BinPicking/install:/home/ibrahim/MoveItArm/install:/home/ibrahim/RobotArmExpanded/install:/home/ibrahim/RobotArm/install:/home/ibrahim/TF2Sample/install:/home/ibrahim/RobotNav/install:/home/ibrahim/RobotMonitor/install:/home/ibrahim/ros2_ws/install'), ('ROS_DISTRO', 'humble'), ('LOGNAME', 'ibrahim'), ('NAME', 'Ibrahim-laptop'), ('WSL_INTEROP', '/run/WSL/411_interop'), ('PULSE_SERVER', 'unix:/mnt/wslg/PulseServer'), ('_', '/usr/bin/colcon'), ('ROS_VERSION', '2'), ('CLAUDE_CODE_SSE_PORT', '29659'), ('TERM', 'xterm-256color'), ('ROS_LOCALHOST_ONLY', '0'), ('PATH', '/home/ibrahim/.vscode-server/data/User/globalStorage/github.copilot-chat/debugCommand:/home/ibrahim/.vscode-server/data/User/globalStorage/github.copilot-chat/copilotCli:/home/ibrahim/.vscode-server/bin/7e7950df89d055b5a378379db9ee14290772148a/bin/remote-cli:/opt/ros/humble/bin:/usr/local/sbin:/usr/local/bin:/usr/sbin:/usr/bin:/sbin:/bin:/usr/games:/usr/local/games:/usr/lib/wsl/lib:/mnt/c/Windows/system32:/mnt/c/Windows:/mnt/c/Windows/System32/Wbem:/mnt/c/Windows/System32/WindowsPowerShell/v1.0/:/mnt/c/Windows/System32/OpenSSH/:/mnt/c/Program Files (x86)/NVIDIA Corporation/PhysX/Common:/mnt/c/Program Files/NVIDIA Corporation/NVIDIA App/NvDLISR:/mnt/c/Program Files/dotnet/:/mnt/c/Program Files/nodejs/:/mnt/c/Program Files/Git/cmd:/mnt/c/Program Files/PostgreSQL/18/bin:/mnt/c/Users/zanto/.local/bin:/mnt/c/Program Files/Docker/Docker/resources/bin:/mnt/c/Program Files/GitHub CLI/:/mnt/c/Users/zanto/AppData/Local/Programs/Python/Python312/Scripts/:/mnt/c/Users/zanto/AppData/Local/Programs/Python/Python312/:/mnt/c/Users/zanto/AppData/Local/Programs/Python/Python314/Scripts/:/mnt/c/Users/zanto/AppData/Local/Programs/Python/Python314/:/mnt/c/Users/zanto/AppData/Local/Microsoft/WindowsApps:/mnt/c/Users/zanto/AppData/Local/Programs/Microsoft VS Code/bin:/mnt/c/Users/zanto/AppData/Local/Programs/Ollama:/mnt/c/Users/zanto/AppData/Roaming/npm:/mnt/c/msys64/ucrt64/bin:/snap/bin:/home/ibrahim/.vscode-server/extensions/ms-python.debugpy-2026.6.0-linux-x64/bundled/scripts/noConfigScripts'), ('XDG_RUNTIME_DIR', '/run/user/1000/'), ('DISPLAY', ':0'), ('VSCODE_DEBUGPY_ADAPTER_ENDPOINTS', '/home/ibrahim/.vscode-server/extensions/ms-python.debugpy-2026.6.0-linux-x64/.noConfigDebugAdapterEndpoints/endpoint-b4e1a109d7f98f28.txt'), ('LANG', 'C.UTF-8'), ('PYTHONSTARTUP', '/home/ibrahim/.vscode-server/data/User/workspaceStorage/53d6af783f54596ecf064b03d33c69c7/ms-python.python/pythonrc.py'), ('RMW_IMPLEMENTATION', 'rmw_cyclonedds_cpp'), ('LS_COLORS', 'rs=0:di=01;34:ln=01;36:mh=00:pi=40;33:so=01;35:do=01;35:bd=40;33;01:cd=40;33;01:or=40;31;01:mi=00:su=37;41:sg=30;43:ca=30;41:tw=30;42:ow=34;42:st=37;44:ex=01;32:*.tar=01;31:*.tgz=01;31:*.arc=01;31:*.arj=01;31:*.taz=01;31:*.lha=01;31:*.lz4=01;31:*.lzh=01;31:*.lzma=01;31:*.tlz=01;31:*.txz=01;31:*.tzo=01;31:*.t7z=01;31:*.zip=01;31:*.z=01;31:*.dz=01;31:*.gz=01;31:*.lrz=01;31:*.lz=01;31:*.lzo=01;31:*.xz=01;31:*.zst=01;31:*.tzst=01;31:*.bz2=01;31:*.bz=01;31:*.tbz=01;31:*.tbz2=01;31:*.tz=01;31:*.deb=01;31:*.rpm=01;31:*.jar=01;31:*.war=01;31:*.ear=01;31:*.sar=01;31:*.rar=01;31:*.alz=01;31:*.ace=01;31:*.zoo=01;31:*.cpio=01;31:*.7z=01;31:*.rz=01;31:*.cab=01;31:*.wim=01;31:*.swm=01;31:*.dwm=01;31:*.esd=01;31:*.jpg=01;35:*.jpeg=01;35:*.mjpg=01;35:*.mjpeg=01;35:*.gif=01;35:*.bmp=01;35:*.pbm=01;35:*.pgm=01;35:*.ppm=01;35:*.tga=01;35:*.xbm=01;35:*.xpm=01;35:*.tif=01;35:*.tiff=01;35:*.png=01;35:*.svg=01;35:*.svgz=01;35:*.mng=01;35:*.pcx=01;35:*.mov=01;35:*.mpg=01;35:*.mpeg=01;35:*.m2v=01;35:*.mkv=01;35:*.webm=01;35:*.webp=01;35:*.ogm=01;35:*.mp4=01;35:*.m4v=01;35:*.mp4v=01;35:*.vob=01;35:*.qt=01;35:*.nuv=01;35:*.wmv=01;35:*.asf=01;35:*.rm=01;35:*.rmvb=01;35:*.flc=01;35:*.avi=01;35:*.fli=01;35:*.flv=01;35:*.gl=01;35:*.dl=01;35:*.xcf=01;35:*.xwd=01;35:*.yuv=01;35:*.cgm=01;35:*.emf=01;35:*.ogv=01;35:*.ogx=01;35:*.aac=00;36:*.au=00;36:*.flac=00;36:*.m4a=00;36:*.mid=00;36:*.midi=00;36:*.mka=00;36:*.mp3=00;36:*.mpc=00;36:*.ogg=00;36:*.ra=00;36:*.wav=00;36:*.oga=00;36:*.opus=00;36:*.spx=00;36:*.xspf=00;36:'), ('VSCODE_GIT_IPC_HANDLE', '/run/user/1000/vscode-git-6e1624529d.sock'), ('TERM_PROGRAM', 'vscode'), ('ROS_DOMAIN_ID', '10'), ('AMENT_PREFIX_PATH', '/home/ibrahim/BinPicking/install/ros2_linkattacher:/home/ibrahim/BinPicking/install/moveit_config:/home/ibrahim/BinPicking/install/linkattacher_msgs:/home/ibrahim/BinPicking/install/bin_nodes:/home/ibrahim/RobotArmExpanded/install/main_arm_package:/home/ibrahim/RobotArmExpanded/install/action_interfaces:/home/ibrahim/MoveItArm/install/moveit_config:/home/ibrahim/MoveItArm/install/moveit_arm_package:/home/ibrahim/RobotArm/install/main_arm_package:/home/ibrahim/RobotArm/install/action_interfaces:/home/ibrahim/TF2Sample/install/tf2sim:/home/ibrahim/RobotNav/install/main_robot_nodes:/home/ibrahim/RobotNav/install/action_interfaces:/home/ibrahim/RobotMonitor/install/Robot3Node_Package:/home/ibrahim/ros2_ws/install/my_first_package:/home/ibrahim/ros2_ws/install/action_interfaces:/opt/ros/humble'), ('SHELL', '/bin/bash'), ('LESSCLOSE', '/usr/bin/lesspipe %s %s'), ('VSCODE_GIT_ASKPASS_EXTRA_ARGS', ''), ('PWD', '/home/ibrahim/BinPicking/build/linkattacher_msgs'), ('COPILOT_DEBUG_NONCE', 'd05f4ba8ec07642c4df8354ff840a334'), ('XDG_DATA_DIRS', '/usr/local/share:/usr/share:/var/lib/snapd/desktop'), ('PYTHONPATH', '/home/ibrahim/BinPicking/install/linkattacher_msgs/local/lib/python3.10/dist-packages:/home/ibrahim/RobotArmExpanded/install/action_interfaces/local/lib/python3.10/dist-packages:/home/ibrahim/RobotArm/install/action_interfaces/local/lib/python3.10/dist-packages:/home/ibrahim/RobotNav/install/action_interfaces/local/lib/python3.10/dist-packages:/home/ibrahim/ros2_ws/install/action_interfaces/local/lib/python3.10/dist-packages:/opt/ros/humble/lib/python3.10/site-packages:/opt/ros/humble/local/lib/python3.10/dist-packages'), ('COLCON', '1'), ('WSL2_GUI_APPS_ENABLED', '1'), ('HOSTTYPE', 'x86_64'), ('CMAKE_PREFIX_PATH', '/home/ibrahim/BinPicking/install/ros2_linkattacher:/home/ibrahim/BinPicking/install/moveit_config:/home/ibrahim/BinPicking/install/linkattacher_msgs:/home/ibrahim/BinPicking/install/bin_nodes:/home/ibrahim/RobotArmExpanded/install/main_arm_package:/home/ibrahim/RobotArmExpanded/install/action_interfaces:/home/ibrahim/MoveItArm/install/moveit_config:/home/ibrahim/MoveItArm/install/moveit_arm_package:/home/ibrahim/TF2Sample/install/tf2sim:/home/ibrahim/RobotNav/install/main_robot_nodes:/home/ibrahim/RobotNav/install/action_interfaces:/home/ibrahim/RobotMonitor/install/Robot3Node_Package:/home/ibrahim/ros2_ws/install/my_first_package:/home/ibrahim/ros2_ws/install/action_interfaces:/home/ibrahim/RobotArm/install/main_arm_package:/home/ibrahim/RobotArm/install/action_interfaces:/opt/ros/humble'), ('WSLENV', 'VSCODE_WSL_EXT_LOCATION/up')]), 'shell': False}
[0.451635] (linkattacher_msgs) StdoutLine: {'line': b'-- Install configuration: ""\n'}
[0.452054] (linkattacher_msgs) StdoutLine: {'line': b'-- Up-to-date: /home/ibrahim/BinPicking/install/linkattacher_msgs/share/linkattacher_msgs/srv\n'}
[0.452349] (linkattacher_msgs) StdoutLine: {'line': b'-- Up-to-date: /home/ibrahim/BinPicking/install/linkattacher_msgs/share/linkattacher_msgs/srv/DetachLink.srv\n'}
[0.452451] (linkattacher_msgs) StdoutLine: {'line': b'-- Up-to-date: /home/ibrahim/BinPicking/install/linkattacher_msgs/share/linkattacher_msgs/srv/AttachLink.srv\n'}
[0.452627] (linkattacher_msgs) StdoutLine: {'line': b'-- Up-to-date: /home/ibrahim/BinPicking/install/linkattacher_msgs/share/ament_index/resource_index/rosidl_interfaces/linkattacher_msgs\n'}
[0.452677] (linkattacher_msgs) StdoutLine: {'line': b'-- Up-to-date: /home/ibrahim/BinPicking/install/linkattacher_msgs/include/linkattacher_msgs/linkattacher_msgs\n'}
[0.452794] (linkattacher_msgs) StdoutLine: {'line': b'-- Up-to-date: /home/ibrahim/BinPicking/install/linkattacher_msgs/include/linkattacher_msgs/linkattacher_msgs/srv\n'}
[0.452977] (linkattacher_msgs) StdoutLine: {'line': b'-- Up-to-date: /home/ibrahim/BinPicking/install/linkattacher_msgs/include/linkattacher_msgs/linkattacher_msgs/srv/detail\n'}
[0.453304] (linkattacher_msgs) StdoutLine: {'line': b'-- Up-to-date: /home/ibrahim/BinPicking/install/linkattacher_msgs/include/linkattacher_msgs/linkattacher_msgs/srv/detail/detach_link__struct.h\n'}
[0.453389] (linkattacher_msgs) StdoutLine: {'line': b'-- Up-to-date: /home/ibrahim/BinPicking/install/linkattacher_msgs/include/linkattacher_msgs/linkattacher_msgs/srv/detail/attach_link__type_support.h\n'}
[0.453432] (linkattacher_msgs) StdoutLine: {'line': b'-- Up-to-date: /home/ibrahim/BinPicking/install/linkattacher_msgs/include/linkattacher_msgs/linkattacher_msgs/srv/detail/detach_link__type_support.h\n'}
[0.453629] (linkattacher_msgs) StdoutLine: {'line': b'-- Up-to-date: /home/ibrahim/BinPicking/install/linkattacher_msgs/include/linkattacher_msgs/linkattacher_msgs/srv/detail/attach_link__functions.h\n'}
[0.453707] (linkattacher_msgs) StdoutLine: {'line': b'-- Up-to-date: /home/ibrahim/BinPicking/install/linkattacher_msgs/include/linkattacher_msgs/linkattacher_msgs/srv/detail/attach_link__struct.h\n'}
[0.453965] (linkattacher_msgs) StdoutLine: {'line': b'-- Up-to-date: /home/ibrahim/BinPicking/install/linkattacher_msgs/include/linkattacher_msgs/linkattacher_msgs/srv/detail/detach_link__functions.h\n'}
[0.454050] (linkattacher_msgs) StdoutLine: {'line': b'-- Up-to-date: /home/ibrahim/BinPicking/install/linkattacher_msgs/include/linkattacher_msgs/linkattacher_msgs/srv/detail/detach_link__functions.c\n'}
[0.454093] (linkattacher_msgs) StdoutLine: {'line': b'-- Up-to-date: /home/ibrahim/BinPicking/install/linkattacher_msgs/include/linkattacher_msgs/linkattacher_msgs/srv/detail/attach_link__functions.c\n'}
[0.454129] (linkattacher_msgs) StdoutLine: {'line': b'-- Up-to-date: /home/ibrahim/BinPicking/install/linkattacher_msgs/include/linkattacher_msgs/linkattacher_msgs/srv/detach_link.h\n'}
[0.454167] (linkattacher_msgs) StdoutLine: {'line': b'-- Up-to-date: /home/ibrahim/BinPicking/install/linkattacher_msgs/include/linkattacher_msgs/linkattacher_msgs/srv/attach_link.h\n'}
[0.454206] (linkattacher_msgs) StdoutLine: {'line': b'-- Up-to-date: /home/ibrahim/BinPicking/install/linkattacher_msgs/include/linkattacher_msgs/linkattacher_msgs/msg\n'}
[0.454238] (linkattacher_msgs) StdoutLine: {'line': b'-- Up-to-date: /home/ibrahim/BinPicking/install/linkattacher_msgs/include/linkattacher_msgs/linkattacher_msgs/msg/rosidl_generator_c__visibility_control.h\n'}
[0.454269] (linkattacher_msgs) StdoutLine: {'line': b'-- Up-to-date: /home/ibrahim/BinPicking/install/linkattacher_msgs/share/linkattacher_msgs/environment/library_path.sh\n'}
[0.454301] (linkattacher_msgs) StdoutLine: {'line': b'-- Up-to-date: /home/ibrahim/BinPicking/install/linkattacher_msgs/share/linkattacher_msgs/environment/library_path.dsv\n'}
[0.454566] (linkattacher_msgs) StdoutLine: {'line': b'-- Up-to-date: /home/ibrahim/BinPicking/install/linkattacher_msgs/lib/liblinkattacher_msgs__rosidl_generator_c.so\n'}
[0.454938] (linkattacher_msgs) StdoutLine: {'line': b'-- Up-to-date: /home/ibrahim/BinPicking/install/linkattacher_msgs/include/linkattacher_msgs/linkattacher_msgs\n'}
[0.455108] (linkattacher_msgs) StdoutLine: {'line': b'-- Up-to-date: /home/ibrahim/BinPicking/install/linkattacher_msgs/include/linkattacher_msgs/linkattacher_msgs/srv\n'}
[0.455251] (linkattacher_msgs) StdoutLine: {'line': b'-- Up-to-date: /home/ibrahim/BinPicking/install/linkattacher_msgs/include/linkattacher_msgs/linkattacher_msgs/srv/detail\n'}
[0.455437] (linkattacher_msgs) StdoutLine: {'line': b'-- Up-to-date: /home/ibrahim/BinPicking/install/linkattacher_msgs/include/linkattacher_msgs/linkattacher_msgs/srv/detail/detach_link__rosidl_typesupport_fastrtps_c.h\n'}
[0.455478] (linkattacher_msgs) StdoutLine: {'line': b'-- Up-to-date: /home/ibrahim/BinPicking/install/linkattacher_msgs/include/linkattacher_msgs/linkattacher_msgs/srv/detail/attach_link__rosidl_typesupport_fastrtps_c.h\n'}
[0.455512] (linkattacher_msgs) StdoutLine: {'line': b'-- Up-to-date: /home/ibrahim/BinPicking/install/linkattacher_msgs/include/linkattacher_msgs/linkattacher_msgs/msg\n'}
[0.455543] (linkattacher_msgs) StdoutLine: {'line': b'-- Up-to-date: /home/ibrahim/BinPicking/install/linkattacher_msgs/include/linkattacher_msgs/linkattacher_msgs/msg/rosidl_typesupport_fastrtps_c__visibility_control.h\n'}
[0.455762] (linkattacher_msgs) StdoutLine: {'line': b'-- Up-to-date: /home/ibrahim/BinPicking/install/linkattacher_msgs/lib/liblinkattacher_msgs__rosidl_typesupport_fastrtps_c.so\n'}
[0.455971] (linkattacher_msgs) StdoutLine: {'line': b'-- Up-to-date: /home/ibrahim/BinPicking/install/linkattacher_msgs/include/linkattacher_msgs/linkattacher_msgs\n'}
[0.456092] (linkattacher_msgs) StdoutLine: {'line': b'-- Up-to-date: /home/ibrahim/BinPicking/install/linkattacher_msgs/include/linkattacher_msgs/linkattacher_msgs/srv\n'}
[0.456140] (linkattacher_msgs) StdoutLine: {'line': b'-- Up-to-date: /home/ibrahim/BinPicking/install/linkattacher_msgs/include/linkattacher_msgs/linkattacher_msgs/srv/detail\n'}
[0.456245] (linkattacher_msgs) StdoutLine: {'line': b'-- Up-to-date: /home/ibrahim/BinPicking/install/linkattacher_msgs/include/linkattacher_msgs/linkattacher_msgs/srv/detail/attach_link__rosidl_typesupport_introspection_c.h\n'}
[0.456466] (linkattacher_msgs) StdoutLine: {'line': b'-- Up-to-date: /home/ibrahim/BinPicking/install/linkattacher_msgs/include/linkattacher_msgs/linkattacher_msgs/srv/detail/detach_link__type_support.c\n'}
[0.456600] (linkattacher_msgs) StdoutLine: {'line': b'-- Up-to-date: /home/ibrahim/BinPicking/install/linkattacher_msgs/include/linkattacher_msgs/linkattacher_msgs/srv/detail/attach_link__type_support.c\n'}
[0.456647] (linkattacher_msgs) StdoutLine: {'line': b'-- Up-to-date: /home/ibrahim/BinPicking/install/linkattacher_msgs/include/linkattacher_msgs/linkattacher_msgs/srv/detail/detach_link__rosidl_typesupport_introspection_c.h\n'}
[0.456682] (linkattacher_msgs) StdoutLine: {'line': b'-- Up-to-date: /home/ibrahim/BinPicking/install/linkattacher_msgs/include/linkattacher_msgs/linkattacher_msgs/msg\n'}
[0.456714] (linkattacher_msgs) StdoutLine: {'line': b'-- Up-to-date: /home/ibrahim/BinPicking/install/linkattacher_msgs/include/linkattacher_msgs/linkattacher_msgs/msg/rosidl_typesupport_introspection_c__visibility_control.h\n'}
[0.456933] (linkattacher_msgs) StdoutLine: {'line': b'-- Up-to-date: /home/ibrahim/BinPicking/install/linkattacher_msgs/lib/liblinkattacher_msgs__rosidl_typesupport_introspection_c.so\n'}
[0.457467] (linkattacher_msgs) StdoutLine: {'line': b'-- Up-to-date: /home/ibrahim/BinPicking/install/linkattacher_msgs/lib/liblinkattacher_msgs__rosidl_typesupport_c.so\n'}
[0.457732] (linkattacher_msgs) StdoutLine: {'line': b'-- Up-to-date: /home/ibrahim/BinPicking/install/linkattacher_msgs/include/linkattacher_msgs/linkattacher_msgs\n'}
[0.458037] (linkattacher_msgs) StdoutLine: {'line': b'-- Up-to-date: /home/ibrahim/BinPicking/install/linkattacher_msgs/include/linkattacher_msgs/linkattacher_msgs/srv\n'}
[0.458226] (linkattacher_msgs) StdoutLine: {'line': b'-- Up-to-date: /home/ibrahim/BinPicking/install/linkattacher_msgs/include/linkattacher_msgs/linkattacher_msgs/srv/detail\n'}
[0.458421] (linkattacher_msgs) StdoutLine: {'line': b'-- Up-to-date: /home/ibrahim/BinPicking/install/linkattacher_msgs/include/linkattacher_msgs/linkattacher_msgs/srv/detail/attach_link__type_support.hpp\n'}
[0.458601] (linkattacher_msgs) StdoutLine: {'line': b'-- Up-to-date: /home/ibrahim/BinPicking/install/linkattacher_msgs/include/linkattacher_msgs/linkattacher_msgs/srv/detail/detach_link__traits.hpp\n'}
[0.458819] (linkattacher_msgs) StdoutLine: {'line': b'-- Up-to-date: /home/ibrahim/BinPicking/install/linkattacher_msgs/include/linkattacher_msgs/linkattacher_msgs/srv/detail/attach_link__struct.hpp\n'}
[0.458965] (linkattacher_msgs) StdoutLine: {'line': b'-- Up-to-date: /home/ibrahim/BinPicking/install/linkattacher_msgs/include/linkattacher_msgs/linkattacher_msgs/srv/detail/attach_link__traits.hpp\n'}
[0.459112] (linkattacher_msgs) StdoutLine: {'line': b'-- Up-to-date: /home/ibrahim/BinPicking/install/linkattacher_msgs/include/linkattacher_msgs/linkattacher_msgs/srv/detail/detach_link__type_support.hpp\n'}
[0.459305] (linkattacher_msgs) StdoutLine: {'line': b'-- Up-to-date: /home/ibrahim/BinPicking/install/linkattacher_msgs/include/linkattacher_msgs/linkattacher_msgs/srv/detail/detach_link__struct.hpp\n'}
[0.459390] (linkattacher_msgs) StdoutLine: {'line': b'-- Up-to-date: /home/ibrahim/BinPicking/install/linkattacher_msgs/include/linkattacher_msgs/linkattacher_msgs/srv/detail/attach_link__builder.hpp\n'}
[0.459576] (linkattacher_msgs) StdoutLine: {'line': b'-- Up-to-date: /home/ibrahim/BinPicking/install/linkattacher_msgs/include/linkattacher_msgs/linkattacher_msgs/srv/detail/detach_link__builder.hpp\n'}
[0.459652] (linkattacher_msgs) StdoutLine: {'line': b'-- Up-to-date: /home/ibrahim/BinPicking/install/linkattacher_msgs/include/linkattacher_msgs/linkattacher_msgs/srv/attach_link.hpp\n'}
[0.459945] (linkattacher_msgs) StdoutLine: {'line': b'-- Up-to-date: /home/ibrahim/BinPicking/install/linkattacher_msgs/include/linkattacher_msgs/linkattacher_msgs/srv/detach_link.hpp\n'}
[0.460203] (linkattacher_msgs) StdoutLine: {'line': b'-- Up-to-date: /home/ibrahim/BinPicking/install/linkattacher_msgs/include/linkattacher_msgs/linkattacher_msgs/msg\n'}
[0.460310] (linkattacher_msgs) StdoutLine: {'line': b'-- Up-to-date: /home/ibrahim/BinPicking/install/linkattacher_msgs/include/linkattacher_msgs/linkattacher_msgs/msg/rosidl_generator_cpp__visibility_control.hpp\n'}
[0.460388] (linkattacher_msgs) StdoutLine: {'line': b'-- Up-to-date: /home/ibrahim/BinPicking/install/linkattacher_msgs/include/linkattacher_msgs/linkattacher_msgs\n'}
[0.460459] (linkattacher_msgs) StdoutLine: {'line': b'-- Up-to-date: /home/ibrahim/BinPicking/install/linkattacher_msgs/include/linkattacher_msgs/linkattacher_msgs/srv\n'}
[0.460501] (linkattacher_msgs) StdoutLine: {'line': b'-- Up-to-date: /home/ibrahim/BinPicking/install/linkattacher_msgs/include/linkattacher_msgs/linkattacher_msgs/srv/detail\n'}
[0.460570] (linkattacher_msgs) StdoutLine: {'line': b'-- Up-to-date: /home/ibrahim/BinPicking/install/linkattacher_msgs/include/linkattacher_msgs/linkattacher_msgs/srv/detail/dds_fastrtps\n'}
[0.460684] (linkattacher_msgs) StdoutLine: {'line': b'-- Up-to-date: /home/ibrahim/BinPicking/install/linkattacher_msgs/include/linkattacher_msgs/linkattacher_msgs/srv/detail/detach_link__rosidl_typesupport_fastrtps_cpp.hpp\n'}
[0.460739] (linkattacher_msgs) StdoutLine: {'line': b'-- Up-to-date: /home/ibrahim/BinPicking/install/linkattacher_msgs/include/linkattacher_msgs/linkattacher_msgs/srv/detail/attach_link__rosidl_typesupport_fastrtps_cpp.hpp\n'}
[0.460931] (linkattacher_msgs) StdoutLine: {'line': b'-- Up-to-date: /home/ibrahim/BinPicking/install/linkattacher_msgs/include/linkattacher_msgs/linkattacher_msgs/msg\n'}
[0.461055] (linkattacher_msgs) StdoutLine: {'line': b'-- Up-to-date: /home/ibrahim/BinPicking/install/linkattacher_msgs/include/linkattacher_msgs/linkattacher_msgs/msg/rosidl_typesupport_fastrtps_cpp__visibility_control.h\n'}
[0.461206] (linkattacher_msgs) StdoutLine: {'line': b'-- Up-to-date: /home/ibrahim/BinPicking/install/linkattacher_msgs/lib/liblinkattacher_msgs__rosidl_typesupport_fastrtps_cpp.so\n'}
[0.461397] (linkattacher_msgs) StdoutLine: {'line': b'-- Up-to-date: /home/ibrahim/BinPicking/install/linkattacher_msgs/include/linkattacher_msgs/linkattacher_msgs\n'}
[0.461560] (linkattacher_msgs) StdoutLine: {'line': b'-- Up-to-date: /home/ibrahim/BinPicking/install/linkattacher_msgs/include/linkattacher_msgs/linkattacher_msgs/srv\n'}
[0.461660] (linkattacher_msgs) StdoutLine: {'line': b'-- Up-to-date: /home/ibrahim/BinPicking/install/linkattacher_msgs/include/linkattacher_msgs/linkattacher_msgs/srv/detail\n'}
[0.461759] (linkattacher_msgs) StdoutLine: {'line': b'-- Up-to-date: /home/ibrahim/BinPicking/install/linkattacher_msgs/include/linkattacher_msgs/linkattacher_msgs/srv/detail/attach_link__rosidl_typesupport_introspection_cpp.hpp\n'}
[0.461869] (linkattacher_msgs) StdoutLine: {'line': b'-- Up-to-date: /home/ibrahim/BinPicking/install/linkattacher_msgs/include/linkattacher_msgs/linkattacher_msgs/srv/detail/attach_link__type_support.cpp\n'}
[0.461938] (linkattacher_msgs) StdoutLine: {'line': b'-- Up-to-date: /home/ibrahim/BinPicking/install/linkattacher_msgs/include/linkattacher_msgs/linkattacher_msgs/srv/detail/detach_link__type_support.cpp\n'}
[0.461990] (linkattacher_msgs) StdoutLine: {'line': b'-- Up-to-date: /home/ibrahim/BinPicking/install/linkattacher_msgs/include/linkattacher_msgs/linkattacher_msgs/srv/detail/detach_link__rosidl_typesupport_introspection_cpp.hpp\n'}
[0.462139] (linkattacher_msgs) StdoutLine: {'line': b'-- Up-to-date: /home/ibrahim/BinPicking/install/linkattacher_msgs/lib/liblinkattacher_msgs__rosidl_typesupport_introspection_cpp.so\n'}
[0.462613] (linkattacher_msgs) StdoutLine: {'line': b'-- Up-to-date: /home/ibrahim/BinPicking/install/linkattacher_msgs/lib/liblinkattacher_msgs__rosidl_typesupport_cpp.so\n'}
[0.463002] (linkattacher_msgs) StdoutLine: {'line': b'-- Up-to-date: /home/ibrahim/BinPicking/install/linkattacher_msgs/share/linkattacher_msgs/environment/pythonpath.sh\n'}
[0.463224] (linkattacher_msgs) StdoutLine: {'line': b'-- Up-to-date: /home/ibrahim/BinPicking/install/linkattacher_msgs/share/linkattacher_msgs/environment/pythonpath.dsv\n'}
[0.463403] (linkattacher_msgs) StdoutLine: {'line': b'-- Up-to-date: /home/ibrahim/BinPicking/install/linkattacher_msgs/local/lib/python3.10/dist-packages/linkattacher_msgs-0.0.0-py3.10.egg-info\n'}
[0.463446] (linkattacher_msgs) StdoutLine: {'line': b'-- Installing: /home/ibrahim/BinPicking/install/linkattacher_msgs/local/lib/python3.10/dist-packages/linkattacher_msgs-0.0.0-py3.10.egg-info/top_level.txt\n'}
[0.464022] (linkattacher_msgs) StdoutLine: {'line': b'-- Installing: /home/ibrahim/BinPicking/install/linkattacher_msgs/local/lib/python3.10/dist-packages/linkattacher_msgs-0.0.0-py3.10.egg-info/PKG-INFO\n'}
[0.464485] (linkattacher_msgs) StdoutLine: {'line': b'-- Installing: /home/ibrahim/BinPicking/install/linkattacher_msgs/local/lib/python3.10/dist-packages/linkattacher_msgs-0.0.0-py3.10.egg-info/dependency_links.txt\n'}
[0.464922] (linkattacher_msgs) StdoutLine: {'line': b'-- Installing: /home/ibrahim/BinPicking/install/linkattacher_msgs/local/lib/python3.10/dist-packages/linkattacher_msgs-0.0.0-py3.10.egg-info/SOURCES.txt\n'}
[0.465445] (linkattacher_msgs) StdoutLine: {'line': b'-- Up-to-date: /home/ibrahim/BinPicking/install/linkattacher_msgs/local/lib/python3.10/dist-packages/linkattacher_msgs\n'}
[0.465620] (linkattacher_msgs) StdoutLine: {'line': b'-- Up-to-date: /home/ibrahim/BinPicking/install/linkattacher_msgs/local/lib/python3.10/dist-packages/linkattacher_msgs/linkattacher_msgs_s__rosidl_typesupport_c.cpython-310-x86_64-linux-gnu.so\n'}
[0.465685] (linkattacher_msgs) StdoutLine: {'line': b'-- Up-to-date: /home/ibrahim/BinPicking/install/linkattacher_msgs/local/lib/python3.10/dist-packages/linkattacher_msgs/linkattacher_msgs_s__rosidl_typesupport_introspection_c.cpython-310-x86_64-linux-gnu.so\n'}
[0.465778] (linkattacher_msgs) StdoutLine: {'line': b'-- Up-to-date: /home/ibrahim/BinPicking/install/linkattacher_msgs/local/lib/python3.10/dist-packages/linkattacher_msgs/_linkattacher_msgs_s.ep.rosidl_typesupport_c.c\n'}
[0.465975] (linkattacher_msgs) StdoutLine: {'line': b'-- Up-to-date: /home/ibrahim/BinPicking/install/linkattacher_msgs/local/lib/python3.10/dist-packages/linkattacher_msgs/srv\n'}
[0.466091] (linkattacher_msgs) StdoutLine: {'line': b'-- Up-to-date: /home/ibrahim/BinPicking/install/linkattacher_msgs/local/lib/python3.10/dist-packages/linkattacher_msgs/srv/_attach_link.py\n'}
[0.466136] (linkattacher_msgs) StdoutLine: {'line': b'-- Up-to-date: /home/ibrahim/BinPicking/install/linkattacher_msgs/local/lib/python3.10/dist-packages/linkattacher_msgs/srv/_attach_link_s.c\n'}
[0.466242] (linkattacher_msgs) StdoutLine: {'line': b'-- Up-to-date: /home/ibrahim/BinPicking/install/linkattacher_msgs/local/lib/python3.10/dist-packages/linkattacher_msgs/srv/_detach_link.py\n'}
[0.466366] (linkattacher_msgs) StdoutLine: {'line': b'-- Up-to-date: /home/ibrahim/BinPicking/install/linkattacher_msgs/local/lib/python3.10/dist-packages/linkattacher_msgs/srv/__init__.py\n'}
[0.466614] (linkattacher_msgs) StdoutLine: {'line': b'-- Up-to-date: /home/ibrahim/BinPicking/install/linkattacher_msgs/local/lib/python3.10/dist-packages/linkattacher_msgs/srv/_detach_link_s.c\n'}
[0.466691] (linkattacher_msgs) StdoutLine: {'line': b'-- Up-to-date: /home/ibrahim/BinPicking/install/linkattacher_msgs/local/lib/python3.10/dist-packages/linkattacher_msgs/linkattacher_msgs_s__rosidl_typesupport_fastrtps_c.cpython-310-x86_64-linux-gnu.so\n'}
[0.466732] (linkattacher_msgs) StdoutLine: {'line': b'-- Up-to-date: /home/ibrahim/BinPicking/install/linkattacher_msgs/local/lib/python3.10/dist-packages/linkattacher_msgs/_linkattacher_msgs_s.ep.rosidl_typesupport_introspection_c.c\n'}
[0.466769] (linkattacher_msgs) StdoutLine: {'line': b'-- Up-to-date: /home/ibrahim/BinPicking/install/linkattacher_msgs/local/lib/python3.10/dist-packages/linkattacher_msgs/_linkattacher_msgs_s.ep.rosidl_typesupport_fastrtps_c.c\n'}
[0.466809] (linkattacher_msgs) StdoutLine: {'line': b'-- Up-to-date: /home/ibrahim/BinPicking/install/linkattacher_msgs/local/lib/python3.10/dist-packages/linkattacher_msgs/__init__.py\n'}
[0.466842] (linkattacher_msgs) StdoutLine: {'line': b'-- Up-to-date: /home/ibrahim/BinPicking/install/linkattacher_msgs/local/lib/python3.10/dist-packages/linkattacher_msgs/liblinkattacher_msgs__rosidl_generator_py.so\n'}
[0.496780] (linkattacher_msgs) StdoutLine: {'line': b"Listing '/home/ibrahim/BinPicking/install/linkattacher_msgs/local/lib/python3.10/dist-packages/linkattacher_msgs'...\n"}
[0.497008] (linkattacher_msgs) StdoutLine: {'line': b"Listing '/home/ibrahim/BinPicking/install/linkattacher_msgs/local/lib/python3.10/dist-packages/linkattacher_msgs/srv'...\n"}
[0.499480] (-) TimerEvent: {}
[0.501405] (linkattacher_msgs) StdoutLine: {'line': b'-- Up-to-date: /home/ibrahim/BinPicking/install/linkattacher_msgs/local/lib/python3.10/dist-packages/linkattacher_msgs/linkattacher_msgs_s__rosidl_typesupport_fastrtps_c.cpython-310-x86_64-linux-gnu.so\n'}
[0.501856] (linkattacher_msgs) StdoutLine: {'line': b'-- Up-to-date: /home/ibrahim/BinPicking/install/linkattacher_msgs/local/lib/python3.10/dist-packages/linkattacher_msgs/linkattacher_msgs_s__rosidl_typesupport_introspection_c.cpython-310-x86_64-linux-gnu.so\n'}
[0.502311] (linkattacher_msgs) StdoutLine: {'line': b'-- Up-to-date: /home/ibrahim/BinPicking/install/linkattacher_msgs/local/lib/python3.10/dist-packages/linkattacher_msgs/linkattacher_msgs_s__rosidl_typesupport_c.cpython-310-x86_64-linux-gnu.so\n'}
[0.502803] (linkattacher_msgs) StdoutLine: {'line': b'-- Up-to-date: /home/ibrahim/BinPicking/install/linkattacher_msgs/lib/liblinkattacher_msgs__rosidl_generator_py.so\n'}
[0.503086] (linkattacher_msgs) StdoutLine: {'line': b'-- Up-to-date: /home/ibrahim/BinPicking/install/linkattacher_msgs/share/ament_index/resource_index/rust_packages/linkattacher_msgs\n'}
[0.503304] (linkattacher_msgs) StdoutLine: {'line': b'-- Up-to-date: /home/ibrahim/BinPicking/install/linkattacher_msgs/share/linkattacher_msgs/rust\n'}
[0.503541] (linkattacher_msgs) StdoutLine: {'line': b'-- Up-to-date: /home/ibrahim/BinPicking/install/linkattacher_msgs/share/linkattacher_msgs/rust/src\n'}
[0.503740] (linkattacher_msgs) StdoutLine: {'line': b'-- Up-to-date: /home/ibrahim/BinPicking/install/linkattacher_msgs/share/linkattacher_msgs/rust/src/lib.rs\n'}
[0.503889] (linkattacher_msgs) StdoutLine: {'line': b'-- Up-to-date: /home/ibrahim/BinPicking/install/linkattacher_msgs/share/linkattacher_msgs/rust/src/srv\n'}
[0.504041] (linkattacher_msgs) StdoutLine: {'line': b'-- Up-to-date: /home/ibrahim/BinPicking/install/linkattacher_msgs/share/linkattacher_msgs/rust/src/srv/rmw.rs\n'}
[0.504118] (linkattacher_msgs) StdoutLine: {'line': b'-- Up-to-date: /home/ibrahim/BinPicking/install/linkattacher_msgs/share/linkattacher_msgs/rust/src/srv.rs\n'}
[0.504320] (linkattacher_msgs) StdoutLine: {'line': b'-- Up-to-date: /home/ibrahim/BinPicking/install/linkattacher_msgs/share/linkattacher_msgs/rust/build.rs\n'}
[0.504373] (linkattacher_msgs) StdoutLine: {'line': b'-- Up-to-date: /home/ibrahim/BinPicking/install/linkattacher_msgs/share/linkattacher_msgs/rust/Cargo.toml\n'}
[0.504467] (linkattacher_msgs) StdoutLine: {'line': b'-- Up-to-date: /home/ibrahim/BinPicking/install/linkattacher_msgs/share/linkattacher_msgs/srv/AttachLink.idl\n'}
[0.504505] (linkattacher_msgs) StdoutLine: {'line': b'-- Up-to-date: /home/ibrahim/BinPicking/install/linkattacher_msgs/share/linkattacher_msgs/srv/DetachLink.idl\n'}
[0.504596] (linkattacher_msgs) StdoutLine: {'line': b'-- Up-to-date: /home/ibrahim/BinPicking/install/linkattacher_msgs/share/linkattacher_msgs/srv/AttachLink.srv\n'}
[0.504710] (linkattacher_msgs) StdoutLine: {'line': b'-- Up-to-date: /home/ibrahim/BinPicking/install/linkattacher_msgs/share/linkattacher_msgs/srv/AttachLink_Request.msg\n'}
[0.504902] (linkattacher_msgs) StdoutLine: {'line': b'-- Up-to-date: /home/ibrahim/BinPicking/install/linkattacher_msgs/share/linkattacher_msgs/srv/AttachLink_Response.msg\n'}
[0.505042] (linkattacher_msgs) StdoutLine: {'line': b'-- Up-to-date: /home/ibrahim/BinPicking/install/linkattacher_msgs/share/linkattacher_msgs/srv/DetachLink.srv\n'}
[0.505117] (linkattacher_msgs) StdoutLine: {'line': b'-- Up-to-date: /home/ibrahim/BinPicking/install/linkattacher_msgs/share/linkattacher_msgs/srv/DetachLink_Request.msg\n'}
[0.505159] (linkattacher_msgs) StdoutLine: {'line': b'-- Up-to-date: /home/ibrahim/BinPicking/install/linkattacher_msgs/share/linkattacher_msgs/srv/DetachLink_Response.msg\n'}
[0.505193] (linkattacher_msgs) StdoutLine: {'line': b'-- Up-to-date: /home/ibrahim/BinPicking/install/linkattacher_msgs/share/ament_index/resource_index/package_run_dependencies/linkattacher_msgs\n'}
[0.505225] (linkattacher_msgs) StdoutLine: {'line': b'-- Up-to-date: /home/ibrahim/BinPicking/install/linkattacher_msgs/share/ament_index/resource_index/parent_prefix_path/linkattacher_msgs\n'}
[0.505254] (linkattacher_msgs) StdoutLine: {'line': b'-- Up-to-date: /home/ibrahim/BinPicking/install/linkattacher_msgs/share/linkattacher_msgs/environment/ament_prefix_path.sh\n'}
[0.505283] (linkattacher_msgs) StdoutLine: {'line': b'-- Up-to-date: /home/ibrahim/BinPicking/install/linkattacher_msgs/share/linkattacher_msgs/environment/ament_prefix_path.dsv\n'}
[0.505318] (linkattacher_msgs) StdoutLine: {'line': b'-- Up-to-date: /home/ibrahim/BinPicking/install/linkattacher_msgs/share/linkattacher_msgs/environment/path.sh\n'}
[0.505346] (linkattacher_msgs) StdoutLine: {'line': b'-- Up-to-date: /home/ibrahim/BinPicking/install/linkattacher_msgs/share/linkattacher_msgs/environment/path.dsv\n'}
[0.505378] (linkattacher_msgs) StdoutLine: {'line': b'-- Up-to-date: /home/ibrahim/BinPicking/install/linkattacher_msgs/share/linkattacher_msgs/local_setup.bash\n'}
[0.505406] (linkattacher_msgs) StdoutLine: {'line': b'-- Up-to-date: /home/ibrahim/BinPicking/install/linkattacher_msgs/share/linkattacher_msgs/local_setup.sh\n'}
[0.505436] (linkattacher_msgs) StdoutLine: {'line': b'-- Up-to-date: /home/ibrahim/BinPicking/install/linkattacher_msgs/share/linkattacher_msgs/local_setup.zsh\n'}
[0.505473] (linkattacher_msgs) StdoutLine: {'line': b'-- Up-to-date: /home/ibrahim/BinPicking/install/linkattacher_msgs/share/linkattacher_msgs/local_setup.dsv\n'}
[0.505504] (linkattacher_msgs) StdoutLine: {'line': b'-- Installing: /home/ibrahim/BinPicking/install/linkattacher_msgs/share/linkattacher_msgs/package.dsv\n'}
[0.505592] (linkattacher_msgs) StdoutLine: {'line': b'-- Up-to-date: /home/ibrahim/BinPicking/install/linkattacher_msgs/share/ament_index/resource_index/packages/linkattacher_msgs\n'}
[0.505873] (linkattacher_msgs) StdoutLine: {'line': b'-- Up-to-date: /home/ibrahim/BinPicking/install/linkattacher_msgs/share/linkattacher_msgs/cmake/export_linkattacher_msgs__rosidl_generator_cExport.cmake\n'}
[0.506028] (linkattacher_msgs) StdoutLine: {'line': b'-- Up-to-date: /home/ibrahim/BinPicking/install/linkattacher_msgs/share/linkattacher_msgs/cmake/export_linkattacher_msgs__rosidl_generator_cExport-noconfig.cmake\n'}
[0.506491] (linkattacher_msgs) StdoutLine: {'line': b'-- Up-to-date: /home/ibrahim/BinPicking/install/linkattacher_msgs/share/linkattacher_msgs/cmake/export_linkattacher_msgs__rosidl_typesupport_fastrtps_cExport.cmake\n'}
[0.506754] (linkattacher_msgs) StdoutLine: {'line': b'-- Up-to-date: /home/ibrahim/BinPicking/install/linkattacher_msgs/share/linkattacher_msgs/cmake/export_linkattacher_msgs__rosidl_typesupport_fastrtps_cExport-noconfig.cmake\n'}
[0.506936] (linkattacher_msgs) StdoutLine: {'line': b'-- Up-to-date: /home/ibrahim/BinPicking/install/linkattacher_msgs/share/linkattacher_msgs/cmake/linkattacher_msgs__rosidl_typesupport_introspection_cExport.cmake\n'}
[0.507107] (linkattacher_msgs) StdoutLine: {'line': b'-- Up-to-date: /home/ibrahim/BinPicking/install/linkattacher_msgs/share/linkattacher_msgs/cmake/linkattacher_msgs__rosidl_typesupport_introspection_cExport-noconfig.cmake\n'}
[0.507329] (linkattacher_msgs) StdoutLine: {'line': b'-- Up-to-date: /home/ibrahim/BinPicking/install/linkattacher_msgs/share/linkattacher_msgs/cmake/linkattacher_msgs__rosidl_typesupport_cExport.cmake\n'}
[0.507528] (linkattacher_msgs) StdoutLine: {'line': b'-- Up-to-date: /home/ibrahim/BinPicking/install/linkattacher_msgs/share/linkattacher_msgs/cmake/linkattacher_msgs__rosidl_typesupport_cExport-noconfig.cmake\n'}
[0.507685] (linkattacher_msgs) StdoutLine: {'line': b'-- Up-to-date: /home/ibrahim/BinPicking/install/linkattacher_msgs/share/linkattacher_msgs/cmake/export_linkattacher_msgs__rosidl_generator_cppExport.cmake\n'}
[0.508018] (linkattacher_msgs) StdoutLine: {'line': b'-- Up-to-date: /home/ibrahim/BinPicking/install/linkattacher_msgs/share/linkattacher_msgs/cmake/export_linkattacher_msgs__rosidl_typesupport_fastrtps_cppExport.cmake\n'}
[0.508218] (linkattacher_msgs) StdoutLine: {'line': b'-- Up-to-date: /home/ibrahim/BinPicking/install/linkattacher_msgs/share/linkattacher_msgs/cmake/export_linkattacher_msgs__rosidl_typesupport_fastrtps_cppExport-noconfig.cmake\n'}
[0.508603] (linkattacher_msgs) StdoutLine: {'line': b'-- Up-to-date: /home/ibrahim/BinPicking/install/linkattacher_msgs/share/linkattacher_msgs/cmake/linkattacher_msgs__rosidl_typesupport_introspection_cppExport.cmake\n'}
[0.508795] (linkattacher_msgs) StdoutLine: {'line': b'-- Up-to-date: /home/ibrahim/BinPicking/install/linkattacher_msgs/share/linkattacher_msgs/cmake/linkattacher_msgs__rosidl_typesupport_introspection_cppExport-noconfig.cmake\n'}
[0.509032] (linkattacher_msgs) StdoutLine: {'line': b'-- Up-to-date: /home/ibrahim/BinPicking/install/linkattacher_msgs/share/linkattacher_msgs/cmake/linkattacher_msgs__rosidl_typesupport_cppExport.cmake\n'}
[0.509224] (linkattacher_msgs) StdoutLine: {'line': b'-- Up-to-date: /home/ibrahim/BinPicking/install/linkattacher_msgs/share/linkattacher_msgs/cmake/linkattacher_msgs__rosidl_typesupport_cppExport-noconfig.cmake\n'}
[0.509550] (linkattacher_msgs) StdoutLine: {'line': b'-- Up-to-date: /home/ibrahim/BinPicking/install/linkattacher_msgs/share/linkattacher_msgs/cmake/export_linkattacher_msgs__rosidl_generator_pyExport.cmake\n'}
[0.509678] (linkattacher_msgs) StdoutLine: {'line': b'-- Up-to-date: /home/ibrahim/BinPicking/install/linkattacher_msgs/share/linkattacher_msgs/cmake/export_linkattacher_msgs__rosidl_generator_pyExport-noconfig.cmake\n'}
[0.509825] (linkattacher_msgs) StdoutLine: {'line': b'-- Up-to-date: /home/ibrahim/BinPicking/install/linkattacher_msgs/share/linkattacher_msgs/cmake/rosidl_cmake-extras.cmake\n'}
[0.509964] (linkattacher_msgs) StdoutLine: {'line': b'-- Up-to-date: /home/ibrahim/BinPicking/install/linkattacher_msgs/share/linkattacher_msgs/cmake/ament_cmake_export_include_directories-extras.cmake\n'}
[0.510135] (linkattacher_msgs) StdoutLine: {'line': b'-- Up-to-date: /home/ibrahim/BinPicking/install/linkattacher_msgs/share/linkattacher_msgs/cmake/ament_cmake_export_libraries-extras.cmake\n'}
[0.510279] (linkattacher_msgs) StdoutLine: {'line': b'-- Up-to-date: /home/ibrahim/BinPicking/install/linkattacher_msgs/share/linkattacher_msgs/cmake/ament_cmake_export_targets-extras.cmake\n'}
[0.510469] (linkattacher_msgs) StdoutLine: {'line': b'-- Up-to-date: /home/ibrahim/BinPicking/install/linkattacher_msgs/share/linkattacher_msgs/cmake/rosidl_cmake_export_typesupport_targets-extras.cmake\n'}
[0.510675] (linkattacher_msgs) StdoutLine: {'line': b'-- Up-to-date: /home/ibrahim/BinPicking/install/linkattacher_msgs/share/linkattacher_msgs/cmake/ament_cmake_export_dependencies-extras.cmake\n'}
[0.510787] (linkattacher_msgs) StdoutLine: {'line': b'-- Up-to-date: /home/ibrahim/BinPicking/install/linkattacher_msgs/share/linkattacher_msgs/cmake/rosidl_cmake_export_typesupport_libraries-extras.cmake\n'}
[0.510903] (linkattacher_msgs) StdoutLine: {'line': b'-- Up-to-date: /home/ibrahim/BinPicking/install/linkattacher_msgs/share/linkattacher_msgs/cmake/linkattacher_msgsConfig.cmake\n'}
[0.511073] (linkattacher_msgs) StdoutLine: {'line': b'-- Up-to-date: /home/ibrahim/BinPicking/install/linkattacher_msgs/share/linkattacher_msgs/cmake/linkattacher_msgsConfig-version.cmake\n'}
[0.511124] (linkattacher_msgs) StdoutLine: {'line': b'-- Up-to-date: /home/ibrahim/BinPicking/install/linkattacher_msgs/share/linkattacher_msgs/package.xml\n'}
[0.514476] (linkattacher_msgs) CommandEnded: {'returncode': 0}
[0.537490] (linkattacher_msgs) JobEnded: {'identifier': 'linkattacher_msgs', 'rc': 0}
[0.539447] (bin_nodes) JobStarted: {'identifier': 'bin_nodes'}
[0.545331] (ros2_linkattacher) JobStarted: {'identifier': 'ros2_linkattacher'}
[0.599724] (-) TimerEvent: {}
[0.623016] (bin_nodes) JobProgress: {'identifier': 'bin_nodes', 'progress': 'cmake'}
[0.624612] (bin_nodes) JobProgress: {'identifier': 'bin_nodes', 'progress': 'build'}
[0.625042] (bin_nodes) Command: {'cmd': ['/usr/bin/cmake', '--build', '/home/ibrahim/BinPicking/build/bin_nodes', '--', '-j16', '-l16'], 'cwd': '/home/ibrahim/BinPicking/build/bin_nodes', 'env': OrderedDict([('PYTHON_BASIC_REPL', '1'), ('LESSOPEN', '| /usr/bin/lesspipe %s'), ('USER', 'ibrahim'), ('GIT_ASKPASS', '/home/ibrahim/.vscode-server/bin/7e7950df89d055b5a378379db9ee14290772148a/extensions/git/dist/askpass.sh'), ('SHLVL', '1'), ('LD_LIBRARY_PATH', '/home/ibrahim/BinPicking/install/linkattacher_msgs/lib:/home/ibrahim/BinPicking/install/ros2_linkattacher/lib:/home/ibrahim/RobotArmExpanded/install/action_interfaces/lib:/home/ibrahim/RobotArm/install/action_interfaces/lib:/home/ibrahim/RobotNav/install/action_interfaces/lib:/home/ibrahim/ros2_ws/install/action_interfaces/lib:/usr/lib/x86_64-linux-gnu/gazebo-11/plugins:/opt/ros/humble/opt/rviz_ogre_vendor/lib:/opt/ros/humble/lib/x86_64-linux-gnu:/opt/ros/humble/lib'), ('HOME', '/home/ibrahim'), ('OLDPWD', '/home/ibrahim/BinPicking/src'), ('TERM_PROGRAM_VERSION', '1.126.0'), ('VSCODE_IPC_HOOK_CLI', '/run/user/1000/vscode-ipc-526a32f8-c8d3-4116-acd1-62ce41b7aaf8.sock'), ('ROS_PYTHON_VERSION', '3'), ('VSCODE_GIT_ASKPASS_MAIN', '/home/ibrahim/.vscode-server/bin/7e7950df89d055b5a378379db9ee14290772148a/extensions/git/dist/askpass-main.js'), ('VSCODE_GIT_ASKPASS_NODE', '/home/ibrahim/.vscode-server/bin/7e7950df89d055b5a378379db9ee14290772148a/node'), ('PYDEVD_DISABLE_FILE_VALIDATION', '1'), ('BUNDLED_DEBUGPY_PATH', '/home/ibrahim/.vscode-server/extensions/ms-python.debugpy-2026.6.0-linux-x64/bundled/libs/debugpy'), ('VSCODE_PYTHON_AUTOACTIVATE_GUARD', '1'), ('DBUS_SESSION_BUS_ADDRESS', 'unix:path=/run/user/1000/bus'), ('COLORTERM', 'truecolor'), ('WSL_DISTRO_NAME', 'Ubuntu-22.04'), ('WAYLAND_DISPLAY', 'wayland-0'), ('COLCON_PREFIX_PATH', '/home/ibrahim/BinPicking/install:/home/ibrahim/MoveItArm/install:/home/ibrahim/RobotArmExpanded/install:/home/ibrahim/RobotArm/install:/home/ibrahim/TF2Sample/install:/home/ibrahim/RobotNav/install:/home/ibrahim/RobotMonitor/install:/home/ibrahim/ros2_ws/install'), ('ROS_DISTRO', 'humble'), ('LOGNAME', 'ibrahim'), ('NAME', 'Ibrahim-laptop'), ('WSL_INTEROP', '/run/WSL/411_interop'), ('PULSE_SERVER', 'unix:/mnt/wslg/PulseServer'), ('_', '/usr/bin/colcon'), ('ROS_VERSION', '2'), ('CLAUDE_CODE_SSE_PORT', '29659'), ('TERM', 'xterm-256color'), ('ROS_LOCALHOST_ONLY', '0'), ('PATH', '/home/ibrahim/.vscode-server/data/User/globalStorage/github.copilot-chat/debugCommand:/home/ibrahim/.vscode-server/data/User/globalStorage/github.copilot-chat/copilotCli:/home/ibrahim/.vscode-server/bin/7e7950df89d055b5a378379db9ee14290772148a/bin/remote-cli:/opt/ros/humble/bin:/usr/local/sbin:/usr/local/bin:/usr/sbin:/usr/bin:/sbin:/bin:/usr/games:/usr/local/games:/usr/lib/wsl/lib:/mnt/c/Windows/system32:/mnt/c/Windows:/mnt/c/Windows/System32/Wbem:/mnt/c/Windows/System32/WindowsPowerShell/v1.0/:/mnt/c/Windows/System32/OpenSSH/:/mnt/c/Program Files (x86)/NVIDIA Corporation/PhysX/Common:/mnt/c/Program Files/NVIDIA Corporation/NVIDIA App/NvDLISR:/mnt/c/Program Files/dotnet/:/mnt/c/Program Files/nodejs/:/mnt/c/Program Files/Git/cmd:/mnt/c/Program Files/PostgreSQL/18/bin:/mnt/c/Users/zanto/.local/bin:/mnt/c/Program Files/Docker/Docker/resources/bin:/mnt/c/Program Files/GitHub CLI/:/mnt/c/Users/zanto/AppData/Local/Programs/Python/Python312/Scripts/:/mnt/c/Users/zanto/AppData/Local/Programs/Python/Python312/:/mnt/c/Users/zanto/AppData/Local/Programs/Python/Python314/Scripts/:/mnt/c/Users/zanto/AppData/Local/Programs/Python/Python314/:/mnt/c/Users/zanto/AppData/Local/Microsoft/WindowsApps:/mnt/c/Users/zanto/AppData/Local/Programs/Microsoft VS Code/bin:/mnt/c/Users/zanto/AppData/Local/Programs/Ollama:/mnt/c/Users/zanto/AppData/Roaming/npm:/mnt/c/msys64/ucrt64/bin:/snap/bin:/home/ibrahim/.vscode-server/extensions/ms-python.debugpy-2026.6.0-linux-x64/bundled/scripts/noConfigScripts'), ('XDG_RUNTIME_DIR', '/run/user/1000/'), ('DISPLAY', ':0'), ('VSCODE_DEBUGPY_ADAPTER_ENDPOINTS', '/home/ibrahim/.vscode-server/extensions/ms-python.debugpy-2026.6.0-linux-x64/.noConfigDebugAdapterEndpoints/endpoint-b4e1a109d7f98f28.txt'), ('LANG', 'C.UTF-8'), ('PYTHONSTARTUP', '/home/ibrahim/.vscode-server/data/User/workspaceStorage/53d6af783f54596ecf064b03d33c69c7/ms-python.python/pythonrc.py'), ('RMW_IMPLEMENTATION', 'rmw_cyclonedds_cpp'), ('LS_COLORS', 'rs=0:di=01;34:ln=01;36:mh=00:pi=40;33:so=01;35:do=01;35:bd=40;33;01:cd=40;33;01:or=40;31;01:mi=00:su=37;41:sg=30;43:ca=30;41:tw=30;42:ow=34;42:st=37;44:ex=01;32:*.tar=01;31:*.tgz=01;31:*.arc=01;31:*.arj=01;31:*.taz=01;31:*.lha=01;31:*.lz4=01;31:*.lzh=01;31:*.lzma=01;31:*.tlz=01;31:*.txz=01;31:*.tzo=01;31:*.t7z=01;31:*.zip=01;31:*.z=01;31:*.dz=01;31:*.gz=01;31:*.lrz=01;31:*.lz=01;31:*.lzo=01;31:*.xz=01;31:*.zst=01;31:*.tzst=01;31:*.bz2=01;31:*.bz=01;31:*.tbz=01;31:*.tbz2=01;31:*.tz=01;31:*.deb=01;31:*.rpm=01;31:*.jar=01;31:*.war=01;31:*.ear=01;31:*.sar=01;31:*.rar=01;31:*.alz=01;31:*.ace=01;31:*.zoo=01;31:*.cpio=01;31:*.7z=01;31:*.rz=01;31:*.cab=01;31:*.wim=01;31:*.swm=01;31:*.dwm=01;31:*.esd=01;31:*.jpg=01;35:*.jpeg=01;35:*.mjpg=01;35:*.mjpeg=01;35:*.gif=01;35:*.bmp=01;35:*.pbm=01;35:*.pgm=01;35:*.ppm=01;35:*.tga=01;35:*.xbm=01;35:*.xpm=01;35:*.tif=01;35:*.tiff=01;35:*.png=01;35:*.svg=01;35:*.svgz=01;35:*.mng=01;35:*.pcx=01;35:*.mov=01;35:*.mpg=01;35:*.mpeg=01;35:*.m2v=01;35:*.mkv=01;35:*.webm=01;35:*.webp=01;35:*.ogm=01;35:*.mp4=01;35:*.m4v=01;35:*.mp4v=01;35:*.vob=01;35:*.qt=01;35:*.nuv=01;35:*.wmv=01;35:*.asf=01;35:*.rm=01;35:*.rmvb=01;35:*.flc=01;35:*.avi=01;35:*.fli=01;35:*.flv=01;35:*.gl=01;35:*.dl=01;35:*.xcf=01;35:*.xwd=01;35:*.yuv=01;35:*.cgm=01;35:*.emf=01;35:*.ogv=01;35:*.ogx=01;35:*.aac=00;36:*.au=00;36:*.flac=00;36:*.m4a=00;36:*.mid=00;36:*.midi=00;36:*.mka=00;36:*.mp3=00;36:*.mpc=00;36:*.ogg=00;36:*.ra=00;36:*.wav=00;36:*.oga=00;36:*.opus=00;36:*.spx=00;36:*.xspf=00;36:'), ('VSCODE_GIT_IPC_HANDLE', '/run/user/1000/vscode-git-6e1624529d.sock'), ('TERM_PROGRAM', 'vscode'), ('ROS_DOMAIN_ID', '10'), ('AMENT_PREFIX_PATH', '/home/ibrahim/BinPicking/install/ros2_linkattacher:/home/ibrahim/BinPicking/install/moveit_config:/home/ibrahim/BinPicking/install/linkattacher_msgs:/home/ibrahim/BinPicking/install/bin_nodes:/home/ibrahim/RobotArmExpanded/install/main_arm_package:/home/ibrahim/RobotArmExpanded/install/action_interfaces:/home/ibrahim/MoveItArm/install/moveit_config:/home/ibrahim/MoveItArm/install/moveit_arm_package:/home/ibrahim/RobotArm/install/main_arm_package:/home/ibrahim/RobotArm/install/action_interfaces:/home/ibrahim/TF2Sample/install/tf2sim:/home/ibrahim/RobotNav/install/main_robot_nodes:/home/ibrahim/RobotNav/install/action_interfaces:/home/ibrahim/RobotMonitor/install/Robot3Node_Package:/home/ibrahim/ros2_ws/install/my_first_package:/home/ibrahim/ros2_ws/install/action_interfaces:/opt/ros/humble'), ('SHELL', '/bin/bash'), ('LESSCLOSE', '/usr/bin/lesspipe %s %s'), ('VSCODE_GIT_ASKPASS_EXTRA_ARGS', ''), ('PWD', '/home/ibrahim/BinPicking/build/bin_nodes'), ('COPILOT_DEBUG_NONCE', 'd05f4ba8ec07642c4df8354ff840a334'), ('XDG_DATA_DIRS', '/usr/local/share:/usr/share:/var/lib/snapd/desktop'), ('PYTHONPATH', '/home/ibrahim/BinPicking/install/linkattacher_msgs/local/lib/python3.10/dist-packages:/home/ibrahim/RobotArmExpanded/install/action_interfaces/local/lib/python3.10/dist-packages:/home/ibrahim/RobotArm/install/action_interfaces/local/lib/python3.10/dist-packages:/home/ibrahim/RobotNav/install/action_interfaces/local/lib/python3.10/dist-packages:/home/ibrahim/ros2_ws/install/action_interfaces/local/lib/python3.10/dist-packages:/opt/ros/humble/lib/python3.10/site-packages:/opt/ros/humble/local/lib/python3.10/dist-packages'), ('COLCON', '1'), ('WSL2_GUI_APPS_ENABLED', '1'), ('HOSTTYPE', 'x86_64'), ('CMAKE_PREFIX_PATH', '/home/ibrahim/BinPicking/install/linkattacher_msgs:/home/ibrahim/BinPicking/install/ros2_linkattacher:/home/ibrahim/BinPicking/install/moveit_config:/home/ibrahim/BinPicking/install/bin_nodes:/home/ibrahim/RobotArmExpanded/install/main_arm_package:/home/ibrahim/RobotArmExpanded/install/action_interfaces:/home/ibrahim/MoveItArm/install/moveit_config:/home/ibrahim/MoveItArm/install/moveit_arm_package:/home/ibrahim/TF2Sample/install/tf2sim:/home/ibrahim/RobotNav/install/main_robot_nodes:/home/ibrahim/RobotNav/install/action_interfaces:/home/ibrahim/RobotMonitor/install/Robot3Node_Package:/home/ibrahim/ros2_ws/install/my_first_package:/home/ibrahim/ros2_ws/install/action_interfaces:/home/ibrahim/RobotArm/install/main_arm_package:/home/ibrahim/RobotArm/install/action_interfaces:/opt/ros/humble'), ('WSLENV', 'VSCODE_WSL_EXT_LOCATION/up')]), 'shell': False}
[0.628803] (ros2_linkattacher) JobProgress: {'identifier': 'ros2_linkattacher', 'progress': 'cmake'}
[0.631137] (ros2_linkattacher) JobProgress: {'identifier': 'ros2_linkattacher', 'progress': 'build'}
[0.632478] (ros2_linkattacher) Command: {'cmd': ['/usr/bin/cmake', '--build', '/home/ibrahim/BinPicking/build/ros2_linkattacher', '--', '-j16', '-l16'], 'cwd': '/home/ibrahim/BinPicking/build/ros2_linkattacher', 'env': OrderedDict([('PYTHON_BASIC_REPL', '1'), ('LESSOPEN', '| /usr/bin/lesspipe %s'), ('USER', 'ibrahim'), ('GIT_ASKPASS', '/home/ibrahim/.vscode-server/bin/7e7950df89d055b5a378379db9ee14290772148a/extensions/git/dist/askpass.sh'), ('SHLVL', '1'), ('LD_LIBRARY_PATH', '/home/ibrahim/BinPicking/install/linkattacher_msgs/lib:/home/ibrahim/BinPicking/install/ros2_linkattacher/lib:/home/ibrahim/RobotArmExpanded/install/action_interfaces/lib:/home/ibrahim/RobotArm/install/action_interfaces/lib:/home/ibrahim/RobotNav/install/action_interfaces/lib:/home/ibrahim/ros2_ws/install/action_interfaces/lib:/usr/lib/x86_64-linux-gnu/gazebo-11/plugins:/opt/ros/humble/opt/rviz_ogre_vendor/lib:/opt/ros/humble/lib/x86_64-linux-gnu:/opt/ros/humble/lib'), ('HOME', '/home/ibrahim'), ('OLDPWD', '/home/ibrahim/BinPicking/src'), ('TERM_PROGRAM_VERSION', '1.126.0'), ('VSCODE_IPC_HOOK_CLI', '/run/user/1000/vscode-ipc-526a32f8-c8d3-4116-acd1-62ce41b7aaf8.sock'), ('ROS_PYTHON_VERSION', '3'), ('VSCODE_GIT_ASKPASS_MAIN', '/home/ibrahim/.vscode-server/bin/7e7950df89d055b5a378379db9ee14290772148a/extensions/git/dist/askpass-main.js'), ('VSCODE_GIT_ASKPASS_NODE', '/home/ibrahim/.vscode-server/bin/7e7950df89d055b5a378379db9ee14290772148a/node'), ('PYDEVD_DISABLE_FILE_VALIDATION', '1'), ('BUNDLED_DEBUGPY_PATH', '/home/ibrahim/.vscode-server/extensions/ms-python.debugpy-2026.6.0-linux-x64/bundled/libs/debugpy'), ('VSCODE_PYTHON_AUTOACTIVATE_GUARD', '1'), ('DBUS_SESSION_BUS_ADDRESS', 'unix:path=/run/user/1000/bus'), ('COLORTERM', 'truecolor'), ('WSL_DISTRO_NAME', 'Ubuntu-22.04'), ('WAYLAND_DISPLAY', 'wayland-0'), ('COLCON_PREFIX_PATH', '/home/ibrahim/BinPicking/install:/home/ibrahim/MoveItArm/install:/home/ibrahim/RobotArmExpanded/install:/home/ibrahim/RobotArm/install:/home/ibrahim/TF2Sample/install:/home/ibrahim/RobotNav/install:/home/ibrahim/RobotMonitor/install:/home/ibrahim/ros2_ws/install'), ('ROS_DISTRO', 'humble'), ('LOGNAME', 'ibrahim'), ('NAME', 'Ibrahim-laptop'), ('WSL_INTEROP', '/run/WSL/411_interop'), ('PULSE_SERVER', 'unix:/mnt/wslg/PulseServer'), ('_', '/usr/bin/colcon'), ('ROS_VERSION', '2'), ('CLAUDE_CODE_SSE_PORT', '29659'), ('TERM', 'xterm-256color'), ('ROS_LOCALHOST_ONLY', '0'), ('PATH', '/home/ibrahim/.vscode-server/data/User/globalStorage/github.copilot-chat/debugCommand:/home/ibrahim/.vscode-server/data/User/globalStorage/github.copilot-chat/copilotCli:/home/ibrahim/.vscode-server/bin/7e7950df89d055b5a378379db9ee14290772148a/bin/remote-cli:/opt/ros/humble/bin:/usr/local/sbin:/usr/local/bin:/usr/sbin:/usr/bin:/sbin:/bin:/usr/games:/usr/local/games:/usr/lib/wsl/lib:/mnt/c/Windows/system32:/mnt/c/Windows:/mnt/c/Windows/System32/Wbem:/mnt/c/Windows/System32/WindowsPowerShell/v1.0/:/mnt/c/Windows/System32/OpenSSH/:/mnt/c/Program Files (x86)/NVIDIA Corporation/PhysX/Common:/mnt/c/Program Files/NVIDIA Corporation/NVIDIA App/NvDLISR:/mnt/c/Program Files/dotnet/:/mnt/c/Program Files/nodejs/:/mnt/c/Program Files/Git/cmd:/mnt/c/Program Files/PostgreSQL/18/bin:/mnt/c/Users/zanto/.local/bin:/mnt/c/Program Files/Docker/Docker/resources/bin:/mnt/c/Program Files/GitHub CLI/:/mnt/c/Users/zanto/AppData/Local/Programs/Python/Python312/Scripts/:/mnt/c/Users/zanto/AppData/Local/Programs/Python/Python312/:/mnt/c/Users/zanto/AppData/Local/Programs/Python/Python314/Scripts/:/mnt/c/Users/zanto/AppData/Local/Programs/Python/Python314/:/mnt/c/Users/zanto/AppData/Local/Microsoft/WindowsApps:/mnt/c/Users/zanto/AppData/Local/Programs/Microsoft VS Code/bin:/mnt/c/Users/zanto/AppData/Local/Programs/Ollama:/mnt/c/Users/zanto/AppData/Roaming/npm:/mnt/c/msys64/ucrt64/bin:/snap/bin:/home/ibrahim/.vscode-server/extensions/ms-python.debugpy-2026.6.0-linux-x64/bundled/scripts/noConfigScripts'), ('XDG_RUNTIME_DIR', '/run/user/1000/'), ('DISPLAY', ':0'), ('VSCODE_DEBUGPY_ADAPTER_ENDPOINTS', '/home/ibrahim/.vscode-server/extensions/ms-python.debugpy-2026.6.0-linux-x64/.noConfigDebugAdapterEndpoints/endpoint-b4e1a109d7f98f28.txt'), ('LANG', 'C.UTF-8'), ('PYTHONSTARTUP', '/home/ibrahim/.vscode-server/data/User/workspaceStorage/53d6af783f54596ecf064b03d33c69c7/ms-python.python/pythonrc.py'), ('RMW_IMPLEMENTATION', 'rmw_cyclonedds_cpp'), ('LS_COLORS', 'rs=0:di=01;34:ln=01;36:mh=00:pi=40;33:so=01;35:do=01;35:bd=40;33;01:cd=40;33;01:or=40;31;01:mi=00:su=37;41:sg=30;43:ca=30;41:tw=30;42:ow=34;42:st=37;44:ex=01;32:*.tar=01;31:*.tgz=01;31:*.arc=01;31:*.arj=01;31:*.taz=01;31:*.lha=01;31:*.lz4=01;31:*.lzh=01;31:*.lzma=01;31:*.tlz=01;31:*.txz=01;31:*.tzo=01;31:*.t7z=01;31:*.zip=01;31:*.z=01;31:*.dz=01;31:*.gz=01;31:*.lrz=01;31:*.lz=01;31:*.lzo=01;31:*.xz=01;31:*.zst=01;31:*.tzst=01;31:*.bz2=01;31:*.bz=01;31:*.tbz=01;31:*.tbz2=01;31:*.tz=01;31:*.deb=01;31:*.rpm=01;31:*.jar=01;31:*.war=01;31:*.ear=01;31:*.sar=01;31:*.rar=01;31:*.alz=01;31:*.ace=01;31:*.zoo=01;31:*.cpio=01;31:*.7z=01;31:*.rz=01;31:*.cab=01;31:*.wim=01;31:*.swm=01;31:*.dwm=01;31:*.esd=01;31:*.jpg=01;35:*.jpeg=01;35:*.mjpg=01;35:*.mjpeg=01;35:*.gif=01;35:*.bmp=01;35:*.pbm=01;35:*.pgm=01;35:*.ppm=01;35:*.tga=01;35:*.xbm=01;35:*.xpm=01;35:*.tif=01;35:*.tiff=01;35:*.png=01;35:*.svg=01;35:*.svgz=01;35:*.mng=01;35:*.pcx=01;35:*.mov=01;35:*.mpg=01;35:*.mpeg=01;35:*.m2v=01;35:*.mkv=01;35:*.webm=01;35:*.webp=01;35:*.ogm=01;35:*.mp4=01;35:*.m4v=01;35:*.mp4v=01;35:*.vob=01;35:*.qt=01;35:*.nuv=01;35:*.wmv=01;35:*.asf=01;35:*.rm=01;35:*.rmvb=01;35:*.flc=01;35:*.avi=01;35:*.fli=01;35:*.flv=01;35:*.gl=01;35:*.dl=01;35:*.xcf=01;35:*.xwd=01;35:*.yuv=01;35:*.cgm=01;35:*.emf=01;35:*.ogv=01;35:*.ogx=01;35:*.aac=00;36:*.au=00;36:*.flac=00;36:*.m4a=00;36:*.mid=00;36:*.midi=00;36:*.mka=00;36:*.mp3=00;36:*.mpc=00;36:*.ogg=00;36:*.ra=00;36:*.wav=00;36:*.oga=00;36:*.opus=00;36:*.spx=00;36:*.xspf=00;36:'), ('VSCODE_GIT_IPC_HANDLE', '/run/user/1000/vscode-git-6e1624529d.sock'), ('TERM_PROGRAM', 'vscode'), ('ROS_DOMAIN_ID', '10'), ('AMENT_PREFIX_PATH', '/home/ibrahim/BinPicking/install/ros2_linkattacher:/home/ibrahim/BinPicking/install/moveit_config:/home/ibrahim/BinPicking/install/linkattacher_msgs:/home/ibrahim/BinPicking/install/bin_nodes:/home/ibrahim/RobotArmExpanded/install/main_arm_package:/home/ibrahim/RobotArmExpanded/install/action_interfaces:/home/ibrahim/MoveItArm/install/moveit_config:/home/ibrahim/MoveItArm/install/moveit_arm_package:/home/ibrahim/RobotArm/install/main_arm_package:/home/ibrahim/RobotArm/install/action_interfaces:/home/ibrahim/TF2Sample/install/tf2sim:/home/ibrahim/RobotNav/install/main_robot_nodes:/home/ibrahim/RobotNav/install/action_interfaces:/home/ibrahim/RobotMonitor/install/Robot3Node_Package:/home/ibrahim/ros2_ws/install/my_first_package:/home/ibrahim/ros2_ws/install/action_interfaces:/opt/ros/humble'), ('SHELL', '/bin/bash'), ('LESSCLOSE', '/usr/bin/lesspipe %s %s'), ('VSCODE_GIT_ASKPASS_EXTRA_ARGS', ''), ('PWD', '/home/ibrahim/BinPicking/build/ros2_linkattacher'), ('COPILOT_DEBUG_NONCE', 'd05f4ba8ec07642c4df8354ff840a334'), ('XDG_DATA_DIRS', '/usr/local/share:/usr/share:/var/lib/snapd/desktop'), ('PYTHONPATH', '/home/ibrahim/BinPicking/install/linkattacher_msgs/local/lib/python3.10/dist-packages:/home/ibrahim/RobotArmExpanded/install/action_interfaces/local/lib/python3.10/dist-packages:/home/ibrahim/RobotArm/install/action_interfaces/local/lib/python3.10/dist-packages:/home/ibrahim/RobotNav/install/action_interfaces/local/lib/python3.10/dist-packages:/home/ibrahim/ros2_ws/install/action_interfaces/local/lib/python3.10/dist-packages:/opt/ros/humble/lib/python3.10/site-packages:/opt/ros/humble/local/lib/python3.10/dist-packages'), ('COLCON', '1'), ('WSL2_GUI_APPS_ENABLED', '1'), ('HOSTTYPE', 'x86_64'), ('CMAKE_PREFIX_PATH', '/home/ibrahim/BinPicking/install/linkattacher_msgs:/home/ibrahim/BinPicking/install/ros2_linkattacher:/home/ibrahim/BinPicking/install/moveit_config:/home/ibrahim/BinPicking/install/bin_nodes:/home/ibrahim/RobotArmExpanded/install/main_arm_package:/home/ibrahim/RobotArmExpanded/install/action_interfaces:/home/ibrahim/MoveItArm/install/moveit_config:/home/ibrahim/MoveItArm/install/moveit_arm_package:/home/ibrahim/TF2Sample/install/tf2sim:/home/ibrahim/RobotNav/install/main_robot_nodes:/home/ibrahim/RobotNav/install/action_interfaces:/home/ibrahim/RobotMonitor/install/Robot3Node_Package:/home/ibrahim/ros2_ws/install/my_first_package:/home/ibrahim/ros2_ws/install/action_interfaces:/home/ibrahim/RobotArm/install/main_arm_package:/home/ibrahim/RobotArm/install/action_interfaces:/opt/ros/humble'), ('WSLENV', 'VSCODE_WSL_EXT_LOCATION/up')]), 'shell': False}
[0.699862] (-) TimerEvent: {}
[0.700700] (bin_nodes) StdoutLine: {'line': b'\x1b[35m\x1b[1mConsolidate compiler generated dependencies of target pick_and_place_fixed\x1b[0m\n'}
[0.732077] (bin_nodes) StdoutLine: {'line': b'[ 50%] Built target MoveArm\n'}
[0.736235] (bin_nodes) StdoutLine: {'line': b'[ 75%] \x1b[32mBuilding CXX object CMakeFiles/pick_and_place_fixed.dir/src/pick_and_place_fixed.cpp.o\x1b[0m\n'}
[0.765480] (ros2_linkattacher) StdoutLine: {'line': b'[100%] Built target gazebo_link_attacher\n'}
[0.783946] (ros2_linkattacher) CommandEnded: {'returncode': 0}
[0.785049] (ros2_linkattacher) JobProgress: {'identifier': 'ros2_linkattacher', 'progress': 'install'}
[0.786141] (ros2_linkattacher) Command: {'cmd': ['/usr/bin/cmake', '--install', '/home/ibrahim/BinPicking/build/ros2_linkattacher'], 'cwd': '/home/ibrahim/BinPicking/build/ros2_linkattacher', 'env': OrderedDict([('PYTHON_BASIC_REPL', '1'), ('LESSOPEN', '| /usr/bin/lesspipe %s'), ('USER', 'ibrahim'), ('GIT_ASKPASS', '/home/ibrahim/.vscode-server/bin/7e7950df89d055b5a378379db9ee14290772148a/extensions/git/dist/askpass.sh'), ('SHLVL', '1'), ('LD_LIBRARY_PATH', '/home/ibrahim/BinPicking/install/linkattacher_msgs/lib:/home/ibrahim/BinPicking/install/ros2_linkattacher/lib:/home/ibrahim/RobotArmExpanded/install/action_interfaces/lib:/home/ibrahim/RobotArm/install/action_interfaces/lib:/home/ibrahim/RobotNav/install/action_interfaces/lib:/home/ibrahim/ros2_ws/install/action_interfaces/lib:/usr/lib/x86_64-linux-gnu/gazebo-11/plugins:/opt/ros/humble/opt/rviz_ogre_vendor/lib:/opt/ros/humble/lib/x86_64-linux-gnu:/opt/ros/humble/lib'), ('HOME', '/home/ibrahim'), ('OLDPWD', '/home/ibrahim/BinPicking/src'), ('TERM_PROGRAM_VERSION', '1.126.0'), ('VSCODE_IPC_HOOK_CLI', '/run/user/1000/vscode-ipc-526a32f8-c8d3-4116-acd1-62ce41b7aaf8.sock'), ('ROS_PYTHON_VERSION', '3'), ('VSCODE_GIT_ASKPASS_MAIN', '/home/ibrahim/.vscode-server/bin/7e7950df89d055b5a378379db9ee14290772148a/extensions/git/dist/askpass-main.js'), ('VSCODE_GIT_ASKPASS_NODE', '/home/ibrahim/.vscode-server/bin/7e7950df89d055b5a378379db9ee14290772148a/node'), ('PYDEVD_DISABLE_FILE_VALIDATION', '1'), ('BUNDLED_DEBUGPY_PATH', '/home/ibrahim/.vscode-server/extensions/ms-python.debugpy-2026.6.0-linux-x64/bundled/libs/debugpy'), ('VSCODE_PYTHON_AUTOACTIVATE_GUARD', '1'), ('DBUS_SESSION_BUS_ADDRESS', 'unix:path=/run/user/1000/bus'), ('COLORTERM', 'truecolor'), ('WSL_DISTRO_NAME', 'Ubuntu-22.04'), ('WAYLAND_DISPLAY', 'wayland-0'), ('COLCON_PREFIX_PATH', '/home/ibrahim/BinPicking/install:/home/ibrahim/MoveItArm/install:/home/ibrahim/RobotArmExpanded/install:/home/ibrahim/RobotArm/install:/home/ibrahim/TF2Sample/install:/home/ibrahim/RobotNav/install:/home/ibrahim/RobotMonitor/install:/home/ibrahim/ros2_ws/install'), ('ROS_DISTRO', 'humble'), ('LOGNAME', 'ibrahim'), ('NAME', 'Ibrahim-laptop'), ('WSL_INTEROP', '/run/WSL/411_interop'), ('PULSE_SERVER', 'unix:/mnt/wslg/PulseServer'), ('_', '/usr/bin/colcon'), ('ROS_VERSION', '2'), ('CLAUDE_CODE_SSE_PORT', '29659'), ('TERM', 'xterm-256color'), ('ROS_LOCALHOST_ONLY', '0'), ('PATH', '/home/ibrahim/.vscode-server/data/User/globalStorage/github.copilot-chat/debugCommand:/home/ibrahim/.vscode-server/data/User/globalStorage/github.copilot-chat/copilotCli:/home/ibrahim/.vscode-server/bin/7e7950df89d055b5a378379db9ee14290772148a/bin/remote-cli:/opt/ros/humble/bin:/usr/local/sbin:/usr/local/bin:/usr/sbin:/usr/bin:/sbin:/bin:/usr/games:/usr/local/games:/usr/lib/wsl/lib:/mnt/c/Windows/system32:/mnt/c/Windows:/mnt/c/Windows/System32/Wbem:/mnt/c/Windows/System32/WindowsPowerShell/v1.0/:/mnt/c/Windows/System32/OpenSSH/:/mnt/c/Program Files (x86)/NVIDIA Corporation/PhysX/Common:/mnt/c/Program Files/NVIDIA Corporation/NVIDIA App/NvDLISR:/mnt/c/Program Files/dotnet/:/mnt/c/Program Files/nodejs/:/mnt/c/Program Files/Git/cmd:/mnt/c/Program Files/PostgreSQL/18/bin:/mnt/c/Users/zanto/.local/bin:/mnt/c/Program Files/Docker/Docker/resources/bin:/mnt/c/Program Files/GitHub CLI/:/mnt/c/Users/zanto/AppData/Local/Programs/Python/Python312/Scripts/:/mnt/c/Users/zanto/AppData/Local/Programs/Python/Python312/:/mnt/c/Users/zanto/AppData/Local/Programs/Python/Python314/Scripts/:/mnt/c/Users/zanto/AppData/Local/Programs/Python/Python314/:/mnt/c/Users/zanto/AppData/Local/Microsoft/WindowsApps:/mnt/c/Users/zanto/AppData/Local/Programs/Microsoft VS Code/bin:/mnt/c/Users/zanto/AppData/Local/Programs/Ollama:/mnt/c/Users/zanto/AppData/Roaming/npm:/mnt/c/msys64/ucrt64/bin:/snap/bin:/home/ibrahim/.vscode-server/extensions/ms-python.debugpy-2026.6.0-linux-x64/bundled/scripts/noConfigScripts'), ('XDG_RUNTIME_DIR', '/run/user/1000/'), ('DISPLAY', ':0'), ('VSCODE_DEBUGPY_ADAPTER_ENDPOINTS', '/home/ibrahim/.vscode-server/extensions/ms-python.debugpy-2026.6.0-linux-x64/.noConfigDebugAdapterEndpoints/endpoint-b4e1a109d7f98f28.txt'), ('LANG', 'C.UTF-8'), ('PYTHONSTARTUP', '/home/ibrahim/.vscode-server/data/User/workspaceStorage/53d6af783f54596ecf064b03d33c69c7/ms-python.python/pythonrc.py'), ('RMW_IMPLEMENTATION', 'rmw_cyclonedds_cpp'), ('LS_COLORS', 'rs=0:di=01;34:ln=01;36:mh=00:pi=40;33:so=01;35:do=01;35:bd=40;33;01:cd=40;33;01:or=40;31;01:mi=00:su=37;41:sg=30;43:ca=30;41:tw=30;42:ow=34;42:st=37;44:ex=01;32:*.tar=01;31:*.tgz=01;31:*.arc=01;31:*.arj=01;31:*.taz=01;31:*.lha=01;31:*.lz4=01;31:*.lzh=01;31:*.lzma=01;31:*.tlz=01;31:*.txz=01;31:*.tzo=01;31:*.t7z=01;31:*.zip=01;31:*.z=01;31:*.dz=01;31:*.gz=01;31:*.lrz=01;31:*.lz=01;31:*.lzo=01;31:*.xz=01;31:*.zst=01;31:*.tzst=01;31:*.bz2=01;31:*.bz=01;31:*.tbz=01;31:*.tbz2=01;31:*.tz=01;31:*.deb=01;31:*.rpm=01;31:*.jar=01;31:*.war=01;31:*.ear=01;31:*.sar=01;31:*.rar=01;31:*.alz=01;31:*.ace=01;31:*.zoo=01;31:*.cpio=01;31:*.7z=01;31:*.rz=01;31:*.cab=01;31:*.wim=01;31:*.swm=01;31:*.dwm=01;31:*.esd=01;31:*.jpg=01;35:*.jpeg=01;35:*.mjpg=01;35:*.mjpeg=01;35:*.gif=01;35:*.bmp=01;35:*.pbm=01;35:*.pgm=01;35:*.ppm=01;35:*.tga=01;35:*.xbm=01;35:*.xpm=01;35:*.tif=01;35:*.tiff=01;35:*.png=01;35:*.svg=01;35:*.svgz=01;35:*.mng=01;35:*.pcx=01;35:*.mov=01;35:*.mpg=01;35:*.mpeg=01;35:*.m2v=01;35:*.mkv=01;35:*.webm=01;35:*.webp=01;35:*.ogm=01;35:*.mp4=01;35:*.m4v=01;35:*.mp4v=01;35:*.vob=01;35:*.qt=01;35:*.nuv=01;35:*.wmv=01;35:*.asf=01;35:*.rm=01;35:*.rmvb=01;35:*.flc=01;35:*.avi=01;35:*.fli=01;35:*.flv=01;35:*.gl=01;35:*.dl=01;35:*.xcf=01;35:*.xwd=01;35:*.yuv=01;35:*.cgm=01;35:*.emf=01;35:*.ogv=01;35:*.ogx=01;35:*.aac=00;36:*.au=00;36:*.flac=00;36:*.m4a=00;36:*.mid=00;36:*.midi=00;36:*.mka=00;36:*.mp3=00;36:*.mpc=00;36:*.ogg=00;36:*.ra=00;36:*.wav=00;36:*.oga=00;36:*.opus=00;36:*.spx=00;36:*.xspf=00;36:'), ('VSCODE_GIT_IPC_HANDLE', '/run/user/1000/vscode-git-6e1624529d.sock'), ('TERM_PROGRAM', 'vscode'), ('ROS_DOMAIN_ID', '10'), ('AMENT_PREFIX_PATH', '/home/ibrahim/BinPicking/install/ros2_linkattacher:/home/ibrahim/BinPicking/install/moveit_config:/home/ibrahim/BinPicking/install/linkattacher_msgs:/home/ibrahim/BinPicking/install/bin_nodes:/home/ibrahim/RobotArmExpanded/install/main_arm_package:/home/ibrahim/RobotArmExpanded/install/action_interfaces:/home/ibrahim/MoveItArm/install/moveit_config:/home/ibrahim/MoveItArm/install/moveit_arm_package:/home/ibrahim/RobotArm/install/main_arm_package:/home/ibrahim/RobotArm/install/action_interfaces:/home/ibrahim/TF2Sample/install/tf2sim:/home/ibrahim/RobotNav/install/main_robot_nodes:/home/ibrahim/RobotNav/install/action_interfaces:/home/ibrahim/RobotMonitor/install/Robot3Node_Package:/home/ibrahim/ros2_ws/install/my_first_package:/home/ibrahim/ros2_ws/install/action_interfaces:/opt/ros/humble'), ('SHELL', '/bin/bash'), ('LESSCLOSE', '/usr/bin/lesspipe %s %s'), ('VSCODE_GIT_ASKPASS_EXTRA_ARGS', ''), ('PWD', '/home/ibrahim/BinPicking/build/ros2_linkattacher'), ('COPILOT_DEBUG_NONCE', 'd05f4ba8ec07642c4df8354ff840a334'), ('XDG_DATA_DIRS', '/usr/local/share:/usr/share:/var/lib/snapd/desktop'), ('PYTHONPATH', '/home/ibrahim/BinPicking/install/linkattacher_msgs/local/lib/python3.10/dist-packages:/home/ibrahim/RobotArmExpanded/install/action_interfaces/local/lib/python3.10/dist-packages:/home/ibrahim/RobotArm/install/action_interfaces/local/lib/python3.10/dist-packages:/home/ibrahim/RobotNav/install/action_interfaces/local/lib/python3.10/dist-packages:/home/ibrahim/ros2_ws/install/action_interfaces/local/lib/python3.10/dist-packages:/opt/ros/humble/lib/python3.10/site-packages:/opt/ros/humble/local/lib/python3.10/dist-packages'), ('COLCON', '1'), ('WSL2_GUI_APPS_ENABLED', '1'), ('HOSTTYPE', 'x86_64'), ('CMAKE_PREFIX_PATH', '/home/ibrahim/BinPicking/install/linkattacher_msgs:/home/ibrahim/BinPicking/install/ros2_linkattacher:/home/ibrahim/BinPicking/install/moveit_config:/home/ibrahim/BinPicking/install/bin_nodes:/home/ibrahim/RobotArmExpanded/install/main_arm_package:/home/ibrahim/RobotArmExpanded/install/action_interfaces:/home/ibrahim/MoveItArm/install/moveit_config:/home/ibrahim/MoveItArm/install/moveit_arm_package:/home/ibrahim/TF2Sample/install/tf2sim:/home/ibrahim/RobotNav/install/main_robot_nodes:/home/ibrahim/RobotNav/install/action_interfaces:/home/ibrahim/RobotMonitor/install/Robot3Node_Package:/home/ibrahim/ros2_ws/install/my_first_package:/home/ibrahim/ros2_ws/install/action_interfaces:/home/ibrahim/RobotArm/install/main_arm_package:/home/ibrahim/RobotArm/install/action_interfaces:/opt/ros/humble'), ('WSLENV', 'VSCODE_WSL_EXT_LOCATION/up')]), 'shell': False}
[0.796913] (ros2_linkattacher) StdoutLine: {'line': b'-- Install configuration: ""\n'}
[0.797257] (ros2_linkattacher) StdoutLine: {'line': b'-- Up-to-date: /home/ibrahim/BinPicking/install/ros2_linkattacher/share/ros2_linkattacher/environment/library_path.sh\n'}
[0.797372] (ros2_linkattacher) StdoutLine: {'line': b'-- Up-to-date: /home/ibrahim/BinPicking/install/ros2_linkattacher/share/ros2_linkattacher/environment/library_path.dsv\n'}
[0.797802] (ros2_linkattacher) StdoutLine: {'line': b'-- Up-to-date: /home/ibrahim/BinPicking/install/ros2_linkattacher/lib/libgazebo_link_attacher.so\n'}
[0.798355] (ros2_linkattacher) StdoutLine: {'line': b'-- Up-to-date: /home/ibrahim/BinPicking/install/ros2_linkattacher/share/ament_index/resource_index/package_run_dependencies/ros2_linkattacher\n'}
[0.798546] (ros2_linkattacher) StdoutLine: {'line': b'-- Up-to-date: /home/ibrahim/BinPicking/install/ros2_linkattacher/share/ament_index/resource_index/parent_prefix_path/ros2_linkattacher\n'}
[0.798781] (ros2_linkattacher) StdoutLine: {'line': b'-- Up-to-date: /home/ibrahim/BinPicking/install/ros2_linkattacher/share/ros2_linkattacher/environment/ament_prefix_path.sh\n'}
[0.798967] (ros2_linkattacher) StdoutLine: {'line': b'-- Up-to-date: /home/ibrahim/BinPicking/install/ros2_linkattacher/share/ros2_linkattacher/environment/ament_prefix_path.dsv\n'}
[0.799183] (ros2_linkattacher) StdoutLine: {'line': b'-- Up-to-date: /home/ibrahim/BinPicking/install/ros2_linkattacher/share/ros2_linkattacher/environment/path.sh\n'}
[0.799329] (ros2_linkattacher) StdoutLine: {'line': b'-- Up-to-date: /home/ibrahim/BinPicking/install/ros2_linkattacher/share/ros2_linkattacher/environment/path.dsv\n'}
[0.799557] (ros2_linkattacher) StdoutLine: {'line': b'-- Up-to-date: /home/ibrahim/BinPicking/install/ros2_linkattacher/share/ros2_linkattacher/local_setup.bash\n'}
[0.799633] (ros2_linkattacher) StdoutLine: {'line': b'-- Up-to-date: /home/ibrahim/BinPicking/install/ros2_linkattacher/share/ros2_linkattacher/local_setup.sh\n'}
[0.799715] (ros2_linkattacher) StdoutLine: {'line': b'-- Up-to-date: /home/ibrahim/BinPicking/install/ros2_linkattacher/share/ros2_linkattacher/local_setup.zsh\n'}
[0.799786] (ros2_linkattacher) StdoutLine: {'line': b'-- Up-to-date: /home/ibrahim/BinPicking/install/ros2_linkattacher/share/ros2_linkattacher/local_setup.dsv\n'}
[0.799937] (-) TimerEvent: {}
[0.800076] (ros2_linkattacher) StdoutLine: {'line': b'-- Installing: /home/ibrahim/BinPicking/install/ros2_linkattacher/share/ros2_linkattacher/package.dsv\n'}
[0.800313] (ros2_linkattacher) StdoutLine: {'line': b'-- Up-to-date: /home/ibrahim/BinPicking/install/ros2_linkattacher/share/ament_index/resource_index/packages/ros2_linkattacher\n'}
[0.800575] (ros2_linkattacher) StdoutLine: {'line': b'-- Up-to-date: /home/ibrahim/BinPicking/install/ros2_linkattacher/share/ros2_linkattacher/cmake/ament_cmake_export_libraries-extras.cmake\n'}
[0.800723] (ros2_linkattacher) StdoutLine: {'line': b'-- Up-to-date: /home/ibrahim/BinPicking/install/ros2_linkattacher/share/ros2_linkattacher/cmake/ros2_linkattacherConfig.cmake\n'}
[0.800954] (ros2_linkattacher) StdoutLine: {'line': b'-- Up-to-date: /home/ibrahim/BinPicking/install/ros2_linkattacher/share/ros2_linkattacher/cmake/ros2_linkattacherConfig-version.cmake\n'}
[0.801056] (ros2_linkattacher) StdoutLine: {'line': b'-- Up-to-date: /home/ibrahim/BinPicking/install/ros2_linkattacher/share/ros2_linkattacher/package.xml\n'}
[0.803578] (ros2_linkattacher) CommandEnded: {'returncode': 0}
[0.823711] (ros2_linkattacher) JobEnded: {'identifier': 'ros2_linkattacher', 'rc': 0}
[0.900193] (-) TimerEvent: {}
[1.000751] (-) TimerEvent: {}
[1.101524] (-) TimerEvent: {}
[1.202290] (-) TimerEvent: {}
[1.303079] (-) TimerEvent: {}
[1.403827] (-) TimerEvent: {}
[1.504229] (-) TimerEvent: {}
[1.604653] (-) TimerEvent: {}
[1.705098] (-) TimerEvent: {}
[1.805585] (-) TimerEvent: {}
[1.905964] (-) TimerEvent: {}
[2.006364] (-) TimerEvent: {}
[2.106872] (-) TimerEvent: {}
[2.207410] (-) TimerEvent: {}
[2.307931] (-) TimerEvent: {}
[2.408343] (-) TimerEvent: {}
[2.508739] (-) TimerEvent: {}
[2.609201] (-) TimerEvent: {}
[2.709678] (-) TimerEvent: {}
[2.810273] (-) TimerEvent: {}
[2.910718] (-) TimerEvent: {}
[3.011186] (-) TimerEvent: {}
[3.111766] (-) TimerEvent: {}
[3.212221] (-) TimerEvent: {}
[3.312629] (-) TimerEvent: {}
[3.413042] (-) TimerEvent: {}
[3.513481] (-) TimerEvent: {}
[3.613922] (-) TimerEvent: {}
[3.714354] (-) TimerEvent: {}
[3.814751] (-) TimerEvent: {}
[3.915205] (-) TimerEvent: {}
[4.015739] (-) TimerEvent: {}
[4.116216] (-) TimerEvent: {}
[4.216672] (-) TimerEvent: {}
[4.317155] (-) TimerEvent: {}
[4.417584] (-) TimerEvent: {}
[4.518027] (-) TimerEvent: {}
[4.618497] (-) TimerEvent: {}
[4.718935] (-) TimerEvent: {}
[4.819379] (-) TimerEvent: {}
[4.919835] (-) TimerEvent: {}
[5.020262] (-) TimerEvent: {}
[5.120729] (-) TimerEvent: {}
[5.221200] (-) TimerEvent: {}
[5.321675] (-) TimerEvent: {}
[5.422149] (-) TimerEvent: {}
[5.522558] (-) TimerEvent: {}
[5.623032] (-) TimerEvent: {}
[5.723468] (-) TimerEvent: {}
[5.823931] (-) TimerEvent: {}
[5.924400] (-) TimerEvent: {}
[5.948345] (bin_nodes) StderrLine: {'line': b'\x1b[01m\x1b[K/home/ibrahim/BinPicking/src/bin_nodes/src/pick_and_place_fixed.cpp:\x1b[m\x1b[K In function \xe2\x80\x98\x1b[01m\x1b[Kint main(int, char**)\x1b[m\x1b[K\xe2\x80\x99:\n'}
[5.948802] (bin_nodes) StderrLine: {'line': b'\x1b[01m\x1b[K/home/ibrahim/BinPicking/src/bin_nodes/src/pick_and_place_fixed.cpp:110:10:\x1b[m\x1b[K \x1b[01;35m\x1b[Kwarning: \x1b[m\x1b[Kvariable \xe2\x80\x98\x1b[01m\x1b[Kplace\x1b[m\x1b[K\xe2\x80\x99 set but not used [\x1b[01;35m\x1b[K\x1b]8;;https://gcc.gnu.org/onlinedocs/gcc/Warning-Options.html#index-Wunused-but-set-variable\x07-Wunused-but-set-variable\x1b]8;;\x07\x1b[m\x1b[K]\n'}
[5.949024] (bin_nodes) StderrLine: {'line': b'  110 |     auto \x1b[01;35m\x1b[Kplace\x1b[m\x1b[K = [&](){\n'}
[5.949095] (bin_nodes) StderrLine: {'line': b'      |          \x1b[01;35m\x1b[K^~~~~\x1b[m\x1b[K\n'}
[6.024562] (-) TimerEvent: {}
[6.125033] (-) TimerEvent: {}
[6.225425] (-) TimerEvent: {}
[6.325868] (-) TimerEvent: {}
[6.426326] (-) TimerEvent: {}
[6.526737] (-) TimerEvent: {}
[6.627168] (-) TimerEvent: {}
[6.727586] (-) TimerEvent: {}
[6.827987] (-) TimerEvent: {}
[6.928418] (-) TimerEvent: {}
[7.028829] (-) TimerEvent: {}
[7.129310] (-) TimerEvent: {}
[7.229796] (-) TimerEvent: {}
[7.330375] (-) TimerEvent: {}
[7.430833] (-) TimerEvent: {}
[7.531442] (-) TimerEvent: {}
[7.631900] (-) TimerEvent: {}
[7.732350] (-) TimerEvent: {}
[7.832825] (-) TimerEvent: {}
[7.933277] (-) TimerEvent: {}
[8.033836] (-) TimerEvent: {}
[8.134278] (-) TimerEvent: {}
[8.234721] (-) TimerEvent: {}
[8.335228] (-) TimerEvent: {}
[8.435685] (-) TimerEvent: {}
[8.536192] (-) TimerEvent: {}
[8.636662] (-) TimerEvent: {}
[8.737122] (-) TimerEvent: {}
[8.837534] (-) TimerEvent: {}
[8.937979] (-) TimerEvent: {}
[9.038412] (-) TimerEvent: {}
[9.138839] (-) TimerEvent: {}
[9.239235] (-) TimerEvent: {}
[9.253789] (bin_nodes) StdoutLine: {'line': b'[100%] \x1b[32m\x1b[1mLinking CXX executable pick_and_place_fixed\x1b[0m\n'}
[9.339454] (-) TimerEvent: {}
[9.439988] (-) TimerEvent: {}
[9.540494] (-) TimerEvent: {}
[9.641163] (-) TimerEvent: {}
[9.741693] (-) TimerEvent: {}
[9.777539] (bin_nodes) StdoutLine: {'line': b'[100%] Built target pick_and_place_fixed\n'}
[9.793989] (bin_nodes) CommandEnded: {'returncode': 0}
[9.795383] (bin_nodes) JobProgress: {'identifier': 'bin_nodes', 'progress': 'install'}
[9.795776] (bin_nodes) Command: {'cmd': ['/usr/bin/cmake', '--install', '/home/ibrahim/BinPicking/build/bin_nodes'], 'cwd': '/home/ibrahim/BinPicking/build/bin_nodes', 'env': OrderedDict([('PYTHON_BASIC_REPL', '1'), ('LESSOPEN', '| /usr/bin/lesspipe %s'), ('USER', 'ibrahim'), ('GIT_ASKPASS', '/home/ibrahim/.vscode-server/bin/7e7950df89d055b5a378379db9ee14290772148a/extensions/git/dist/askpass.sh'), ('SHLVL', '1'), ('LD_LIBRARY_PATH', '/home/ibrahim/BinPicking/install/linkattacher_msgs/lib:/home/ibrahim/BinPicking/install/ros2_linkattacher/lib:/home/ibrahim/RobotArmExpanded/install/action_interfaces/lib:/home/ibrahim/RobotArm/install/action_interfaces/lib:/home/ibrahim/RobotNav/install/action_interfaces/lib:/home/ibrahim/ros2_ws/install/action_interfaces/lib:/usr/lib/x86_64-linux-gnu/gazebo-11/plugins:/opt/ros/humble/opt/rviz_ogre_vendor/lib:/opt/ros/humble/lib/x86_64-linux-gnu:/opt/ros/humble/lib'), ('HOME', '/home/ibrahim'), ('OLDPWD', '/home/ibrahim/BinPicking/src'), ('TERM_PROGRAM_VERSION', '1.126.0'), ('VSCODE_IPC_HOOK_CLI', '/run/user/1000/vscode-ipc-526a32f8-c8d3-4116-acd1-62ce41b7aaf8.sock'), ('ROS_PYTHON_VERSION', '3'), ('VSCODE_GIT_ASKPASS_MAIN', '/home/ibrahim/.vscode-server/bin/7e7950df89d055b5a378379db9ee14290772148a/extensions/git/dist/askpass-main.js'), ('VSCODE_GIT_ASKPASS_NODE', '/home/ibrahim/.vscode-server/bin/7e7950df89d055b5a378379db9ee14290772148a/node'), ('PYDEVD_DISABLE_FILE_VALIDATION', '1'), ('BUNDLED_DEBUGPY_PATH', '/home/ibrahim/.vscode-server/extensions/ms-python.debugpy-2026.6.0-linux-x64/bundled/libs/debugpy'), ('VSCODE_PYTHON_AUTOACTIVATE_GUARD', '1'), ('DBUS_SESSION_BUS_ADDRESS', 'unix:path=/run/user/1000/bus'), ('COLORTERM', 'truecolor'), ('WSL_DISTRO_NAME', 'Ubuntu-22.04'), ('WAYLAND_DISPLAY', 'wayland-0'), ('COLCON_PREFIX_PATH', '/home/ibrahim/BinPicking/install:/home/ibrahim/MoveItArm/install:/home/ibrahim/RobotArmExpanded/install:/home/ibrahim/RobotArm/install:/home/ibrahim/TF2Sample/install:/home/ibrahim/RobotNav/install:/home/ibrahim/RobotMonitor/install:/home/ibrahim/ros2_ws/install'), ('ROS_DISTRO', 'humble'), ('LOGNAME', 'ibrahim'), ('NAME', 'Ibrahim-laptop'), ('WSL_INTEROP', '/run/WSL/411_interop'), ('PULSE_SERVER', 'unix:/mnt/wslg/PulseServer'), ('_', '/usr/bin/colcon'), ('ROS_VERSION', '2'), ('CLAUDE_CODE_SSE_PORT', '29659'), ('TERM', 'xterm-256color'), ('ROS_LOCALHOST_ONLY', '0'), ('PATH', '/home/ibrahim/.vscode-server/data/User/globalStorage/github.copilot-chat/debugCommand:/home/ibrahim/.vscode-server/data/User/globalStorage/github.copilot-chat/copilotCli:/home/ibrahim/.vscode-server/bin/7e7950df89d055b5a378379db9ee14290772148a/bin/remote-cli:/opt/ros/humble/bin:/usr/local/sbin:/usr/local/bin:/usr/sbin:/usr/bin:/sbin:/bin:/usr/games:/usr/local/games:/usr/lib/wsl/lib:/mnt/c/Windows/system32:/mnt/c/Windows:/mnt/c/Windows/System32/Wbem:/mnt/c/Windows/System32/WindowsPowerShell/v1.0/:/mnt/c/Windows/System32/OpenSSH/:/mnt/c/Program Files (x86)/NVIDIA Corporation/PhysX/Common:/mnt/c/Program Files/NVIDIA Corporation/NVIDIA App/NvDLISR:/mnt/c/Program Files/dotnet/:/mnt/c/Program Files/nodejs/:/mnt/c/Program Files/Git/cmd:/mnt/c/Program Files/PostgreSQL/18/bin:/mnt/c/Users/zanto/.local/bin:/mnt/c/Program Files/Docker/Docker/resources/bin:/mnt/c/Program Files/GitHub CLI/:/mnt/c/Users/zanto/AppData/Local/Programs/Python/Python312/Scripts/:/mnt/c/Users/zanto/AppData/Local/Programs/Python/Python312/:/mnt/c/Users/zanto/AppData/Local/Programs/Python/Python314/Scripts/:/mnt/c/Users/zanto/AppData/Local/Programs/Python/Python314/:/mnt/c/Users/zanto/AppData/Local/Microsoft/WindowsApps:/mnt/c/Users/zanto/AppData/Local/Programs/Microsoft VS Code/bin:/mnt/c/Users/zanto/AppData/Local/Programs/Ollama:/mnt/c/Users/zanto/AppData/Roaming/npm:/mnt/c/msys64/ucrt64/bin:/snap/bin:/home/ibrahim/.vscode-server/extensions/ms-python.debugpy-2026.6.0-linux-x64/bundled/scripts/noConfigScripts'), ('XDG_RUNTIME_DIR', '/run/user/1000/'), ('DISPLAY', ':0'), ('VSCODE_DEBUGPY_ADAPTER_ENDPOINTS', '/home/ibrahim/.vscode-server/extensions/ms-python.debugpy-2026.6.0-linux-x64/.noConfigDebugAdapterEndpoints/endpoint-b4e1a109d7f98f28.txt'), ('LANG', 'C.UTF-8'), ('PYTHONSTARTUP', '/home/ibrahim/.vscode-server/data/User/workspaceStorage/53d6af783f54596ecf064b03d33c69c7/ms-python.python/pythonrc.py'), ('RMW_IMPLEMENTATION', 'rmw_cyclonedds_cpp'), ('LS_COLORS', 'rs=0:di=01;34:ln=01;36:mh=00:pi=40;33:so=01;35:do=01;35:bd=40;33;01:cd=40;33;01:or=40;31;01:mi=00:su=37;41:sg=30;43:ca=30;41:tw=30;42:ow=34;42:st=37;44:ex=01;32:*.tar=01;31:*.tgz=01;31:*.arc=01;31:*.arj=01;31:*.taz=01;31:*.lha=01;31:*.lz4=01;31:*.lzh=01;31:*.lzma=01;31:*.tlz=01;31:*.txz=01;31:*.tzo=01;31:*.t7z=01;31:*.zip=01;31:*.z=01;31:*.dz=01;31:*.gz=01;31:*.lrz=01;31:*.lz=01;31:*.lzo=01;31:*.xz=01;31:*.zst=01;31:*.tzst=01;31:*.bz2=01;31:*.bz=01;31:*.tbz=01;31:*.tbz2=01;31:*.tz=01;31:*.deb=01;31:*.rpm=01;31:*.jar=01;31:*.war=01;31:*.ear=01;31:*.sar=01;31:*.rar=01;31:*.alz=01;31:*.ace=01;31:*.zoo=01;31:*.cpio=01;31:*.7z=01;31:*.rz=01;31:*.cab=01;31:*.wim=01;31:*.swm=01;31:*.dwm=01;31:*.esd=01;31:*.jpg=01;35:*.jpeg=01;35:*.mjpg=01;35:*.mjpeg=01;35:*.gif=01;35:*.bmp=01;35:*.pbm=01;35:*.pgm=01;35:*.ppm=01;35:*.tga=01;35:*.xbm=01;35:*.xpm=01;35:*.tif=01;35:*.tiff=01;35:*.png=01;35:*.svg=01;35:*.svgz=01;35:*.mng=01;35:*.pcx=01;35:*.mov=01;35:*.mpg=01;35:*.mpeg=01;35:*.m2v=01;35:*.mkv=01;35:*.webm=01;35:*.webp=01;35:*.ogm=01;35:*.mp4=01;35:*.m4v=01;35:*.mp4v=01;35:*.vob=01;35:*.qt=01;35:*.nuv=01;35:*.wmv=01;35:*.asf=01;35:*.rm=01;35:*.rmvb=01;35:*.flc=01;35:*.avi=01;35:*.fli=01;35:*.flv=01;35:*.gl=01;35:*.dl=01;35:*.xcf=01;35:*.xwd=01;35:*.yuv=01;35:*.cgm=01;35:*.emf=01;35:*.ogv=01;35:*.ogx=01;35:*.aac=00;36:*.au=00;36:*.flac=00;36:*.m4a=00;36:*.mid=00;36:*.midi=00;36:*.mka=00;36:*.mp3=00;36:*.mpc=00;36:*.ogg=00;36:*.ra=00;36:*.wav=00;36:*.oga=00;36:*.opus=00;36:*.spx=00;36:*.xspf=00;36:'), ('VSCODE_GIT_IPC_HANDLE', '/run/user/1000/vscode-git-6e1624529d.sock'), ('TERM_PROGRAM', 'vscode'), ('ROS_DOMAIN_ID', '10'), ('AMENT_PREFIX_PATH', '/home/ibrahim/BinPicking/install/ros2_linkattacher:/home/ibrahim/BinPicking/install/moveit_config:/home/ibrahim/BinPicking/install/linkattacher_msgs:/home/ibrahim/BinPicking/install/bin_nodes:/home/ibrahim/RobotArmExpanded/install/main_arm_package:/home/ibrahim/RobotArmExpanded/install/action_interfaces:/home/ibrahim/MoveItArm/install/moveit_config:/home/ibrahim/MoveItArm/install/moveit_arm_package:/home/ibrahim/RobotArm/install/main_arm_package:/home/ibrahim/RobotArm/install/action_interfaces:/home/ibrahim/TF2Sample/install/tf2sim:/home/ibrahim/RobotNav/install/main_robot_nodes:/home/ibrahim/RobotNav/install/action_interfaces:/home/ibrahim/RobotMonitor/install/Robot3Node_Package:/home/ibrahim/ros2_ws/install/my_first_package:/home/ibrahim/ros2_ws/install/action_interfaces:/opt/ros/humble'), ('SHELL', '/bin/bash'), ('LESSCLOSE', '/usr/bin/lesspipe %s %s'), ('VSCODE_GIT_ASKPASS_EXTRA_ARGS', ''), ('PWD', '/home/ibrahim/BinPicking/build/bin_nodes'), ('COPILOT_DEBUG_NONCE', 'd05f4ba8ec07642c4df8354ff840a334'), ('XDG_DATA_DIRS', '/usr/local/share:/usr/share:/var/lib/snapd/desktop'), ('PYTHONPATH', '/home/ibrahim/BinPicking/install/linkattacher_msgs/local/lib/python3.10/dist-packages:/home/ibrahim/RobotArmExpanded/install/action_interfaces/local/lib/python3.10/dist-packages:/home/ibrahim/RobotArm/install/action_interfaces/local/lib/python3.10/dist-packages:/home/ibrahim/RobotNav/install/action_interfaces/local/lib/python3.10/dist-packages:/home/ibrahim/ros2_ws/install/action_interfaces/local/lib/python3.10/dist-packages:/opt/ros/humble/lib/python3.10/site-packages:/opt/ros/humble/local/lib/python3.10/dist-packages'), ('COLCON', '1'), ('WSL2_GUI_APPS_ENABLED', '1'), ('HOSTTYPE', 'x86_64'), ('CMAKE_PREFIX_PATH', '/home/ibrahim/BinPicking/install/linkattacher_msgs:/home/ibrahim/BinPicking/install/ros2_linkattacher:/home/ibrahim/BinPicking/install/moveit_config:/home/ibrahim/BinPicking/install/bin_nodes:/home/ibrahim/RobotArmExpanded/install/main_arm_package:/home/ibrahim/RobotArmExpanded/install/action_interfaces:/home/ibrahim/MoveItArm/install/moveit_config:/home/ibrahim/MoveItArm/install/moveit_arm_package:/home/ibrahim/TF2Sample/install/tf2sim:/home/ibrahim/RobotNav/install/main_robot_nodes:/home/ibrahim/RobotNav/install/action_interfaces:/home/ibrahim/RobotMonitor/install/Robot3Node_Package:/home/ibrahim/ros2_ws/install/my_first_package:/home/ibrahim/ros2_ws/install/action_interfaces:/home/ibrahim/RobotArm/install/main_arm_package:/home/ibrahim/RobotArm/install/action_interfaces:/opt/ros/humble'), ('WSLENV', 'VSCODE_WSL_EXT_LOCATION/up')]), 'shell': False}
[9.805855] (bin_nodes) StdoutLine: {'line': b'-- Install configuration: ""\n'}
[9.806160] (bin_nodes) StdoutLine: {'line': b'-- Up-to-date: /home/ibrahim/BinPicking/install/bin_nodes/lib/bin_nodes/MoveArm\n'}
[9.806750] (bin_nodes) StdoutLine: {'line': b'-- Installing: /home/ibrahim/BinPicking/install/bin_nodes/lib/bin_nodes/pick_and_place_fixed\n'}
[9.815488] (bin_nodes) StdoutLine: {'line': b'-- Set runtime path of "/home/ibrahim/BinPicking/install/bin_nodes/lib/bin_nodes/pick_and_place_fixed" to ""\n'}
[9.815822] (bin_nodes) StdoutLine: {'line': b'-- Up-to-date: /home/ibrahim/BinPicking/install/bin_nodes/share/bin_nodes/launch\n'}
[9.816102] (bin_nodes) StdoutLine: {'line': b'-- Up-to-date: /home/ibrahim/BinPicking/install/bin_nodes/share/bin_nodes/launch/display.launch.py\n'}
[9.816256] (bin_nodes) StdoutLine: {'line': b'-- Up-to-date: /home/ibrahim/BinPicking/install/bin_nodes/share/bin_nodes/urdf\n'}
[9.816303] (bin_nodes) StdoutLine: {'line': b'-- Up-to-date: /home/ibrahim/BinPicking/install/bin_nodes/share/bin_nodes/urdf/robot.urdf\n'}
[9.816340] (bin_nodes) StdoutLine: {'line': b'-- Up-to-date: /home/ibrahim/BinPicking/install/bin_nodes/share/bin_nodes/rviz\n'}
[9.816428] (bin_nodes) StdoutLine: {'line': b'-- Up-to-date: /home/ibrahim/BinPicking/install/bin_nodes/share/bin_nodes/rviz/model.rviz\n'}
[9.816767] (bin_nodes) StdoutLine: {'line': b'-- Up-to-date: /home/ibrahim/BinPicking/install/bin_nodes/share/bin_nodes/worlds\n'}
[9.818044] (bin_nodes) StdoutLine: {'line': b'-- Up-to-date: /home/ibrahim/BinPicking/install/bin_nodes/share/bin_nodes/worlds/world.sdf\n'}
[9.818178] (bin_nodes) StdoutLine: {'line': b'-- Up-to-date: /home/ibrahim/BinPicking/install/bin_nodes/share/ament_index/resource_index/package_run_dependencies/bin_nodes\n'}
[9.818302] (bin_nodes) StdoutLine: {'line': b'-- Up-to-date: /home/ibrahim/BinPicking/install/bin_nodes/share/ament_index/resource_index/parent_prefix_path/bin_nodes\n'}
[9.818446] (bin_nodes) StdoutLine: {'line': b'-- Up-to-date: /home/ibrahim/BinPicking/install/bin_nodes/share/bin_nodes/environment/ament_prefix_path.sh\n'}
[9.818656] (bin_nodes) StdoutLine: {'line': b'-- Up-to-date: /home/ibrahim/BinPicking/install/bin_nodes/share/bin_nodes/environment/ament_prefix_path.dsv\n'}
[9.818705] (bin_nodes) StdoutLine: {'line': b'-- Up-to-date: /home/ibrahim/BinPicking/install/bin_nodes/share/bin_nodes/environment/path.sh\n'}
[9.818857] (bin_nodes) StdoutLine: {'line': b'-- Up-to-date: /home/ibrahim/BinPicking/install/bin_nodes/share/bin_nodes/environment/path.dsv\n'}
[9.818977] (bin_nodes) StdoutLine: {'line': b'-- Up-to-date: /home/ibrahim/BinPicking/install/bin_nodes/share/bin_nodes/local_setup.bash\n'}
[9.819173] (bin_nodes) StdoutLine: {'line': b'-- Up-to-date: /home/ibrahim/BinPicking/install/bin_nodes/share/bin_nodes/local_setup.sh\n'}
[9.819373] (bin_nodes) StdoutLine: {'line': b'-- Up-to-date: /home/ibrahim/BinPicking/install/bin_nodes/share/bin_nodes/local_setup.zsh\n'}
[9.819437] (bin_nodes) StdoutLine: {'line': b'-- Up-to-date: /home/ibrahim/BinPicking/install/bin_nodes/share/bin_nodes/local_setup.dsv\n'}
[9.819479] (bin_nodes) StdoutLine: {'line': b'-- Installing: /home/ibrahim/BinPicking/install/bin_nodes/share/bin_nodes/package.dsv\n'}
[9.819625] (bin_nodes) StdoutLine: {'line': b'-- Up-to-date: /home/ibrahim/BinPicking/install/bin_nodes/share/ament_index/resource_index/packages/bin_nodes\n'}
[9.819720] (bin_nodes) StdoutLine: {'line': b'-- Up-to-date: /home/ibrahim/BinPicking/install/bin_nodes/share/bin_nodes/cmake/bin_nodesConfig.cmake\n'}
[9.819891] (bin_nodes) StdoutLine: {'line': b'-- Up-to-date: /home/ibrahim/BinPicking/install/bin_nodes/share/bin_nodes/cmake/bin_nodesConfig-version.cmake\n'}
[9.819936] (bin_nodes) StdoutLine: {'line': b'-- Up-to-date: /home/ibrahim/BinPicking/install/bin_nodes/share/bin_nodes/package.xml\n'}
[9.823832] (bin_nodes) CommandEnded: {'returncode': 0}
[9.837473] (bin_nodes) JobEnded: {'identifier': 'bin_nodes', 'rc': 0}
[9.838685] (moveit_config) JobStarted: {'identifier': 'moveit_config'}
[9.841829] (-) TimerEvent: {}
[9.942470] (-) TimerEvent: {}
[9.962080] (moveit_config) JobProgress: {'identifier': 'moveit_config', 'progress': 'cmake'}
[9.962848] (moveit_config) JobProgress: {'identifier': 'moveit_config', 'progress': 'build'}
[9.963305] (moveit_config) Command: {'cmd': ['/usr/bin/cmake', '--build', '/home/ibrahim/BinPicking/build/moveit_config', '--', '-j16', '-l16'], 'cwd': '/home/ibrahim/BinPicking/build/moveit_config', 'env': OrderedDict([('PYTHON_BASIC_REPL', '1'), ('LESSOPEN', '| /usr/bin/lesspipe %s'), ('USER', 'ibrahim'), ('GIT_ASKPASS', '/home/ibrahim/.vscode-server/bin/7e7950df89d055b5a378379db9ee14290772148a/extensions/git/dist/askpass.sh'), ('SHLVL', '1'), ('LD_LIBRARY_PATH', '/home/ibrahim/BinPicking/install/linkattacher_msgs/lib:/home/ibrahim/BinPicking/install/ros2_linkattacher/lib:/home/ibrahim/RobotArmExpanded/install/action_interfaces/lib:/home/ibrahim/RobotArm/install/action_interfaces/lib:/home/ibrahim/RobotNav/install/action_interfaces/lib:/home/ibrahim/ros2_ws/install/action_interfaces/lib:/usr/lib/x86_64-linux-gnu/gazebo-11/plugins:/opt/ros/humble/opt/rviz_ogre_vendor/lib:/opt/ros/humble/lib/x86_64-linux-gnu:/opt/ros/humble/lib'), ('HOME', '/home/ibrahim'), ('OLDPWD', '/home/ibrahim/BinPicking/src'), ('TERM_PROGRAM_VERSION', '1.126.0'), ('VSCODE_IPC_HOOK_CLI', '/run/user/1000/vscode-ipc-526a32f8-c8d3-4116-acd1-62ce41b7aaf8.sock'), ('ROS_PYTHON_VERSION', '3'), ('VSCODE_GIT_ASKPASS_MAIN', '/home/ibrahim/.vscode-server/bin/7e7950df89d055b5a378379db9ee14290772148a/extensions/git/dist/askpass-main.js'), ('VSCODE_GIT_ASKPASS_NODE', '/home/ibrahim/.vscode-server/bin/7e7950df89d055b5a378379db9ee14290772148a/node'), ('PYDEVD_DISABLE_FILE_VALIDATION', '1'), ('BUNDLED_DEBUGPY_PATH', '/home/ibrahim/.vscode-server/extensions/ms-python.debugpy-2026.6.0-linux-x64/bundled/libs/debugpy'), ('VSCODE_PYTHON_AUTOACTIVATE_GUARD', '1'), ('DBUS_SESSION_BUS_ADDRESS', 'unix:path=/run/user/1000/bus'), ('COLORTERM', 'truecolor'), ('WSL_DISTRO_NAME', 'Ubuntu-22.04'), ('WAYLAND_DISPLAY', 'wayland-0'), ('COLCON_PREFIX_PATH', '/home/ibrahim/BinPicking/install:/home/ibrahim/MoveItArm/install:/home/ibrahim/RobotArmExpanded/install:/home/ibrahim/RobotArm/install:/home/ibrahim/TF2Sample/install:/home/ibrahim/RobotNav/install:/home/ibrahim/RobotMonitor/install:/home/ibrahim/ros2_ws/install'), ('ROS_DISTRO', 'humble'), ('LOGNAME', 'ibrahim'), ('NAME', 'Ibrahim-laptop'), ('WSL_INTEROP', '/run/WSL/411_interop'), ('PULSE_SERVER', 'unix:/mnt/wslg/PulseServer'), ('_', '/usr/bin/colcon'), ('ROS_VERSION', '2'), ('CLAUDE_CODE_SSE_PORT', '29659'), ('TERM', 'xterm-256color'), ('ROS_LOCALHOST_ONLY', '0'), ('PATH', '/home/ibrahim/.vscode-server/data/User/globalStorage/github.copilot-chat/debugCommand:/home/ibrahim/.vscode-server/data/User/globalStorage/github.copilot-chat/copilotCli:/home/ibrahim/.vscode-server/bin/7e7950df89d055b5a378379db9ee14290772148a/bin/remote-cli:/opt/ros/humble/bin:/usr/local/sbin:/usr/local/bin:/usr/sbin:/usr/bin:/sbin:/bin:/usr/games:/usr/local/games:/usr/lib/wsl/lib:/mnt/c/Windows/system32:/mnt/c/Windows:/mnt/c/Windows/System32/Wbem:/mnt/c/Windows/System32/WindowsPowerShell/v1.0/:/mnt/c/Windows/System32/OpenSSH/:/mnt/c/Program Files (x86)/NVIDIA Corporation/PhysX/Common:/mnt/c/Program Files/NVIDIA Corporation/NVIDIA App/NvDLISR:/mnt/c/Program Files/dotnet/:/mnt/c/Program Files/nodejs/:/mnt/c/Program Files/Git/cmd:/mnt/c/Program Files/PostgreSQL/18/bin:/mnt/c/Users/zanto/.local/bin:/mnt/c/Program Files/Docker/Docker/resources/bin:/mnt/c/Program Files/GitHub CLI/:/mnt/c/Users/zanto/AppData/Local/Programs/Python/Python312/Scripts/:/mnt/c/Users/zanto/AppData/Local/Programs/Python/Python312/:/mnt/c/Users/zanto/AppData/Local/Programs/Python/Python314/Scripts/:/mnt/c/Users/zanto/AppData/Local/Programs/Python/Python314/:/mnt/c/Users/zanto/AppData/Local/Microsoft/WindowsApps:/mnt/c/Users/zanto/AppData/Local/Programs/Microsoft VS Code/bin:/mnt/c/Users/zanto/AppData/Local/Programs/Ollama:/mnt/c/Users/zanto/AppData/Roaming/npm:/mnt/c/msys64/ucrt64/bin:/snap/bin:/home/ibrahim/.vscode-server/extensions/ms-python.debugpy-2026.6.0-linux-x64/bundled/scripts/noConfigScripts'), ('XDG_RUNTIME_DIR', '/run/user/1000/'), ('DISPLAY', ':0'), ('VSCODE_DEBUGPY_ADAPTER_ENDPOINTS', '/home/ibrahim/.vscode-server/extensions/ms-python.debugpy-2026.6.0-linux-x64/.noConfigDebugAdapterEndpoints/endpoint-b4e1a109d7f98f28.txt'), ('LANG', 'C.UTF-8'), ('PYTHONSTARTUP', '/home/ibrahim/.vscode-server/data/User/workspaceStorage/53d6af783f54596ecf064b03d33c69c7/ms-python.python/pythonrc.py'), ('RMW_IMPLEMENTATION', 'rmw_cyclonedds_cpp'), ('LS_COLORS', 'rs=0:di=01;34:ln=01;36:mh=00:pi=40;33:so=01;35:do=01;35:bd=40;33;01:cd=40;33;01:or=40;31;01:mi=00:su=37;41:sg=30;43:ca=30;41:tw=30;42:ow=34;42:st=37;44:ex=01;32:*.tar=01;31:*.tgz=01;31:*.arc=01;31:*.arj=01;31:*.taz=01;31:*.lha=01;31:*.lz4=01;31:*.lzh=01;31:*.lzma=01;31:*.tlz=01;31:*.txz=01;31:*.tzo=01;31:*.t7z=01;31:*.zip=01;31:*.z=01;31:*.dz=01;31:*.gz=01;31:*.lrz=01;31:*.lz=01;31:*.lzo=01;31:*.xz=01;31:*.zst=01;31:*.tzst=01;31:*.bz2=01;31:*.bz=01;31:*.tbz=01;31:*.tbz2=01;31:*.tz=01;31:*.deb=01;31:*.rpm=01;31:*.jar=01;31:*.war=01;31:*.ear=01;31:*.sar=01;31:*.rar=01;31:*.alz=01;31:*.ace=01;31:*.zoo=01;31:*.cpio=01;31:*.7z=01;31:*.rz=01;31:*.cab=01;31:*.wim=01;31:*.swm=01;31:*.dwm=01;31:*.esd=01;31:*.jpg=01;35:*.jpeg=01;35:*.mjpg=01;35:*.mjpeg=01;35:*.gif=01;35:*.bmp=01;35:*.pbm=01;35:*.pgm=01;35:*.ppm=01;35:*.tga=01;35:*.xbm=01;35:*.xpm=01;35:*.tif=01;35:*.tiff=01;35:*.png=01;35:*.svg=01;35:*.svgz=01;35:*.mng=01;35:*.pcx=01;35:*.mov=01;35:*.mpg=01;35:*.mpeg=01;35:*.m2v=01;35:*.mkv=01;35:*.webm=01;35:*.webp=01;35:*.ogm=01;35:*.mp4=01;35:*.m4v=01;35:*.mp4v=01;35:*.vob=01;35:*.qt=01;35:*.nuv=01;35:*.wmv=01;35:*.asf=01;35:*.rm=01;35:*.rmvb=01;35:*.flc=01;35:*.avi=01;35:*.fli=01;35:*.flv=01;35:*.gl=01;35:*.dl=01;35:*.xcf=01;35:*.xwd=01;35:*.yuv=01;35:*.cgm=01;35:*.emf=01;35:*.ogv=01;35:*.ogx=01;35:*.aac=00;36:*.au=00;36:*.flac=00;36:*.m4a=00;36:*.mid=00;36:*.midi=00;36:*.mka=00;36:*.mp3=00;36:*.mpc=00;36:*.ogg=00;36:*.ra=00;36:*.wav=00;36:*.oga=00;36:*.opus=00;36:*.spx=00;36:*.xspf=00;36:'), ('VSCODE_GIT_IPC_HANDLE', '/run/user/1000/vscode-git-6e1624529d.sock'), ('TERM_PROGRAM', 'vscode'), ('ROS_DOMAIN_ID', '10'), ('AMENT_PREFIX_PATH', '/home/ibrahim/BinPicking/install/ros2_linkattacher:/home/ibrahim/BinPicking/install/moveit_config:/home/ibrahim/BinPicking/install/linkattacher_msgs:/home/ibrahim/BinPicking/install/bin_nodes:/home/ibrahim/RobotArmExpanded/install/main_arm_package:/home/ibrahim/RobotArmExpanded/install/action_interfaces:/home/ibrahim/MoveItArm/install/moveit_config:/home/ibrahim/MoveItArm/install/moveit_arm_package:/home/ibrahim/RobotArm/install/main_arm_package:/home/ibrahim/RobotArm/install/action_interfaces:/home/ibrahim/TF2Sample/install/tf2sim:/home/ibrahim/RobotNav/install/main_robot_nodes:/home/ibrahim/RobotNav/install/action_interfaces:/home/ibrahim/RobotMonitor/install/Robot3Node_Package:/home/ibrahim/ros2_ws/install/my_first_package:/home/ibrahim/ros2_ws/install/action_interfaces:/opt/ros/humble'), ('SHELL', '/bin/bash'), ('LESSCLOSE', '/usr/bin/lesspipe %s %s'), ('VSCODE_GIT_ASKPASS_EXTRA_ARGS', ''), ('PWD', '/home/ibrahim/BinPicking/build/moveit_config'), ('COPILOT_DEBUG_NONCE', 'd05f4ba8ec07642c4df8354ff840a334'), ('XDG_DATA_DIRS', '/usr/local/share:/usr/share:/var/lib/snapd/desktop'), ('PYTHONPATH', '/home/ibrahim/BinPicking/install/linkattacher_msgs/local/lib/python3.10/dist-packages:/home/ibrahim/RobotArmExpanded/install/action_interfaces/local/lib/python3.10/dist-packages:/home/ibrahim/RobotArm/install/action_interfaces/local/lib/python3.10/dist-packages:/home/ibrahim/RobotNav/install/action_interfaces/local/lib/python3.10/dist-packages:/home/ibrahim/ros2_ws/install/action_interfaces/local/lib/python3.10/dist-packages:/opt/ros/humble/lib/python3.10/site-packages:/opt/ros/humble/local/lib/python3.10/dist-packages'), ('COLCON', '1'), ('WSL2_GUI_APPS_ENABLED', '1'), ('HOSTTYPE', 'x86_64'), ('CMAKE_PREFIX_PATH', '/home/ibrahim/BinPicking/install/bin_nodes:/home/ibrahim/BinPicking/install/linkattacher_msgs:/home/ibrahim/BinPicking/install/ros2_linkattacher:/home/ibrahim/BinPicking/install/moveit_config:/home/ibrahim/RobotArmExpanded/install/main_arm_package:/home/ibrahim/RobotArmExpanded/install/action_interfaces:/home/ibrahim/MoveItArm/install/moveit_config:/home/ibrahim/MoveItArm/install/moveit_arm_package:/home/ibrahim/TF2Sample/install/tf2sim:/home/ibrahim/RobotNav/install/main_robot_nodes:/home/ibrahim/RobotNav/install/action_interfaces:/home/ibrahim/RobotMonitor/install/Robot3Node_Package:/home/ibrahim/ros2_ws/install/my_first_package:/home/ibrahim/ros2_ws/install/action_interfaces:/home/ibrahim/RobotArm/install/main_arm_package:/home/ibrahim/RobotArm/install/action_interfaces:/opt/ros/humble'), ('WSLENV', 'VSCODE_WSL_EXT_LOCATION/up')]), 'shell': False}
[10.014992] (moveit_config) CommandEnded: {'returncode': 0}
[10.015962] (moveit_config) JobProgress: {'identifier': 'moveit_config', 'progress': 'install'}
[10.017070] (moveit_config) Command: {'cmd': ['/usr/bin/cmake', '--install', '/home/ibrahim/BinPicking/build/moveit_config'], 'cwd': '/home/ibrahim/BinPicking/build/moveit_config', 'env': OrderedDict([('PYTHON_BASIC_REPL', '1'), ('LESSOPEN', '| /usr/bin/lesspipe %s'), ('USER', 'ibrahim'), ('GIT_ASKPASS', '/home/ibrahim/.vscode-server/bin/7e7950df89d055b5a378379db9ee14290772148a/extensions/git/dist/askpass.sh'), ('SHLVL', '1'), ('LD_LIBRARY_PATH', '/home/ibrahim/BinPicking/install/linkattacher_msgs/lib:/home/ibrahim/BinPicking/install/ros2_linkattacher/lib:/home/ibrahim/RobotArmExpanded/install/action_interfaces/lib:/home/ibrahim/RobotArm/install/action_interfaces/lib:/home/ibrahim/RobotNav/install/action_interfaces/lib:/home/ibrahim/ros2_ws/install/action_interfaces/lib:/usr/lib/x86_64-linux-gnu/gazebo-11/plugins:/opt/ros/humble/opt/rviz_ogre_vendor/lib:/opt/ros/humble/lib/x86_64-linux-gnu:/opt/ros/humble/lib'), ('HOME', '/home/ibrahim'), ('OLDPWD', '/home/ibrahim/BinPicking/src'), ('TERM_PROGRAM_VERSION', '1.126.0'), ('VSCODE_IPC_HOOK_CLI', '/run/user/1000/vscode-ipc-526a32f8-c8d3-4116-acd1-62ce41b7aaf8.sock'), ('ROS_PYTHON_VERSION', '3'), ('VSCODE_GIT_ASKPASS_MAIN', '/home/ibrahim/.vscode-server/bin/7e7950df89d055b5a378379db9ee14290772148a/extensions/git/dist/askpass-main.js'), ('VSCODE_GIT_ASKPASS_NODE', '/home/ibrahim/.vscode-server/bin/7e7950df89d055b5a378379db9ee14290772148a/node'), ('PYDEVD_DISABLE_FILE_VALIDATION', '1'), ('BUNDLED_DEBUGPY_PATH', '/home/ibrahim/.vscode-server/extensions/ms-python.debugpy-2026.6.0-linux-x64/bundled/libs/debugpy'), ('VSCODE_PYTHON_AUTOACTIVATE_GUARD', '1'), ('DBUS_SESSION_BUS_ADDRESS', 'unix:path=/run/user/1000/bus'), ('COLORTERM', 'truecolor'), ('WSL_DISTRO_NAME', 'Ubuntu-22.04'), ('WAYLAND_DISPLAY', 'wayland-0'), ('COLCON_PREFIX_PATH', '/home/ibrahim/BinPicking/install:/home/ibrahim/MoveItArm/install:/home/ibrahim/RobotArmExpanded/install:/home/ibrahim/RobotArm/install:/home/ibrahim/TF2Sample/install:/home/ibrahim/RobotNav/install:/home/ibrahim/RobotMonitor/install:/home/ibrahim/ros2_ws/install'), ('ROS_DISTRO', 'humble'), ('LOGNAME', 'ibrahim'), ('NAME', 'Ibrahim-laptop'), ('WSL_INTEROP', '/run/WSL/411_interop'), ('PULSE_SERVER', 'unix:/mnt/wslg/PulseServer'), ('_', '/usr/bin/colcon'), ('ROS_VERSION', '2'), ('CLAUDE_CODE_SSE_PORT', '29659'), ('TERM', 'xterm-256color'), ('ROS_LOCALHOST_ONLY', '0'), ('PATH', '/home/ibrahim/.vscode-server/data/User/globalStorage/github.copilot-chat/debugCommand:/home/ibrahim/.vscode-server/data/User/globalStorage/github.copilot-chat/copilotCli:/home/ibrahim/.vscode-server/bin/7e7950df89d055b5a378379db9ee14290772148a/bin/remote-cli:/opt/ros/humble/bin:/usr/local/sbin:/usr/local/bin:/usr/sbin:/usr/bin:/sbin:/bin:/usr/games:/usr/local/games:/usr/lib/wsl/lib:/mnt/c/Windows/system32:/mnt/c/Windows:/mnt/c/Windows/System32/Wbem:/mnt/c/Windows/System32/WindowsPowerShell/v1.0/:/mnt/c/Windows/System32/OpenSSH/:/mnt/c/Program Files (x86)/NVIDIA Corporation/PhysX/Common:/mnt/c/Program Files/NVIDIA Corporation/NVIDIA App/NvDLISR:/mnt/c/Program Files/dotnet/:/mnt/c/Program Files/nodejs/:/mnt/c/Program Files/Git/cmd:/mnt/c/Program Files/PostgreSQL/18/bin:/mnt/c/Users/zanto/.local/bin:/mnt/c/Program Files/Docker/Docker/resources/bin:/mnt/c/Program Files/GitHub CLI/:/mnt/c/Users/zanto/AppData/Local/Programs/Python/Python312/Scripts/:/mnt/c/Users/zanto/AppData/Local/Programs/Python/Python312/:/mnt/c/Users/zanto/AppData/Local/Programs/Python/Python314/Scripts/:/mnt/c/Users/zanto/AppData/Local/Programs/Python/Python314/:/mnt/c/Users/zanto/AppData/Local/Microsoft/WindowsApps:/mnt/c/Users/zanto/AppData/Local/Programs/Microsoft VS Code/bin:/mnt/c/Users/zanto/AppData/Local/Programs/Ollama:/mnt/c/Users/zanto/AppData/Roaming/npm:/mnt/c/msys64/ucrt64/bin:/snap/bin:/home/ibrahim/.vscode-server/extensions/ms-python.debugpy-2026.6.0-linux-x64/bundled/scripts/noConfigScripts'), ('XDG_RUNTIME_DIR', '/run/user/1000/'), ('DISPLAY', ':0'), ('VSCODE_DEBUGPY_ADAPTER_ENDPOINTS', '/home/ibrahim/.vscode-server/extensions/ms-python.debugpy-2026.6.0-linux-x64/.noConfigDebugAdapterEndpoints/endpoint-b4e1a109d7f98f28.txt'), ('LANG', 'C.UTF-8'), ('PYTHONSTARTUP', '/home/ibrahim/.vscode-server/data/User/workspaceStorage/53d6af783f54596ecf064b03d33c69c7/ms-python.python/pythonrc.py'), ('RMW_IMPLEMENTATION', 'rmw_cyclonedds_cpp'), ('LS_COLORS', 'rs=0:di=01;34:ln=01;36:mh=00:pi=40;33:so=01;35:do=01;35:bd=40;33;01:cd=40;33;01:or=40;31;01:mi=00:su=37;41:sg=30;43:ca=30;41:tw=30;42:ow=34;42:st=37;44:ex=01;32:*.tar=01;31:*.tgz=01;31:*.arc=01;31:*.arj=01;31:*.taz=01;31:*.lha=01;31:*.lz4=01;31:*.lzh=01;31:*.lzma=01;31:*.tlz=01;31:*.txz=01;31:*.tzo=01;31:*.t7z=01;31:*.zip=01;31:*.z=01;31:*.dz=01;31:*.gz=01;31:*.lrz=01;31:*.lz=01;31:*.lzo=01;31:*.xz=01;31:*.zst=01;31:*.tzst=01;31:*.bz2=01;31:*.bz=01;31:*.tbz=01;31:*.tbz2=01;31:*.tz=01;31:*.deb=01;31:*.rpm=01;31:*.jar=01;31:*.war=01;31:*.ear=01;31:*.sar=01;31:*.rar=01;31:*.alz=01;31:*.ace=01;31:*.zoo=01;31:*.cpio=01;31:*.7z=01;31:*.rz=01;31:*.cab=01;31:*.wim=01;31:*.swm=01;31:*.dwm=01;31:*.esd=01;31:*.jpg=01;35:*.jpeg=01;35:*.mjpg=01;35:*.mjpeg=01;35:*.gif=01;35:*.bmp=01;35:*.pbm=01;35:*.pgm=01;35:*.ppm=01;35:*.tga=01;35:*.xbm=01;35:*.xpm=01;35:*.tif=01;35:*.tiff=01;35:*.png=01;35:*.svg=01;35:*.svgz=01;35:*.mng=01;35:*.pcx=01;35:*.mov=01;35:*.mpg=01;35:*.mpeg=01;35:*.m2v=01;35:*.mkv=01;35:*.webm=01;35:*.webp=01;35:*.ogm=01;35:*.mp4=01;35:*.m4v=01;35:*.mp4v=01;35:*.vob=01;35:*.qt=01;35:*.nuv=01;35:*.wmv=01;35:*.asf=01;35:*.rm=01;35:*.rmvb=01;35:*.flc=01;35:*.avi=01;35:*.fli=01;35:*.flv=01;35:*.gl=01;35:*.dl=01;35:*.xcf=01;35:*.xwd=01;35:*.yuv=01;35:*.cgm=01;35:*.emf=01;35:*.ogv=01;35:*.ogx=01;35:*.aac=00;36:*.au=00;36:*.flac=00;36:*.m4a=00;36:*.mid=00;36:*.midi=00;36:*.mka=00;36:*.mp3=00;36:*.mpc=00;36:*.ogg=00;36:*.ra=00;36:*.wav=00;36:*.oga=00;36:*.opus=00;36:*.spx=00;36:*.xspf=00;36:'), ('VSCODE_GIT_IPC_HANDLE', '/run/user/1000/vscode-git-6e1624529d.sock'), ('TERM_PROGRAM', 'vscode'), ('ROS_DOMAIN_ID', '10'), ('AMENT_PREFIX_PATH', '/home/ibrahim/BinPicking/install/ros2_linkattacher:/home/ibrahim/BinPicking/install/moveit_config:/home/ibrahim/BinPicking/install/linkattacher_msgs:/home/ibrahim/BinPicking/install/bin_nodes:/home/ibrahim/RobotArmExpanded/install/main_arm_package:/home/ibrahim/RobotArmExpanded/install/action_interfaces:/home/ibrahim/MoveItArm/install/moveit_config:/home/ibrahim/MoveItArm/install/moveit_arm_package:/home/ibrahim/RobotArm/install/main_arm_package:/home/ibrahim/RobotArm/install/action_interfaces:/home/ibrahim/TF2Sample/install/tf2sim:/home/ibrahim/RobotNav/install/main_robot_nodes:/home/ibrahim/RobotNav/install/action_interfaces:/home/ibrahim/RobotMonitor/install/Robot3Node_Package:/home/ibrahim/ros2_ws/install/my_first_package:/home/ibrahim/ros2_ws/install/action_interfaces:/opt/ros/humble'), ('SHELL', '/bin/bash'), ('LESSCLOSE', '/usr/bin/lesspipe %s %s'), ('VSCODE_GIT_ASKPASS_EXTRA_ARGS', ''), ('PWD', '/home/ibrahim/BinPicking/build/moveit_config'), ('COPILOT_DEBUG_NONCE', 'd05f4ba8ec07642c4df8354ff840a334'), ('XDG_DATA_DIRS', '/usr/local/share:/usr/share:/var/lib/snapd/desktop'), ('PYTHONPATH', '/home/ibrahim/BinPicking/install/linkattacher_msgs/local/lib/python3.10/dist-packages:/home/ibrahim/RobotArmExpanded/install/action_interfaces/local/lib/python3.10/dist-packages:/home/ibrahim/RobotArm/install/action_interfaces/local/lib/python3.10/dist-packages:/home/ibrahim/RobotNav/install/action_interfaces/local/lib/python3.10/dist-packages:/home/ibrahim/ros2_ws/install/action_interfaces/local/lib/python3.10/dist-packages:/opt/ros/humble/lib/python3.10/site-packages:/opt/ros/humble/local/lib/python3.10/dist-packages'), ('COLCON', '1'), ('WSL2_GUI_APPS_ENABLED', '1'), ('HOSTTYPE', 'x86_64'), ('CMAKE_PREFIX_PATH', '/home/ibrahim/BinPicking/install/bin_nodes:/home/ibrahim/BinPicking/install/linkattacher_msgs:/home/ibrahim/BinPicking/install/ros2_linkattacher:/home/ibrahim/BinPicking/install/moveit_config:/home/ibrahim/RobotArmExpanded/install/main_arm_package:/home/ibrahim/RobotArmExpanded/install/action_interfaces:/home/ibrahim/MoveItArm/install/moveit_config:/home/ibrahim/MoveItArm/install/moveit_arm_package:/home/ibrahim/TF2Sample/install/tf2sim:/home/ibrahim/RobotNav/install/main_robot_nodes:/home/ibrahim/RobotNav/install/action_interfaces:/home/ibrahim/RobotMonitor/install/Robot3Node_Package:/home/ibrahim/ros2_ws/install/my_first_package:/home/ibrahim/ros2_ws/install/action_interfaces:/home/ibrahim/RobotArm/install/main_arm_package:/home/ibrahim/RobotArm/install/action_interfaces:/opt/ros/humble'), ('WSLENV', 'VSCODE_WSL_EXT_LOCATION/up')]), 'shell': False}
[10.027596] (moveit_config) StdoutLine: {'line': b'-- Install configuration: ""\n'}
[10.028155] (moveit_config) StdoutLine: {'line': b'-- Up-to-date: /home/ibrahim/BinPicking/install/moveit_config/share/ament_index/resource_index/package_run_dependencies/moveit_config\n'}
[10.028333] (moveit_config) StdoutLine: {'line': b'-- Up-to-date: /home/ibrahim/BinPicking/install/moveit_config/share/ament_index/resource_index/parent_prefix_path/moveit_config\n'}
[10.028378] (moveit_config) StdoutLine: {'line': b'-- Up-to-date: /home/ibrahim/BinPicking/install/moveit_config/share/moveit_config/environment/ament_prefix_path.sh\n'}
[10.028518] (moveit_config) StdoutLine: {'line': b'-- Up-to-date: /home/ibrahim/BinPicking/install/moveit_config/share/moveit_config/environment/ament_prefix_path.dsv\n'}
[10.028727] (moveit_config) StdoutLine: {'line': b'-- Up-to-date: /home/ibrahim/BinPicking/install/moveit_config/share/moveit_config/environment/path.sh\n'}
[10.028771] (moveit_config) StdoutLine: {'line': b'-- Up-to-date: /home/ibrahim/BinPicking/install/moveit_config/share/moveit_config/environment/path.dsv\n'}
[10.028805] (moveit_config) StdoutLine: {'line': b'-- Up-to-date: /home/ibrahim/BinPicking/install/moveit_config/share/moveit_config/local_setup.bash\n'}
[10.028838] (moveit_config) StdoutLine: {'line': b'-- Up-to-date: /home/ibrahim/BinPicking/install/moveit_config/share/moveit_config/local_setup.sh\n'}
[10.028870] (moveit_config) StdoutLine: {'line': b'-- Up-to-date: /home/ibrahim/BinPicking/install/moveit_config/share/moveit_config/local_setup.zsh\n'}
[10.028956] (moveit_config) StdoutLine: {'line': b'-- Up-to-date: /home/ibrahim/BinPicking/install/moveit_config/share/moveit_config/local_setup.dsv\n'}
[10.028989] (moveit_config) StdoutLine: {'line': b'-- Installing: /home/ibrahim/BinPicking/install/moveit_config/share/moveit_config/package.dsv\n'}
[10.029249] (moveit_config) StdoutLine: {'line': b'-- Up-to-date: /home/ibrahim/BinPicking/install/moveit_config/share/ament_index/resource_index/packages/moveit_config\n'}
[10.029448] (moveit_config) StdoutLine: {'line': b'-- Up-to-date: /home/ibrahim/BinPicking/install/moveit_config/share/moveit_config/cmake/moveit_configConfig.cmake\n'}
[10.029573] (moveit_config) StdoutLine: {'line': b'-- Up-to-date: /home/ibrahim/BinPicking/install/moveit_config/share/moveit_config/cmake/moveit_configConfig-version.cmake\n'}
[10.029729] (moveit_config) StdoutLine: {'line': b'-- Up-to-date: /home/ibrahim/BinPicking/install/moveit_config/share/moveit_config/package.xml\n'}
[10.029774] (moveit_config) StdoutLine: {'line': b'-- Up-to-date: /home/ibrahim/BinPicking/install/moveit_config/share/moveit_config/launch\n'}
[10.029809] (moveit_config) StdoutLine: {'line': b'-- Up-to-date: /home/ibrahim/BinPicking/install/moveit_config/share/moveit_config/launch/move_group.launch.py\n'}
[10.029881] (moveit_config) StdoutLine: {'line': b'-- Up-to-date: /home/ibrahim/BinPicking/install/moveit_config/share/moveit_config/launch/static_virtual_joint_tfs.launch.py\n'}
[10.029956] (moveit_config) StdoutLine: {'line': b'-- Up-to-date: /home/ibrahim/BinPicking/install/moveit_config/share/moveit_config/launch/spawn_controllers.launch.py\n'}
[10.030019] (moveit_config) StdoutLine: {'line': b'-- Up-to-date: /home/ibrahim/BinPicking/install/moveit_config/share/moveit_config/launch/__pycache__\n'}
[10.030231] (moveit_config) StdoutLine: {'line': b'-- Up-to-date: /home/ibrahim/BinPicking/install/moveit_config/share/moveit_config/launch/__pycache__/pick_and_place.launch.cpython-310.pyc\n'}
[10.030378] (moveit_config) StdoutLine: {'line': b'-- Up-to-date: /home/ibrahim/BinPicking/install/moveit_config/share/moveit_config/launch/__pycache__/gazebo.launch.cpython-310.pyc\n'}
[10.030517] (moveit_config) StdoutLine: {'line': b'-- Up-to-date: /home/ibrahim/BinPicking/install/moveit_config/share/moveit_config/launch/gazebo.launch.py\n'}
[10.030634] (moveit_config) StdoutLine: {'line': b'-- Up-to-date: /home/ibrahim/BinPicking/install/moveit_config/share/moveit_config/launch/rsp.launch.py\n'}
[10.030764] (moveit_config) StdoutLine: {'line': b'-- Up-to-date: /home/ibrahim/BinPicking/install/moveit_config/share/moveit_config/launch/moveit_rviz.launch.py\n'}
[10.030880] (moveit_config) StdoutLine: {'line': b'-- Up-to-date: /home/ibrahim/BinPicking/install/moveit_config/share/moveit_config/launch/warehouse_db.launch.py\n'}
[10.031004] (moveit_config) StdoutLine: {'line': b'-- Up-to-date: /home/ibrahim/BinPicking/install/moveit_config/share/moveit_config/launch/pick_and_place.launch.py\n'}
[10.031292] (moveit_config) StdoutLine: {'line': b'-- Up-to-date: /home/ibrahim/BinPicking/install/moveit_config/share/moveit_config/launch/demo.launch.py\n'}
[10.031438] (moveit_config) StdoutLine: {'line': b'-- Up-to-date: /home/ibrahim/BinPicking/install/moveit_config/share/moveit_config/launch/setup_assistant.launch.py\n'}
[10.031545] (moveit_config) StdoutLine: {'line': b'-- Up-to-date: /home/ibrahim/BinPicking/install/moveit_config/share/moveit_config/config\n'}
[10.031648] (moveit_config) StdoutLine: {'line': b'-- Up-to-date: /home/ibrahim/BinPicking/install/moveit_config/share/moveit_config/config/initial_positions.yaml\n'}
[10.031759] (moveit_config) StdoutLine: {'line': b'-- Up-to-date: /home/ibrahim/BinPicking/install/moveit_config/share/moveit_config/config/robot_arm.ros2_control.xacro\n'}
[10.031805] (moveit_config) StdoutLine: {'line': b'-- Up-to-date: /home/ibrahim/BinPicking/install/moveit_config/share/moveit_config/config/kinematics.yaml\n'}
[10.031838] (moveit_config) StdoutLine: {'line': b'-- Up-to-date: /home/ibrahim/BinPicking/install/moveit_config/share/moveit_config/config/robot_arm.urdf.xacro\n'}
[10.031872] (moveit_config) StdoutLine: {'line': b'-- Up-to-date: /home/ibrahim/BinPicking/install/moveit_config/share/moveit_config/config/sensors_3d.yaml\n'}
[10.031901] (moveit_config) StdoutLine: {'line': b'-- Up-to-date: /home/ibrahim/BinPicking/install/moveit_config/share/moveit_config/config/moveit_controllers.yaml\n'}
[10.031928] (moveit_config) StdoutLine: {'line': b'-- Up-to-date: /home/ibrahim/BinPicking/install/moveit_config/share/moveit_config/config/moveit.rviz\n'}
[10.031956] (moveit_config) StdoutLine: {'line': b'-- Up-to-date: /home/ibrahim/BinPicking/install/moveit_config/share/moveit_config/config/pilz_cartesian_limits.yaml\n'}
[10.031991] (moveit_config) StdoutLine: {'line': b'-- Up-to-date: /home/ibrahim/BinPicking/install/moveit_config/share/moveit_config/config/joint_limits.yaml\n'}
[10.032020] (moveit_config) StdoutLine: {'line': b'-- Up-to-date: /home/ibrahim/BinPicking/install/moveit_config/share/moveit_config/config/ros2_controllers.yaml\n'}
[10.032047] (moveit_config) StdoutLine: {'line': b'-- Up-to-date: /home/ibrahim/BinPicking/install/moveit_config/share/moveit_config/config/robot_arm.srdf\n'}
[10.032075] (moveit_config) StdoutLine: {'line': b'-- Up-to-date: /home/ibrahim/BinPicking/install/moveit_config/share/moveit_config/.setup_assistant\n'}
[10.033811] (moveit_config) CommandEnded: {'returncode': 0}
[10.042702] (-) TimerEvent: {}
[10.044516] (moveit_config) JobEnded: {'identifier': 'moveit_config', 'rc': 0}
[10.045755] (-) EventReactorShutdown: {}
