[0.000000] (-) TimerEvent: {}
[0.000669] (linkattacher_msgs) JobQueued: {'identifier': 'linkattacher_msgs', 'dependencies': OrderedDict()}
[0.000726] (bin_nodes) JobQueued: {'identifier': 'bin_nodes', 'dependencies': OrderedDict([('linkattacher_msgs', '/home/ibrahim/BinPicking/install/linkattacher_msgs')])}
[0.000764] (ros2_linkattacher) JobQueued: {'identifier': 'ros2_linkattacher', 'dependencies': OrderedDict([('linkattacher_msgs', '/home/ibrahim/BinPicking/install/linkattacher_msgs')])}
[0.000815] (moveit_config) JobQueued: {'identifier': 'moveit_config', 'dependencies': OrderedDict([('linkattacher_msgs', '/home/ibrahim/BinPicking/install/linkattacher_msgs'), ('bin_nodes', '/home/ibrahim/BinPicking/install/bin_nodes')])}
[0.000851] (linkattacher_msgs) JobStarted: {'identifier': 'linkattacher_msgs'}
[0.011900] (linkattacher_msgs) JobProgress: {'identifier': 'linkattacher_msgs', 'progress': 'cmake'}
[0.012861] (linkattacher_msgs) JobProgress: {'identifier': 'linkattacher_msgs', 'progress': 'build'}
[0.013039] (linkattacher_msgs) Command: {'cmd': ['/usr/bin/cmake', '--build', '/home/ibrahim/BinPicking/build/linkattacher_msgs', '--', '-j16', '-l16'], 'cwd': '/home/ibrahim/BinPicking/build/linkattacher_msgs', 'env': OrderedDict([('PYTHON_BASIC_REPL', '1'), ('LESSOPEN', '| /usr/bin/lesspipe %s'), ('USER', 'ibrahim'), ('GIT_ASKPASS', '/home/ibrahim/.vscode-server/bin/4fe60c8b1cdac1c4c174f2fb180d0d758272d713/extensions/git/dist/askpass.sh'), ('SHLVL', '1'), ('LD_LIBRARY_PATH', '/home/ibrahim/BinPicking/install/ros2_linkattacher/lib:/home/ibrahim/BinPicking/install/linkattacher_msgs/lib:/home/ibrahim/RobotArmExpanded/install/action_interfaces/lib:/home/ibrahim/RobotArm/install/action_interfaces/lib:/home/ibrahim/RobotNav/install/action_interfaces/lib:/home/ibrahim/ros2_ws/install/action_interfaces/lib:/usr/lib/x86_64-linux-gnu/gazebo-11/plugins:/opt/ros/humble/opt/rviz_ogre_vendor/lib:/opt/ros/humble/lib/x86_64-linux-gnu:/opt/ros/humble/lib'), ('HOME', '/home/ibrahim'), ('TERM_PROGRAM_VERSION', '1.127.0'), ('VSCODE_IPC_HOOK_CLI', '/run/user/1000/vscode-ipc-f56497ac-26c8-4238-ac57-aa6c35150e6d.sock'), ('ROS_PYTHON_VERSION', '3'), ('VSCODE_GIT_ASKPASS_MAIN', '/home/ibrahim/.vscode-server/bin/4fe60c8b1cdac1c4c174f2fb180d0d758272d713/extensions/git/dist/askpass-main.js'), ('VSCODE_GIT_ASKPASS_NODE', '/home/ibrahim/.vscode-server/bin/4fe60c8b1cdac1c4c174f2fb180d0d758272d713/node'), ('PYDEVD_DISABLE_FILE_VALIDATION', '1'), ('BUNDLED_DEBUGPY_PATH', '/home/ibrahim/.vscode-server/extensions/ms-python.debugpy-2026.6.0-linux-x64/bundled/libs/debugpy'), ('VSCODE_PYTHON_AUTOACTIVATE_GUARD', '1'), ('DBUS_SESSION_BUS_ADDRESS', 'unix:path=/run/user/1000/bus'), ('COLORTERM', 'truecolor'), ('WSL_DISTRO_NAME', 'Ubuntu-22.04'), ('WAYLAND_DISPLAY', 'wayland-0'), ('COLCON_PREFIX_PATH', '/home/ibrahim/BinPicking/install:/home/ibrahim/MoveItArm/install:/home/ibrahim/RobotArmExpanded/install:/home/ibrahim/RobotArm/install:/home/ibrahim/TF2Sample/install:/home/ibrahim/RobotNav/install:/home/ibrahim/RobotMonitor/install:/home/ibrahim/ros2_ws/install'), ('ROS_DISTRO', 'humble'), ('LOGNAME', 'ibrahim'), ('NAME', 'Ibrahim-laptop'), ('WSL_INTEROP', '/run/WSL/409_interop'), ('PULSE_SERVER', 'unix:/mnt/wslg/PulseServer'), ('_', '/usr/bin/colcon'), ('ROS_VERSION', '2'), ('CLAUDE_CODE_SSE_PORT', '15232'), ('TERM', 'xterm-256color'), ('ROS_LOCALHOST_ONLY', '0'), ('PATH', '/home/ibrahim/.vscode-server/data/User/globalStorage/github.copilot-chat/debugCommand:/home/ibrahim/.vscode-server/data/User/globalStorage/github.copilot-chat/copilotCli:/home/ibrahim/.vscode-server/bin/4fe60c8b1cdac1c4c174f2fb180d0d758272d713/bin/remote-cli:/opt/ros/humble/bin:/usr/local/sbin:/usr/local/bin:/usr/sbin:/usr/bin:/sbin:/bin:/usr/games:/usr/local/games:/usr/lib/wsl/lib:/mnt/c/Windows/system32:/mnt/c/Windows:/mnt/c/Windows/System32/Wbem:/mnt/c/Windows/System32/WindowsPowerShell/v1.0/:/mnt/c/Windows/System32/OpenSSH/:/mnt/c/Program Files (x86)/NVIDIA Corporation/PhysX/Common:/mnt/c/Program Files/NVIDIA Corporation/NVIDIA App/NvDLISR:/mnt/c/Program Files/dotnet/:/mnt/c/Program Files/nodejs/:/mnt/c/Program Files/Git/cmd:/mnt/c/Program Files/PostgreSQL/18/bin:/mnt/c/Users/zanto/.local/bin:/mnt/c/Program Files/Docker/Docker/resources/bin:/mnt/c/Program Files/GitHub CLI/:/mnt/c/Users/zanto/AppData/Local/Programs/Python/Python312/Scripts/:/mnt/c/Users/zanto/AppData/Local/Programs/Python/Python312/:/mnt/c/Users/zanto/AppData/Local/Programs/Python/Python314/Scripts/:/mnt/c/Users/zanto/AppData/Local/Programs/Python/Python314/:/mnt/c/Users/zanto/AppData/Local/Microsoft/WindowsApps:/mnt/c/Users/zanto/AppData/Local/Programs/Microsoft VS Code/bin:/mnt/c/Users/zanto/AppData/Local/Programs/Ollama:/mnt/c/Users/zanto/AppData/Roaming/npm:/mnt/c/msys64/ucrt64/bin:/snap/bin:/home/ibrahim/.vscode-server/extensions/ms-python.debugpy-2026.6.0-linux-x64/bundled/scripts/noConfigScripts'), ('XDG_RUNTIME_DIR', '/run/user/1000/'), ('DISPLAY', ':0'), ('VSCODE_DEBUGPY_ADAPTER_ENDPOINTS', '/home/ibrahim/.vscode-server/extensions/ms-python.debugpy-2026.6.0-linux-x64/.noConfigDebugAdapterEndpoints/endpoint-5f2293e981f4d090.txt'), ('LANG', 'C.UTF-8'), ('PYTHONSTARTUP', '/home/ibrahim/.vscode-server/data/User/workspaceStorage/53d6af783f54596ecf064b03d33c69c7/ms-python.python/pythonrc.py'), ('RMW_IMPLEMENTATION', 'rmw_cyclonedds_cpp'), ('LS_COLORS', 'rs=0:di=01;34:ln=01;36:mh=00:pi=40;33:so=01;35:do=01;35:bd=40;33;01:cd=40;33;01:or=40;31;01:mi=00:su=37;41:sg=30;43:ca=30;41:tw=30;42:ow=34;42:st=37;44:ex=01;32:*.tar=01;31:*.tgz=01;31:*.arc=01;31:*.arj=01;31:*.taz=01;31:*.lha=01;31:*.lz4=01;31:*.lzh=01;31:*.lzma=01;31:*.tlz=01;31:*.txz=01;31:*.tzo=01;31:*.t7z=01;31:*.zip=01;31:*.z=01;31:*.dz=01;31:*.gz=01;31:*.lrz=01;31:*.lz=01;31:*.lzo=01;31:*.xz=01;31:*.zst=01;31:*.tzst=01;31:*.bz2=01;31:*.bz=01;31:*.tbz=01;31:*.tbz2=01;31:*.tz=01;31:*.deb=01;31:*.rpm=01;31:*.jar=01;31:*.war=01;31:*.ear=01;31:*.sar=01;31:*.rar=01;31:*.alz=01;31:*.ace=01;31:*.zoo=01;31:*.cpio=01;31:*.7z=01;31:*.rz=01;31:*.cab=01;31:*.wim=01;31:*.swm=01;31:*.dwm=01;31:*.esd=01;31:*.jpg=01;35:*.jpeg=01;35:*.mjpg=01;35:*.mjpeg=01;35:*.gif=01;35:*.bmp=01;35:*.pbm=01;35:*.pgm=01;35:*.ppm=01;35:*.tga=01;35:*.xbm=01;35:*.xpm=01;35:*.tif=01;35:*.tiff=01;35:*.png=01;35:*.svg=01;35:*.svgz=01;35:*.mng=01;35:*.pcx=01;35:*.mov=01;35:*.mpg=01;35:*.mpeg=01;35:*.m2v=01;35:*.mkv=01;35:*.webm=01;35:*.webp=01;35:*.ogm=01;35:*.mp4=01;35:*.m4v=01;35:*.mp4v=01;35:*.vob=01;35:*.qt=01;35:*.nuv=01;35:*.wmv=01;35:*.asf=01;35:*.rm=01;35:*.rmvb=01;35:*.flc=01;35:*.avi=01;35:*.fli=01;35:*.flv=01;35:*.gl=01;35:*.dl=01;35:*.xcf=01;35:*.xwd=01;35:*.yuv=01;35:*.cgm=01;35:*.emf=01;35:*.ogv=01;35:*.ogx=01;35:*.aac=00;36:*.au=00;36:*.flac=00;36:*.m4a=00;36:*.mid=00;36:*.midi=00;36:*.mka=00;36:*.mp3=00;36:*.mpc=00;36:*.ogg=00;36:*.ra=00;36:*.wav=00;36:*.oga=00;36:*.opus=00;36:*.spx=00;36:*.xspf=00;36:'), ('VSCODE_GIT_IPC_HANDLE', '/run/user/1000/vscode-git-6e1624529d.sock'), ('TERM_PROGRAM', 'vscode'), ('ROS_DOMAIN_ID', '10'), ('AMENT_PREFIX_PATH', '/home/ibrahim/BinPicking/install/ros2_linkattacher:/home/ibrahim/BinPicking/install/moveit_config:/home/ibrahim/BinPicking/install/bin_nodes:/home/ibrahim/BinPicking/install/linkattacher_msgs:/home/ibrahim/RobotArmExpanded/install/main_arm_package:/home/ibrahim/RobotArmExpanded/install/action_interfaces:/home/ibrahim/MoveItArm/install/moveit_config:/home/ibrahim/MoveItArm/install/moveit_arm_package:/home/ibrahim/RobotArm/install/main_arm_package:/home/ibrahim/RobotArm/install/action_interfaces:/home/ibrahim/TF2Sample/install/tf2sim:/home/ibrahim/RobotNav/install/main_robot_nodes:/home/ibrahim/RobotNav/install/action_interfaces:/home/ibrahim/RobotMonitor/install/Robot3Node_Package:/home/ibrahim/ros2_ws/install/my_first_package:/home/ibrahim/ros2_ws/install/action_interfaces:/opt/ros/humble'), ('SHELL', '/bin/bash'), ('LESSCLOSE', '/usr/bin/lesspipe %s %s'), ('VSCODE_GIT_ASKPASS_EXTRA_ARGS', ''), ('PWD', '/home/ibrahim/BinPicking/build/linkattacher_msgs'), ('COPILOT_DEBUG_NONCE', 'd05f4ba8ec07642c4df8354ff840a334'), ('XDG_DATA_DIRS', '/usr/local/share:/usr/share:/var/lib/snapd/desktop'), ('PYTHONPATH', '/home/ibrahim/BinPicking/install/linkattacher_msgs/local/lib/python3.10/dist-packages:/home/ibrahim/RobotArmExpanded/install/action_interfaces/local/lib/python3.10/dist-packages:/home/ibrahim/RobotArm/install/action_interfaces/local/lib/python3.10/dist-packages:/home/ibrahim/RobotNav/install/action_interfaces/local/lib/python3.10/dist-packages:/home/ibrahim/ros2_ws/install/action_interfaces/local/lib/python3.10/dist-packages:/opt/ros/humble/lib/python3.10/site-packages:/opt/ros/humble/local/lib/python3.10/dist-packages'), ('COLCON', '1'), ('WSL2_GUI_APPS_ENABLED', '1'), ('HOSTTYPE', 'x86_64'), ('CMAKE_PREFIX_PATH', '/home/ibrahim/BinPicking/install/ros2_linkattacher:/home/ibrahim/BinPicking/install/moveit_config:/home/ibrahim/BinPicking/install/bin_nodes:/home/ibrahim/BinPicking/install/linkattacher_msgs:/home/ibrahim/RobotArmExpanded/install/main_arm_package:/home/ibrahim/RobotArmExpanded/install/action_interfaces:/home/ibrahim/MoveItArm/install/moveit_config:/home/ibrahim/MoveItArm/install/moveit_arm_package:/home/ibrahim/TF2Sample/install/tf2sim:/home/ibrahim/RobotNav/install/main_robot_nodes:/home/ibrahim/RobotNav/install/action_interfaces:/home/ibrahim/RobotMonitor/install/Robot3Node_Package:/home/ibrahim/ros2_ws/install/my_first_package:/home/ibrahim/ros2_ws/install/action_interfaces:/home/ibrahim/RobotArm/install/main_arm_package:/home/ibrahim/RobotArm/install/action_interfaces:/opt/ros/humble'), ('WSLENV', 'VSCODE_WSL_EXT_LOCATION/up')]), 'shell': False}
[0.072244] (linkattacher_msgs) StdoutLine: {'line': b'[ 10%] Built target linkattacher_msgs__cpp\n'}
[0.072592] (linkattacher_msgs) StdoutLine: {'line': b'[ 10%] Built target linkattacher_msgs__rs\n'}
[0.072684] (linkattacher_msgs) StdoutLine: {'line': b'[ 15%] Built target linkattacher_msgs__rosidl_generator_c\n'}
[0.085455] (linkattacher_msgs) StdoutLine: {'line': b'[ 15%] Built target ament_cmake_python_copy_linkattacher_msgs\n'}
[0.099377] (-) TimerEvent: {}
[0.101771] (linkattacher_msgs) StdoutLine: {'line': b'[ 50%] Built target linkattacher_msgs__rosidl_typesupport_introspection_cpp\n'}
[0.102254] (linkattacher_msgs) StdoutLine: {'line': b'[ 62%] Built target linkattacher_msgs__rosidl_typesupport_cpp\n'}
[0.102477] (linkattacher_msgs) StdoutLine: {'line': b'[ 62%] Built target linkattacher_msgs__rosidl_typesupport_introspection_c\n'}
[0.102542] (linkattacher_msgs) StdoutLine: {'line': b'[ 62%] Built target linkattacher_msgs__rosidl_typesupport_c\n'}
[0.102748] (linkattacher_msgs) StdoutLine: {'line': b'[ 65%] Built target linkattacher_msgs__rosidl_typesupport_fastrtps_cpp\n'}
[0.102826] (linkattacher_msgs) StdoutLine: {'line': b'[ 75%] Built target linkattacher_msgs__rosidl_typesupport_fastrtps_c\n'}
[0.127406] (linkattacher_msgs) StdoutLine: {'line': b'[ 75%] Built target linkattacher_msgs\n'}
[0.151441] (linkattacher_msgs) StdoutLine: {'line': b'[ 77%] Built target linkattacher_msgs__py\n'}
[0.178066] (linkattacher_msgs) StdoutLine: {'line': b'[ 85%] Built target linkattacher_msgs__rosidl_generator_py\n'}
[0.199506] (-) TimerEvent: {}
[0.206272] (linkattacher_msgs) StdoutLine: {'line': b'[100%] Built target linkattacher_msgs__rosidl_typesupport_fastrtps_c__pyext\n'}
[0.206557] (linkattacher_msgs) StdoutLine: {'line': b'[100%] Built target linkattacher_msgs__rosidl_typesupport_introspection_c__pyext\n'}
[0.206785] (linkattacher_msgs) StdoutLine: {'line': b'[100%] Built target linkattacher_msgs__rosidl_typesupport_c__pyext\n'}
[0.265331] (linkattacher_msgs) StdoutLine: {'line': b'running egg_info\n'}
[0.266067] (linkattacher_msgs) StdoutLine: {'line': b'writing linkattacher_msgs.egg-info/PKG-INFO\n'}
[0.266317] (linkattacher_msgs) StdoutLine: {'line': b'writing dependency_links to linkattacher_msgs.egg-info/dependency_links.txt\n'}
[0.266537] (linkattacher_msgs) StdoutLine: {'line': b'writing top-level names to linkattacher_msgs.egg-info/top_level.txt\n'}
[0.267955] (linkattacher_msgs) StdoutLine: {'line': b"reading manifest file 'linkattacher_msgs.egg-info/SOURCES.txt'\n"}
[0.268335] (linkattacher_msgs) StdoutLine: {'line': b"writing manifest file 'linkattacher_msgs.egg-info/SOURCES.txt'\n"}
[0.292170] (linkattacher_msgs) StdoutLine: {'line': b'[100%] Built target ament_cmake_python_build_linkattacher_msgs_egg\n'}
[0.299639] (-) TimerEvent: {}
[0.306158] (linkattacher_msgs) CommandEnded: {'returncode': 0}
[0.306867] (linkattacher_msgs) JobProgress: {'identifier': 'linkattacher_msgs', 'progress': 'install'}
[0.317515] (linkattacher_msgs) Command: {'cmd': ['/usr/bin/cmake', '--install', '/home/ibrahim/BinPicking/build/linkattacher_msgs'], 'cwd': '/home/ibrahim/BinPicking/build/linkattacher_msgs', 'env': OrderedDict([('PYTHON_BASIC_REPL', '1'), ('LESSOPEN', '| /usr/bin/lesspipe %s'), ('USER', 'ibrahim'), ('GIT_ASKPASS', '/home/ibrahim/.vscode-server/bin/4fe60c8b1cdac1c4c174f2fb180d0d758272d713/extensions/git/dist/askpass.sh'), ('SHLVL', '1'), ('LD_LIBRARY_PATH', '/home/ibrahim/BinPicking/install/ros2_linkattacher/lib:/home/ibrahim/BinPicking/install/linkattacher_msgs/lib:/home/ibrahim/RobotArmExpanded/install/action_interfaces/lib:/home/ibrahim/RobotArm/install/action_interfaces/lib:/home/ibrahim/RobotNav/install/action_interfaces/lib:/home/ibrahim/ros2_ws/install/action_interfaces/lib:/usr/lib/x86_64-linux-gnu/gazebo-11/plugins:/opt/ros/humble/opt/rviz_ogre_vendor/lib:/opt/ros/humble/lib/x86_64-linux-gnu:/opt/ros/humble/lib'), ('HOME', '/home/ibrahim'), ('TERM_PROGRAM_VERSION', '1.127.0'), ('VSCODE_IPC_HOOK_CLI', '/run/user/1000/vscode-ipc-f56497ac-26c8-4238-ac57-aa6c35150e6d.sock'), ('ROS_PYTHON_VERSION', '3'), ('VSCODE_GIT_ASKPASS_MAIN', '/home/ibrahim/.vscode-server/bin/4fe60c8b1cdac1c4c174f2fb180d0d758272d713/extensions/git/dist/askpass-main.js'), ('VSCODE_GIT_ASKPASS_NODE', '/home/ibrahim/.vscode-server/bin/4fe60c8b1cdac1c4c174f2fb180d0d758272d713/node'), ('PYDEVD_DISABLE_FILE_VALIDATION', '1'), ('BUNDLED_DEBUGPY_PATH', '/home/ibrahim/.vscode-server/extensions/ms-python.debugpy-2026.6.0-linux-x64/bundled/libs/debugpy'), ('VSCODE_PYTHON_AUTOACTIVATE_GUARD', '1'), ('DBUS_SESSION_BUS_ADDRESS', 'unix:path=/run/user/1000/bus'), ('COLORTERM', 'truecolor'), ('WSL_DISTRO_NAME', 'Ubuntu-22.04'), ('WAYLAND_DISPLAY', 'wayland-0'), ('COLCON_PREFIX_PATH', '/home/ibrahim/BinPicking/install:/home/ibrahim/MoveItArm/install:/home/ibrahim/RobotArmExpanded/install:/home/ibrahim/RobotArm/install:/home/ibrahim/TF2Sample/install:/home/ibrahim/RobotNav/install:/home/ibrahim/RobotMonitor/install:/home/ibrahim/ros2_ws/install'), ('ROS_DISTRO', 'humble'), ('LOGNAME', 'ibrahim'), ('NAME', 'Ibrahim-laptop'), ('WSL_INTEROP', '/run/WSL/409_interop'), ('PULSE_SERVER', 'unix:/mnt/wslg/PulseServer'), ('_', '/usr/bin/colcon'), ('ROS_VERSION', '2'), ('CLAUDE_CODE_SSE_PORT', '15232'), ('TERM', 'xterm-256color'), ('ROS_LOCALHOST_ONLY', '0'), ('PATH', '/home/ibrahim/.vscode-server/data/User/globalStorage/github.copilot-chat/debugCommand:/home/ibrahim/.vscode-server/data/User/globalStorage/github.copilot-chat/copilotCli:/home/ibrahim/.vscode-server/bin/4fe60c8b1cdac1c4c174f2fb180d0d758272d713/bin/remote-cli:/opt/ros/humble/bin:/usr/local/sbin:/usr/local/bin:/usr/sbin:/usr/bin:/sbin:/bin:/usr/games:/usr/local/games:/usr/lib/wsl/lib:/mnt/c/Windows/system32:/mnt/c/Windows:/mnt/c/Windows/System32/Wbem:/mnt/c/Windows/System32/WindowsPowerShell/v1.0/:/mnt/c/Windows/System32/OpenSSH/:/mnt/c/Program Files (x86)/NVIDIA Corporation/PhysX/Common:/mnt/c/Program Files/NVIDIA Corporation/NVIDIA App/NvDLISR:/mnt/c/Program Files/dotnet/:/mnt/c/Program Files/nodejs/:/mnt/c/Program Files/Git/cmd:/mnt/c/Program Files/PostgreSQL/18/bin:/mnt/c/Users/zanto/.local/bin:/mnt/c/Program Files/Docker/Docker/resources/bin:/mnt/c/Program Files/GitHub CLI/:/mnt/c/Users/zanto/AppData/Local/Programs/Python/Python312/Scripts/:/mnt/c/Users/zanto/AppData/Local/Programs/Python/Python312/:/mnt/c/Users/zanto/AppData/Local/Programs/Python/Python314/Scripts/:/mnt/c/Users/zanto/AppData/Local/Programs/Python/Python314/:/mnt/c/Users/zanto/AppData/Local/Microsoft/WindowsApps:/mnt/c/Users/zanto/AppData/Local/Programs/Microsoft VS Code/bin:/mnt/c/Users/zanto/AppData/Local/Programs/Ollama:/mnt/c/Users/zanto/AppData/Roaming/npm:/mnt/c/msys64/ucrt64/bin:/snap/bin:/home/ibrahim/.vscode-server/extensions/ms-python.debugpy-2026.6.0-linux-x64/bundled/scripts/noConfigScripts'), ('XDG_RUNTIME_DIR', '/run/user/1000/'), ('DISPLAY', ':0'), ('VSCODE_DEBUGPY_ADAPTER_ENDPOINTS', '/home/ibrahim/.vscode-server/extensions/ms-python.debugpy-2026.6.0-linux-x64/.noConfigDebugAdapterEndpoints/endpoint-5f2293e981f4d090.txt'), ('LANG', 'C.UTF-8'), ('PYTHONSTARTUP', '/home/ibrahim/.vscode-server/data/User/workspaceStorage/53d6af783f54596ecf064b03d33c69c7/ms-python.python/pythonrc.py'), ('RMW_IMPLEMENTATION', 'rmw_cyclonedds_cpp'), ('LS_COLORS', 'rs=0:di=01;34:ln=01;36:mh=00:pi=40;33:so=01;35:do=01;35:bd=40;33;01:cd=40;33;01:or=40;31;01:mi=00:su=37;41:sg=30;43:ca=30;41:tw=30;42:ow=34;42:st=37;44:ex=01;32:*.tar=01;31:*.tgz=01;31:*.arc=01;31:*.arj=01;31:*.taz=01;31:*.lha=01;31:*.lz4=01;31:*.lzh=01;31:*.lzma=01;31:*.tlz=01;31:*.txz=01;31:*.tzo=01;31:*.t7z=01;31:*.zip=01;31:*.z=01;31:*.dz=01;31:*.gz=01;31:*.lrz=01;31:*.lz=01;31:*.lzo=01;31:*.xz=01;31:*.zst=01;31:*.tzst=01;31:*.bz2=01;31:*.bz=01;31:*.tbz=01;31:*.tbz2=01;31:*.tz=01;31:*.deb=01;31:*.rpm=01;31:*.jar=01;31:*.war=01;31:*.ear=01;31:*.sar=01;31:*.rar=01;31:*.alz=01;31:*.ace=01;31:*.zoo=01;31:*.cpio=01;31:*.7z=01;31:*.rz=01;31:*.cab=01;31:*.wim=01;31:*.swm=01;31:*.dwm=01;31:*.esd=01;31:*.jpg=01;35:*.jpeg=01;35:*.mjpg=01;35:*.mjpeg=01;35:*.gif=01;35:*.bmp=01;35:*.pbm=01;35:*.pgm=01;35:*.ppm=01;35:*.tga=01;35:*.xbm=01;35:*.xpm=01;35:*.tif=01;35:*.tiff=01;35:*.png=01;35:*.svg=01;35:*.svgz=01;35:*.mng=01;35:*.pcx=01;35:*.mov=01;35:*.mpg=01;35:*.mpeg=01;35:*.m2v=01;35:*.mkv=01;35:*.webm=01;35:*.webp=01;35:*.ogm=01;35:*.mp4=01;35:*.m4v=01;35:*.mp4v=01;35:*.vob=01;35:*.qt=01;35:*.nuv=01;35:*.wmv=01;35:*.asf=01;35:*.rm=01;35:*.rmvb=01;35:*.flc=01;35:*.avi=01;35:*.fli=01;35:*.flv=01;35:*.gl=01;35:*.dl=01;35:*.xcf=01;35:*.xwd=01;35:*.yuv=01;35:*.cgm=01;35:*.emf=01;35:*.ogv=01;35:*.ogx=01;35:*.aac=00;36:*.au=00;36:*.flac=00;36:*.m4a=00;36:*.mid=00;36:*.midi=00;36:*.mka=00;36:*.mp3=00;36:*.mpc=00;36:*.ogg=00;36:*.ra=00;36:*.wav=00;36:*.oga=00;36:*.opus=00;36:*.spx=00;36:*.xspf=00;36:'), ('VSCODE_GIT_IPC_HANDLE', '/run/user/1000/vscode-git-6e1624529d.sock'), ('TERM_PROGRAM', 'vscode'), ('ROS_DOMAIN_ID', '10'), ('AMENT_PREFIX_PATH', '/home/ibrahim/BinPicking/install/ros2_linkattacher:/home/ibrahim/BinPicking/install/moveit_config:/home/ibrahim/BinPicking/install/bin_nodes:/home/ibrahim/BinPicking/install/linkattacher_msgs:/home/ibrahim/RobotArmExpanded/install/main_arm_package:/home/ibrahim/RobotArmExpanded/install/action_interfaces:/home/ibrahim/MoveItArm/install/moveit_config:/home/ibrahim/MoveItArm/install/moveit_arm_package:/home/ibrahim/RobotArm/install/main_arm_package:/home/ibrahim/RobotArm/install/action_interfaces:/home/ibrahim/TF2Sample/install/tf2sim:/home/ibrahim/RobotNav/install/main_robot_nodes:/home/ibrahim/RobotNav/install/action_interfaces:/home/ibrahim/RobotMonitor/install/Robot3Node_Package:/home/ibrahim/ros2_ws/install/my_first_package:/home/ibrahim/ros2_ws/install/action_interfaces:/opt/ros/humble'), ('SHELL', '/bin/bash'), ('LESSCLOSE', '/usr/bin/lesspipe %s %s'), ('VSCODE_GIT_ASKPASS_EXTRA_ARGS', ''), ('PWD', '/home/ibrahim/BinPicking/build/linkattacher_msgs'), ('COPILOT_DEBUG_NONCE', 'd05f4ba8ec07642c4df8354ff840a334'), ('XDG_DATA_DIRS', '/usr/local/share:/usr/share:/var/lib/snapd/desktop'), ('PYTHONPATH', '/home/ibrahim/BinPicking/install/linkattacher_msgs/local/lib/python3.10/dist-packages:/home/ibrahim/RobotArmExpanded/install/action_interfaces/local/lib/python3.10/dist-packages:/home/ibrahim/RobotArm/install/action_interfaces/local/lib/python3.10/dist-packages:/home/ibrahim/RobotNav/install/action_interfaces/local/lib/python3.10/dist-packages:/home/ibrahim/ros2_ws/install/action_interfaces/local/lib/python3.10/dist-packages:/opt/ros/humble/lib/python3.10/site-packages:/opt/ros/humble/local/lib/python3.10/dist-packages'), ('COLCON', '1'), ('WSL2_GUI_APPS_ENABLED', '1'), ('HOSTTYPE', 'x86_64'), ('CMAKE_PREFIX_PATH', '/home/ibrahim/BinPicking/install/ros2_linkattacher:/home/ibrahim/BinPicking/install/moveit_config:/home/ibrahim/BinPicking/install/bin_nodes:/home/ibrahim/BinPicking/install/linkattacher_msgs:/home/ibrahim/RobotArmExpanded/install/main_arm_package:/home/ibrahim/RobotArmExpanded/install/action_interfaces:/home/ibrahim/MoveItArm/install/moveit_config:/home/ibrahim/MoveItArm/install/moveit_arm_package:/home/ibrahim/TF2Sample/install/tf2sim:/home/ibrahim/RobotNav/install/main_robot_nodes:/home/ibrahim/RobotNav/install/action_interfaces:/home/ibrahim/RobotMonitor/install/Robot3Node_Package:/home/ibrahim/ros2_ws/install/my_first_package:/home/ibrahim/ros2_ws/install/action_interfaces:/home/ibrahim/RobotArm/install/main_arm_package:/home/ibrahim/RobotArm/install/action_interfaces:/opt/ros/humble'), ('WSLENV', 'VSCODE_WSL_EXT_LOCATION/up')]), 'shell': False}
[0.325769] (linkattacher_msgs) StdoutLine: {'line': b'-- Install configuration: ""\n'}
[0.326106] (linkattacher_msgs) StdoutLine: {'line': b'-- Up-to-date: /home/ibrahim/BinPicking/install/linkattacher_msgs/share/linkattacher_msgs/srv\n'}
[0.326433] (linkattacher_msgs) StdoutLine: {'line': b'-- Up-to-date: /home/ibrahim/BinPicking/install/linkattacher_msgs/share/linkattacher_msgs/srv/DetachLink.srv\n'}
[0.326659] (linkattacher_msgs) StdoutLine: {'line': b'-- Up-to-date: /home/ibrahim/BinPicking/install/linkattacher_msgs/share/linkattacher_msgs/srv/AttachLink.srv\n'}
[0.326791] (linkattacher_msgs) StdoutLine: {'line': b'-- Up-to-date: /home/ibrahim/BinPicking/install/linkattacher_msgs/share/ament_index/resource_index/rosidl_interfaces/linkattacher_msgs\n'}
[0.326933] (linkattacher_msgs) StdoutLine: {'line': b'-- Up-to-date: /home/ibrahim/BinPicking/install/linkattacher_msgs/include/linkattacher_msgs/linkattacher_msgs\n'}
[0.327120] (linkattacher_msgs) StdoutLine: {'line': b'-- Up-to-date: /home/ibrahim/BinPicking/install/linkattacher_msgs/include/linkattacher_msgs/linkattacher_msgs/srv\n'}
[0.327220] (linkattacher_msgs) StdoutLine: {'line': b'-- Up-to-date: /home/ibrahim/BinPicking/install/linkattacher_msgs/include/linkattacher_msgs/linkattacher_msgs/srv/detail\n'}
[0.327416] (linkattacher_msgs) StdoutLine: {'line': b'-- Up-to-date: /home/ibrahim/BinPicking/install/linkattacher_msgs/include/linkattacher_msgs/linkattacher_msgs/srv/detail/detach_link__struct.h\n'}
[0.327610] (linkattacher_msgs) StdoutLine: {'line': b'-- Up-to-date: /home/ibrahim/BinPicking/install/linkattacher_msgs/include/linkattacher_msgs/linkattacher_msgs/srv/detail/attach_link__type_support.h\n'}
[0.327752] (linkattacher_msgs) StdoutLine: {'line': b'-- Up-to-date: /home/ibrahim/BinPicking/install/linkattacher_msgs/include/linkattacher_msgs/linkattacher_msgs/srv/detail/detach_link__type_support.h\n'}
[0.327870] (linkattacher_msgs) StdoutLine: {'line': b'-- Up-to-date: /home/ibrahim/BinPicking/install/linkattacher_msgs/include/linkattacher_msgs/linkattacher_msgs/srv/detail/attach_link__functions.h\n'}
[0.327956] (linkattacher_msgs) StdoutLine: {'line': b'-- Up-to-date: /home/ibrahim/BinPicking/install/linkattacher_msgs/include/linkattacher_msgs/linkattacher_msgs/srv/detail/attach_link__struct.h\n'}
[0.328006] (linkattacher_msgs) StdoutLine: {'line': b'-- Up-to-date: /home/ibrahim/BinPicking/install/linkattacher_msgs/include/linkattacher_msgs/linkattacher_msgs/srv/detail/detach_link__functions.h\n'}
[0.328146] (linkattacher_msgs) StdoutLine: {'line': b'-- Up-to-date: /home/ibrahim/BinPicking/install/linkattacher_msgs/include/linkattacher_msgs/linkattacher_msgs/srv/detail/detach_link__functions.c\n'}
[0.328293] (linkattacher_msgs) StdoutLine: {'line': b'-- Up-to-date: /home/ibrahim/BinPicking/install/linkattacher_msgs/include/linkattacher_msgs/linkattacher_msgs/srv/detail/attach_link__functions.c\n'}
[0.328513] (linkattacher_msgs) StdoutLine: {'line': b'-- Up-to-date: /home/ibrahim/BinPicking/install/linkattacher_msgs/include/linkattacher_msgs/linkattacher_msgs/srv/detach_link.h\n'}
[0.328606] (linkattacher_msgs) StdoutLine: {'line': b'-- Up-to-date: /home/ibrahim/BinPicking/install/linkattacher_msgs/include/linkattacher_msgs/linkattacher_msgs/srv/attach_link.h\n'}
[0.328740] (linkattacher_msgs) StdoutLine: {'line': b'-- Up-to-date: /home/ibrahim/BinPicking/install/linkattacher_msgs/include/linkattacher_msgs/linkattacher_msgs/msg\n'}
[0.328820] (linkattacher_msgs) StdoutLine: {'line': b'-- Up-to-date: /home/ibrahim/BinPicking/install/linkattacher_msgs/include/linkattacher_msgs/linkattacher_msgs/msg/rosidl_generator_c__visibility_control.h\n'}
[0.328864] (linkattacher_msgs) StdoutLine: {'line': b'-- Up-to-date: /home/ibrahim/BinPicking/install/linkattacher_msgs/share/linkattacher_msgs/environment/library_path.sh\n'}
[0.328906] (linkattacher_msgs) StdoutLine: {'line': b'-- Up-to-date: /home/ibrahim/BinPicking/install/linkattacher_msgs/share/linkattacher_msgs/environment/library_path.dsv\n'}
[0.329007] (linkattacher_msgs) StdoutLine: {'line': b'-- Up-to-date: /home/ibrahim/BinPicking/install/linkattacher_msgs/lib/liblinkattacher_msgs__rosidl_generator_c.so\n'}
[0.329097] (linkattacher_msgs) StdoutLine: {'line': b'-- Up-to-date: /home/ibrahim/BinPicking/install/linkattacher_msgs/include/linkattacher_msgs/linkattacher_msgs\n'}
[0.329207] (linkattacher_msgs) StdoutLine: {'line': b'-- Up-to-date: /home/ibrahim/BinPicking/install/linkattacher_msgs/include/linkattacher_msgs/linkattacher_msgs/srv\n'}
[0.329432] (linkattacher_msgs) StdoutLine: {'line': b'-- Up-to-date: /home/ibrahim/BinPicking/install/linkattacher_msgs/include/linkattacher_msgs/linkattacher_msgs/srv/detail\n'}
[0.329482] (linkattacher_msgs) StdoutLine: {'line': b'-- Up-to-date: /home/ibrahim/BinPicking/install/linkattacher_msgs/include/linkattacher_msgs/linkattacher_msgs/srv/detail/detach_link__rosidl_typesupport_fastrtps_c.h\n'}
[0.329635] (linkattacher_msgs) StdoutLine: {'line': b'-- Up-to-date: /home/ibrahim/BinPicking/install/linkattacher_msgs/include/linkattacher_msgs/linkattacher_msgs/srv/detail/attach_link__rosidl_typesupport_fastrtps_c.h\n'}
[0.329936] (linkattacher_msgs) StdoutLine: {'line': b'-- Up-to-date: /home/ibrahim/BinPicking/install/linkattacher_msgs/include/linkattacher_msgs/linkattacher_msgs/msg\n'}
[0.330129] (linkattacher_msgs) StdoutLine: {'line': b'-- Up-to-date: /home/ibrahim/BinPicking/install/linkattacher_msgs/include/linkattacher_msgs/linkattacher_msgs/msg/rosidl_typesupport_fastrtps_c__visibility_control.h\n'}
[0.330334] (linkattacher_msgs) StdoutLine: {'line': b'-- Up-to-date: /home/ibrahim/BinPicking/install/linkattacher_msgs/lib/liblinkattacher_msgs__rosidl_typesupport_fastrtps_c.so\n'}
[0.330589] (linkattacher_msgs) StdoutLine: {'line': b'-- Up-to-date: /home/ibrahim/BinPicking/install/linkattacher_msgs/include/linkattacher_msgs/linkattacher_msgs\n'}
[0.330698] (linkattacher_msgs) StdoutLine: {'line': b'-- Up-to-date: /home/ibrahim/BinPicking/install/linkattacher_msgs/include/linkattacher_msgs/linkattacher_msgs/srv\n'}
[0.330810] (linkattacher_msgs) StdoutLine: {'line': b'-- Up-to-date: /home/ibrahim/BinPicking/install/linkattacher_msgs/include/linkattacher_msgs/linkattacher_msgs/srv/detail\n'}
[0.330862] (linkattacher_msgs) StdoutLine: {'line': b'-- Up-to-date: /home/ibrahim/BinPicking/install/linkattacher_msgs/include/linkattacher_msgs/linkattacher_msgs/srv/detail/attach_link__rosidl_typesupport_introspection_c.h\n'}
[0.331054] (linkattacher_msgs) StdoutLine: {'line': b'-- Up-to-date: /home/ibrahim/BinPicking/install/linkattacher_msgs/include/linkattacher_msgs/linkattacher_msgs/srv/detail/detach_link__type_support.c\n'}
[0.331236] (linkattacher_msgs) StdoutLine: {'line': b'-- Up-to-date: /home/ibrahim/BinPicking/install/linkattacher_msgs/include/linkattacher_msgs/linkattacher_msgs/srv/detail/attach_link__type_support.c\n'}
[0.331326] (linkattacher_msgs) StdoutLine: {'line': b'-- Up-to-date: /home/ibrahim/BinPicking/install/linkattacher_msgs/include/linkattacher_msgs/linkattacher_msgs/srv/detail/detach_link__rosidl_typesupport_introspection_c.h\n'}
[0.331366] (linkattacher_msgs) StdoutLine: {'line': b'-- Up-to-date: /home/ibrahim/BinPicking/install/linkattacher_msgs/include/linkattacher_msgs/linkattacher_msgs/msg\n'}
[0.331401] (linkattacher_msgs) StdoutLine: {'line': b'-- Up-to-date: /home/ibrahim/BinPicking/install/linkattacher_msgs/include/linkattacher_msgs/linkattacher_msgs/msg/rosidl_typesupport_introspection_c__visibility_control.h\n'}
[0.331550] (linkattacher_msgs) StdoutLine: {'line': b'-- Up-to-date: /home/ibrahim/BinPicking/install/linkattacher_msgs/lib/liblinkattacher_msgs__rosidl_typesupport_introspection_c.so\n'}
[0.331628] (linkattacher_msgs) StdoutLine: {'line': b'-- Up-to-date: /home/ibrahim/BinPicking/install/linkattacher_msgs/lib/liblinkattacher_msgs__rosidl_typesupport_c.so\n'}
[0.331768] (linkattacher_msgs) StdoutLine: {'line': b'-- Up-to-date: /home/ibrahim/BinPicking/install/linkattacher_msgs/include/linkattacher_msgs/linkattacher_msgs\n'}
[0.331817] (linkattacher_msgs) StdoutLine: {'line': b'-- Up-to-date: /home/ibrahim/BinPicking/install/linkattacher_msgs/include/linkattacher_msgs/linkattacher_msgs/srv\n'}
[0.331852] (linkattacher_msgs) StdoutLine: {'line': b'-- Up-to-date: /home/ibrahim/BinPicking/install/linkattacher_msgs/include/linkattacher_msgs/linkattacher_msgs/srv/detail\n'}
[0.331886] (linkattacher_msgs) StdoutLine: {'line': b'-- Up-to-date: /home/ibrahim/BinPicking/install/linkattacher_msgs/include/linkattacher_msgs/linkattacher_msgs/srv/detail/attach_link__type_support.hpp\n'}
[0.332029] (linkattacher_msgs) StdoutLine: {'line': b'-- Up-to-date: /home/ibrahim/BinPicking/install/linkattacher_msgs/include/linkattacher_msgs/linkattacher_msgs/srv/detail/detach_link__traits.hpp\n'}
[0.332079] (linkattacher_msgs) StdoutLine: {'line': b'-- Up-to-date: /home/ibrahim/BinPicking/install/linkattacher_msgs/include/linkattacher_msgs/linkattacher_msgs/srv/detail/attach_link__struct.hpp\n'}
[0.332214] (linkattacher_msgs) StdoutLine: {'line': b'-- Up-to-date: /home/ibrahim/BinPicking/install/linkattacher_msgs/include/linkattacher_msgs/linkattacher_msgs/srv/detail/attach_link__traits.hpp\n'}
[0.332365] (linkattacher_msgs) StdoutLine: {'line': b'-- Up-to-date: /home/ibrahim/BinPicking/install/linkattacher_msgs/include/linkattacher_msgs/linkattacher_msgs/srv/detail/detach_link__type_support.hpp\n'}
[0.332411] (linkattacher_msgs) StdoutLine: {'line': b'-- Up-to-date: /home/ibrahim/BinPicking/install/linkattacher_msgs/include/linkattacher_msgs/linkattacher_msgs/srv/detail/detach_link__struct.hpp\n'}
[0.332444] (linkattacher_msgs) StdoutLine: {'line': b'-- Up-to-date: /home/ibrahim/BinPicking/install/linkattacher_msgs/include/linkattacher_msgs/linkattacher_msgs/srv/detail/attach_link__builder.hpp\n'}
[0.332491] (linkattacher_msgs) StdoutLine: {'line': b'-- Up-to-date: /home/ibrahim/BinPicking/install/linkattacher_msgs/include/linkattacher_msgs/linkattacher_msgs/srv/detail/detach_link__builder.hpp\n'}
[0.332521] (linkattacher_msgs) StdoutLine: {'line': b'-- Up-to-date: /home/ibrahim/BinPicking/install/linkattacher_msgs/include/linkattacher_msgs/linkattacher_msgs/srv/attach_link.hpp\n'}
[0.332638] (linkattacher_msgs) StdoutLine: {'line': b'-- Up-to-date: /home/ibrahim/BinPicking/install/linkattacher_msgs/include/linkattacher_msgs/linkattacher_msgs/srv/detach_link.hpp\n'}
[0.332686] (linkattacher_msgs) StdoutLine: {'line': b'-- Up-to-date: /home/ibrahim/BinPicking/install/linkattacher_msgs/include/linkattacher_msgs/linkattacher_msgs/msg\n'}
[0.332721] (linkattacher_msgs) StdoutLine: {'line': b'-- Up-to-date: /home/ibrahim/BinPicking/install/linkattacher_msgs/include/linkattacher_msgs/linkattacher_msgs/msg/rosidl_generator_cpp__visibility_control.hpp\n'}
[0.332754] (linkattacher_msgs) StdoutLine: {'line': b'-- Up-to-date: /home/ibrahim/BinPicking/install/linkattacher_msgs/include/linkattacher_msgs/linkattacher_msgs\n'}
[0.332886] (linkattacher_msgs) StdoutLine: {'line': b'-- Up-to-date: /home/ibrahim/BinPicking/install/linkattacher_msgs/include/linkattacher_msgs/linkattacher_msgs/srv\n'}
[0.332986] (linkattacher_msgs) StdoutLine: {'line': b'-- Up-to-date: /home/ibrahim/BinPicking/install/linkattacher_msgs/include/linkattacher_msgs/linkattacher_msgs/srv/detail\n'}
[0.333086] (linkattacher_msgs) StdoutLine: {'line': b'-- Up-to-date: /home/ibrahim/BinPicking/install/linkattacher_msgs/include/linkattacher_msgs/linkattacher_msgs/srv/detail/dds_fastrtps\n'}
[0.333260] (linkattacher_msgs) StdoutLine: {'line': b'-- Up-to-date: /home/ibrahim/BinPicking/install/linkattacher_msgs/include/linkattacher_msgs/linkattacher_msgs/srv/detail/detach_link__rosidl_typesupport_fastrtps_cpp.hpp\n'}
[0.333349] (linkattacher_msgs) StdoutLine: {'line': b'-- Up-to-date: /home/ibrahim/BinPicking/install/linkattacher_msgs/include/linkattacher_msgs/linkattacher_msgs/srv/detail/attach_link__rosidl_typesupport_fastrtps_cpp.hpp\n'}
[0.333509] (linkattacher_msgs) StdoutLine: {'line': b'-- Up-to-date: /home/ibrahim/BinPicking/install/linkattacher_msgs/include/linkattacher_msgs/linkattacher_msgs/msg\n'}
[0.333657] (linkattacher_msgs) StdoutLine: {'line': b'-- Up-to-date: /home/ibrahim/BinPicking/install/linkattacher_msgs/include/linkattacher_msgs/linkattacher_msgs/msg/rosidl_typesupport_fastrtps_cpp__visibility_control.h\n'}
[0.333799] (linkattacher_msgs) StdoutLine: {'line': b'-- Up-to-date: /home/ibrahim/BinPicking/install/linkattacher_msgs/lib/liblinkattacher_msgs__rosidl_typesupport_fastrtps_cpp.so\n'}
[0.334039] (linkattacher_msgs) StdoutLine: {'line': b'-- Up-to-date: /home/ibrahim/BinPicking/install/linkattacher_msgs/include/linkattacher_msgs/linkattacher_msgs\n'}
[0.334121] (linkattacher_msgs) StdoutLine: {'line': b'-- Up-to-date: /home/ibrahim/BinPicking/install/linkattacher_msgs/include/linkattacher_msgs/linkattacher_msgs/srv\n'}
[0.334160] (linkattacher_msgs) StdoutLine: {'line': b'-- Up-to-date: /home/ibrahim/BinPicking/install/linkattacher_msgs/include/linkattacher_msgs/linkattacher_msgs/srv/detail\n'}
[0.334193] (linkattacher_msgs) StdoutLine: {'line': b'-- Up-to-date: /home/ibrahim/BinPicking/install/linkattacher_msgs/include/linkattacher_msgs/linkattacher_msgs/srv/detail/attach_link__rosidl_typesupport_introspection_cpp.hpp\n'}
[0.334233] (linkattacher_msgs) StdoutLine: {'line': b'-- Up-to-date: /home/ibrahim/BinPicking/install/linkattacher_msgs/include/linkattacher_msgs/linkattacher_msgs/srv/detail/attach_link__type_support.cpp\n'}
[0.334265] (linkattacher_msgs) StdoutLine: {'line': b'-- Up-to-date: /home/ibrahim/BinPicking/install/linkattacher_msgs/include/linkattacher_msgs/linkattacher_msgs/srv/detail/detach_link__type_support.cpp\n'}
[0.334294] (linkattacher_msgs) StdoutLine: {'line': b'-- Up-to-date: /home/ibrahim/BinPicking/install/linkattacher_msgs/include/linkattacher_msgs/linkattacher_msgs/srv/detail/detach_link__rosidl_typesupport_introspection_cpp.hpp\n'}
[0.334323] (linkattacher_msgs) StdoutLine: {'line': b'-- Up-to-date: /home/ibrahim/BinPicking/install/linkattacher_msgs/lib/liblinkattacher_msgs__rosidl_typesupport_introspection_cpp.so\n'}
[0.334351] (linkattacher_msgs) StdoutLine: {'line': b'-- Up-to-date: /home/ibrahim/BinPicking/install/linkattacher_msgs/lib/liblinkattacher_msgs__rosidl_typesupport_cpp.so\n'}
[0.334380] (linkattacher_msgs) StdoutLine: {'line': b'-- Up-to-date: /home/ibrahim/BinPicking/install/linkattacher_msgs/share/linkattacher_msgs/environment/pythonpath.sh\n'}
[0.334409] (linkattacher_msgs) StdoutLine: {'line': b'-- Up-to-date: /home/ibrahim/BinPicking/install/linkattacher_msgs/share/linkattacher_msgs/environment/pythonpath.dsv\n'}
[0.334436] (linkattacher_msgs) StdoutLine: {'line': b'-- Up-to-date: /home/ibrahim/BinPicking/install/linkattacher_msgs/local/lib/python3.10/dist-packages/linkattacher_msgs-0.0.0-py3.10.egg-info\n'}
[0.334464] (linkattacher_msgs) StdoutLine: {'line': b'-- Installing: /home/ibrahim/BinPicking/install/linkattacher_msgs/local/lib/python3.10/dist-packages/linkattacher_msgs-0.0.0-py3.10.egg-info/top_level.txt\n'}
[0.334492] (linkattacher_msgs) StdoutLine: {'line': b'-- Installing: /home/ibrahim/BinPicking/install/linkattacher_msgs/local/lib/python3.10/dist-packages/linkattacher_msgs-0.0.0-py3.10.egg-info/PKG-INFO\n'}
[0.334520] (linkattacher_msgs) StdoutLine: {'line': b'-- Installing: /home/ibrahim/BinPicking/install/linkattacher_msgs/local/lib/python3.10/dist-packages/linkattacher_msgs-0.0.0-py3.10.egg-info/dependency_links.txt\n'}
[0.334548] (linkattacher_msgs) StdoutLine: {'line': b'-- Installing: /home/ibrahim/BinPicking/install/linkattacher_msgs/local/lib/python3.10/dist-packages/linkattacher_msgs-0.0.0-py3.10.egg-info/SOURCES.txt\n'}
[0.334646] (linkattacher_msgs) StdoutLine: {'line': b'-- Up-to-date: /home/ibrahim/BinPicking/install/linkattacher_msgs/local/lib/python3.10/dist-packages/linkattacher_msgs\n'}
[0.334689] (linkattacher_msgs) StdoutLine: {'line': b'-- Up-to-date: /home/ibrahim/BinPicking/install/linkattacher_msgs/local/lib/python3.10/dist-packages/linkattacher_msgs/linkattacher_msgs_s__rosidl_typesupport_c.cpython-310-x86_64-linux-gnu.so\n'}
[0.334723] (linkattacher_msgs) StdoutLine: {'line': b'-- Up-to-date: /home/ibrahim/BinPicking/install/linkattacher_msgs/local/lib/python3.10/dist-packages/linkattacher_msgs/linkattacher_msgs_s__rosidl_typesupport_introspection_c.cpython-310-x86_64-linux-gnu.so\n'}
[0.334754] (linkattacher_msgs) StdoutLine: {'line': b'-- Up-to-date: /home/ibrahim/BinPicking/install/linkattacher_msgs/local/lib/python3.10/dist-packages/linkattacher_msgs/_linkattacher_msgs_s.ep.rosidl_typesupport_c.c\n'}
[0.334783] (linkattacher_msgs) StdoutLine: {'line': b'-- Up-to-date: /home/ibrahim/BinPicking/install/linkattacher_msgs/local/lib/python3.10/dist-packages/linkattacher_msgs/srv\n'}
[0.334811] (linkattacher_msgs) StdoutLine: {'line': b'-- Up-to-date: /home/ibrahim/BinPicking/install/linkattacher_msgs/local/lib/python3.10/dist-packages/linkattacher_msgs/srv/_attach_link.py\n'}
[0.334840] (linkattacher_msgs) StdoutLine: {'line': b'-- Up-to-date: /home/ibrahim/BinPicking/install/linkattacher_msgs/local/lib/python3.10/dist-packages/linkattacher_msgs/srv/_attach_link_s.c\n'}
[0.334868] (linkattacher_msgs) StdoutLine: {'line': b'-- Up-to-date: /home/ibrahim/BinPicking/install/linkattacher_msgs/local/lib/python3.10/dist-packages/linkattacher_msgs/srv/_detach_link.py\n'}
[0.334895] (linkattacher_msgs) StdoutLine: {'line': b'-- Up-to-date: /home/ibrahim/BinPicking/install/linkattacher_msgs/local/lib/python3.10/dist-packages/linkattacher_msgs/srv/__init__.py\n'}
[0.334922] (linkattacher_msgs) StdoutLine: {'line': b'-- Up-to-date: /home/ibrahim/BinPicking/install/linkattacher_msgs/local/lib/python3.10/dist-packages/linkattacher_msgs/srv/_detach_link_s.c\n'}
[0.334950] (linkattacher_msgs) StdoutLine: {'line': b'-- Up-to-date: /home/ibrahim/BinPicking/install/linkattacher_msgs/local/lib/python3.10/dist-packages/linkattacher_msgs/linkattacher_msgs_s__rosidl_typesupport_fastrtps_c.cpython-310-x86_64-linux-gnu.so\n'}
[0.334978] (linkattacher_msgs) StdoutLine: {'line': b'-- Up-to-date: /home/ibrahim/BinPicking/install/linkattacher_msgs/local/lib/python3.10/dist-packages/linkattacher_msgs/_linkattacher_msgs_s.ep.rosidl_typesupport_introspection_c.c\n'}
[0.335007] (linkattacher_msgs) StdoutLine: {'line': b'-- Up-to-date: /home/ibrahim/BinPicking/install/linkattacher_msgs/local/lib/python3.10/dist-packages/linkattacher_msgs/_linkattacher_msgs_s.ep.rosidl_typesupport_fastrtps_c.c\n'}
[0.335042] (linkattacher_msgs) StdoutLine: {'line': b'-- Up-to-date: /home/ibrahim/BinPicking/install/linkattacher_msgs/local/lib/python3.10/dist-packages/linkattacher_msgs/__init__.py\n'}
[0.335070] (linkattacher_msgs) StdoutLine: {'line': b'-- Up-to-date: /home/ibrahim/BinPicking/install/linkattacher_msgs/local/lib/python3.10/dist-packages/linkattacher_msgs/liblinkattacher_msgs__rosidl_generator_py.so\n'}
[0.360007] (linkattacher_msgs) StdoutLine: {'line': b"Listing '/home/ibrahim/BinPicking/install/linkattacher_msgs/local/lib/python3.10/dist-packages/linkattacher_msgs'...\n"}
[0.360235] (linkattacher_msgs) StdoutLine: {'line': b"Listing '/home/ibrahim/BinPicking/install/linkattacher_msgs/local/lib/python3.10/dist-packages/linkattacher_msgs/srv'...\n"}
[0.363648] (linkattacher_msgs) StdoutLine: {'line': b'-- Up-to-date: /home/ibrahim/BinPicking/install/linkattacher_msgs/local/lib/python3.10/dist-packages/linkattacher_msgs/linkattacher_msgs_s__rosidl_typesupport_fastrtps_c.cpython-310-x86_64-linux-gnu.so\n'}
[0.364050] (linkattacher_msgs) StdoutLine: {'line': b'-- Up-to-date: /home/ibrahim/BinPicking/install/linkattacher_msgs/local/lib/python3.10/dist-packages/linkattacher_msgs/linkattacher_msgs_s__rosidl_typesupport_introspection_c.cpython-310-x86_64-linux-gnu.so\n'}
[0.364464] (linkattacher_msgs) StdoutLine: {'line': b'-- Up-to-date: /home/ibrahim/BinPicking/install/linkattacher_msgs/local/lib/python3.10/dist-packages/linkattacher_msgs/linkattacher_msgs_s__rosidl_typesupport_c.cpython-310-x86_64-linux-gnu.so\n'}
[0.364912] (linkattacher_msgs) StdoutLine: {'line': b'-- Up-to-date: /home/ibrahim/BinPicking/install/linkattacher_msgs/lib/liblinkattacher_msgs__rosidl_generator_py.so\n'}
[0.365122] (linkattacher_msgs) StdoutLine: {'line': b'-- Up-to-date: /home/ibrahim/BinPicking/install/linkattacher_msgs/share/ament_index/resource_index/rust_packages/linkattacher_msgs\n'}
[0.365407] (linkattacher_msgs) StdoutLine: {'line': b'-- Up-to-date: /home/ibrahim/BinPicking/install/linkattacher_msgs/share/linkattacher_msgs/rust\n'}
[0.365648] (linkattacher_msgs) StdoutLine: {'line': b'-- Up-to-date: /home/ibrahim/BinPicking/install/linkattacher_msgs/share/linkattacher_msgs/rust/src\n'}
[0.365880] (linkattacher_msgs) StdoutLine: {'line': b'-- Up-to-date: /home/ibrahim/BinPicking/install/linkattacher_msgs/share/linkattacher_msgs/rust/src/lib.rs\n'}
[0.365970] (linkattacher_msgs) StdoutLine: {'line': b'-- Up-to-date: /home/ibrahim/BinPicking/install/linkattacher_msgs/share/linkattacher_msgs/rust/src/srv\n'}
[0.366206] (linkattacher_msgs) StdoutLine: {'line': b'-- Up-to-date: /home/ibrahim/BinPicking/install/linkattacher_msgs/share/linkattacher_msgs/rust/src/srv/rmw.rs\n'}
[0.366338] (linkattacher_msgs) StdoutLine: {'line': b'-- Up-to-date: /home/ibrahim/BinPicking/install/linkattacher_msgs/share/linkattacher_msgs/rust/src/srv.rs\n'}
[0.366516] (linkattacher_msgs) StdoutLine: {'line': b'-- Up-to-date: /home/ibrahim/BinPicking/install/linkattacher_msgs/share/linkattacher_msgs/rust/build.rs\n'}
[0.366674] (linkattacher_msgs) StdoutLine: {'line': b'-- Up-to-date: /home/ibrahim/BinPicking/install/linkattacher_msgs/share/linkattacher_msgs/rust/Cargo.toml\n'}
[0.366743] (linkattacher_msgs) StdoutLine: {'line': b'-- Up-to-date: /home/ibrahim/BinPicking/install/linkattacher_msgs/share/linkattacher_msgs/srv/AttachLink.idl\n'}
[0.366926] (linkattacher_msgs) StdoutLine: {'line': b'-- Up-to-date: /home/ibrahim/BinPicking/install/linkattacher_msgs/share/linkattacher_msgs/srv/DetachLink.idl\n'}
[0.367068] (linkattacher_msgs) StdoutLine: {'line': b'-- Up-to-date: /home/ibrahim/BinPicking/install/linkattacher_msgs/share/linkattacher_msgs/srv/AttachLink.srv\n'}
[0.367109] (linkattacher_msgs) StdoutLine: {'line': b'-- Up-to-date: /home/ibrahim/BinPicking/install/linkattacher_msgs/share/linkattacher_msgs/srv/AttachLink_Request.msg\n'}
[0.367143] (linkattacher_msgs) StdoutLine: {'line': b'-- Up-to-date: /home/ibrahim/BinPicking/install/linkattacher_msgs/share/linkattacher_msgs/srv/AttachLink_Response.msg\n'}
[0.367173] (linkattacher_msgs) StdoutLine: {'line': b'-- Up-to-date: /home/ibrahim/BinPicking/install/linkattacher_msgs/share/linkattacher_msgs/srv/DetachLink.srv\n'}
[0.367202] (linkattacher_msgs) StdoutLine: {'line': b'-- Up-to-date: /home/ibrahim/BinPicking/install/linkattacher_msgs/share/linkattacher_msgs/srv/DetachLink_Request.msg\n'}
[0.367230] (linkattacher_msgs) StdoutLine: {'line': b'-- Up-to-date: /home/ibrahim/BinPicking/install/linkattacher_msgs/share/linkattacher_msgs/srv/DetachLink_Response.msg\n'}
[0.367320] (linkattacher_msgs) StdoutLine: {'line': b'-- Up-to-date: /home/ibrahim/BinPicking/install/linkattacher_msgs/share/ament_index/resource_index/package_run_dependencies/linkattacher_msgs\n'}
[0.367471] (linkattacher_msgs) StdoutLine: {'line': b'-- Up-to-date: /home/ibrahim/BinPicking/install/linkattacher_msgs/share/ament_index/resource_index/parent_prefix_path/linkattacher_msgs\n'}
[0.367514] (linkattacher_msgs) StdoutLine: {'line': b'-- Up-to-date: /home/ibrahim/BinPicking/install/linkattacher_msgs/share/linkattacher_msgs/environment/ament_prefix_path.sh\n'}
[0.367549] (linkattacher_msgs) StdoutLine: {'line': b'-- Up-to-date: /home/ibrahim/BinPicking/install/linkattacher_msgs/share/linkattacher_msgs/environment/ament_prefix_path.dsv\n'}
[0.367579] (linkattacher_msgs) StdoutLine: {'line': b'-- Up-to-date: /home/ibrahim/BinPicking/install/linkattacher_msgs/share/linkattacher_msgs/environment/path.sh\n'}
[0.367687] (linkattacher_msgs) StdoutLine: {'line': b'-- Up-to-date: /home/ibrahim/BinPicking/install/linkattacher_msgs/share/linkattacher_msgs/environment/path.dsv\n'}
[0.367732] (linkattacher_msgs) StdoutLine: {'line': b'-- Up-to-date: /home/ibrahim/BinPicking/install/linkattacher_msgs/share/linkattacher_msgs/local_setup.bash\n'}
[0.367766] (linkattacher_msgs) StdoutLine: {'line': b'-- Up-to-date: /home/ibrahim/BinPicking/install/linkattacher_msgs/share/linkattacher_msgs/local_setup.sh\n'}
[0.367797] (linkattacher_msgs) StdoutLine: {'line': b'-- Up-to-date: /home/ibrahim/BinPicking/install/linkattacher_msgs/share/linkattacher_msgs/local_setup.zsh\n'}
[0.367828] (linkattacher_msgs) StdoutLine: {'line': b'-- Up-to-date: /home/ibrahim/BinPicking/install/linkattacher_msgs/share/linkattacher_msgs/local_setup.dsv\n'}
[0.367941] (linkattacher_msgs) StdoutLine: {'line': b'-- Installing: /home/ibrahim/BinPicking/install/linkattacher_msgs/share/linkattacher_msgs/package.dsv\n'}
[0.368085] (linkattacher_msgs) StdoutLine: {'line': b'-- Up-to-date: /home/ibrahim/BinPicking/install/linkattacher_msgs/share/ament_index/resource_index/packages/linkattacher_msgs\n'}
[0.368210] (linkattacher_msgs) StdoutLine: {'line': b'-- Up-to-date: /home/ibrahim/BinPicking/install/linkattacher_msgs/share/linkattacher_msgs/cmake/export_linkattacher_msgs__rosidl_generator_cExport.cmake\n'}
[0.368310] (linkattacher_msgs) StdoutLine: {'line': b'-- Up-to-date: /home/ibrahim/BinPicking/install/linkattacher_msgs/share/linkattacher_msgs/cmake/export_linkattacher_msgs__rosidl_generator_cExport-noconfig.cmake\n'}
[0.368354] (linkattacher_msgs) StdoutLine: {'line': b'-- Up-to-date: /home/ibrahim/BinPicking/install/linkattacher_msgs/share/linkattacher_msgs/cmake/export_linkattacher_msgs__rosidl_typesupport_fastrtps_cExport.cmake\n'}
[0.368506] (linkattacher_msgs) StdoutLine: {'line': b'-- Up-to-date: /home/ibrahim/BinPicking/install/linkattacher_msgs/share/linkattacher_msgs/cmake/export_linkattacher_msgs__rosidl_typesupport_fastrtps_cExport-noconfig.cmake\n'}
[0.368546] (linkattacher_msgs) StdoutLine: {'line': b'-- Up-to-date: /home/ibrahim/BinPicking/install/linkattacher_msgs/share/linkattacher_msgs/cmake/linkattacher_msgs__rosidl_typesupport_introspection_cExport.cmake\n'}
[0.368581] (linkattacher_msgs) StdoutLine: {'line': b'-- Up-to-date: /home/ibrahim/BinPicking/install/linkattacher_msgs/share/linkattacher_msgs/cmake/linkattacher_msgs__rosidl_typesupport_introspection_cExport-noconfig.cmake\n'}
[0.368728] (linkattacher_msgs) StdoutLine: {'line': b'-- Up-to-date: /home/ibrahim/BinPicking/install/linkattacher_msgs/share/linkattacher_msgs/cmake/linkattacher_msgs__rosidl_typesupport_cExport.cmake\n'}
[0.368905] (linkattacher_msgs) StdoutLine: {'line': b'-- Up-to-date: /home/ibrahim/BinPicking/install/linkattacher_msgs/share/linkattacher_msgs/cmake/linkattacher_msgs__rosidl_typesupport_cExport-noconfig.cmake\n'}
[0.369075] (linkattacher_msgs) StdoutLine: {'line': b'-- Up-to-date: /home/ibrahim/BinPicking/install/linkattacher_msgs/share/linkattacher_msgs/cmake/export_linkattacher_msgs__rosidl_generator_cppExport.cmake\n'}
[0.369183] (linkattacher_msgs) StdoutLine: {'line': b'-- Up-to-date: /home/ibrahim/BinPicking/install/linkattacher_msgs/share/linkattacher_msgs/cmake/export_linkattacher_msgs__rosidl_typesupport_fastrtps_cppExport.cmake\n'}
[0.369459] (linkattacher_msgs) StdoutLine: {'line': b'-- Up-to-date: /home/ibrahim/BinPicking/install/linkattacher_msgs/share/linkattacher_msgs/cmake/export_linkattacher_msgs__rosidl_typesupport_fastrtps_cppExport-noconfig.cmake\n'}
[0.369681] (linkattacher_msgs) StdoutLine: {'line': b'-- Up-to-date: /home/ibrahim/BinPicking/install/linkattacher_msgs/share/linkattacher_msgs/cmake/linkattacher_msgs__rosidl_typesupport_introspection_cppExport.cmake\n'}
[0.369780] (linkattacher_msgs) StdoutLine: {'line': b'-- Up-to-date: /home/ibrahim/BinPicking/install/linkattacher_msgs/share/linkattacher_msgs/cmake/linkattacher_msgs__rosidl_typesupport_introspection_cppExport-noconfig.cmake\n'}
[0.369983] (linkattacher_msgs) StdoutLine: {'line': b'-- Up-to-date: /home/ibrahim/BinPicking/install/linkattacher_msgs/share/linkattacher_msgs/cmake/linkattacher_msgs__rosidl_typesupport_cppExport.cmake\n'}
[0.370104] (linkattacher_msgs) StdoutLine: {'line': b'-- Up-to-date: /home/ibrahim/BinPicking/install/linkattacher_msgs/share/linkattacher_msgs/cmake/linkattacher_msgs__rosidl_typesupport_cppExport-noconfig.cmake\n'}
[0.370254] (linkattacher_msgs) StdoutLine: {'line': b'-- Up-to-date: /home/ibrahim/BinPicking/install/linkattacher_msgs/share/linkattacher_msgs/cmake/export_linkattacher_msgs__rosidl_generator_pyExport.cmake\n'}
[0.370307] (linkattacher_msgs) StdoutLine: {'line': b'-- Up-to-date: /home/ibrahim/BinPicking/install/linkattacher_msgs/share/linkattacher_msgs/cmake/export_linkattacher_msgs__rosidl_generator_pyExport-noconfig.cmake\n'}
[0.370350] (linkattacher_msgs) StdoutLine: {'line': b'-- Up-to-date: /home/ibrahim/BinPicking/install/linkattacher_msgs/share/linkattacher_msgs/cmake/rosidl_cmake-extras.cmake\n'}
[0.370392] (linkattacher_msgs) StdoutLine: {'line': b'-- Up-to-date: /home/ibrahim/BinPicking/install/linkattacher_msgs/share/linkattacher_msgs/cmake/ament_cmake_export_include_directories-extras.cmake\n'}
[0.370434] (linkattacher_msgs) StdoutLine: {'line': b'-- Up-to-date: /home/ibrahim/BinPicking/install/linkattacher_msgs/share/linkattacher_msgs/cmake/ament_cmake_export_libraries-extras.cmake\n'}
[0.370542] (linkattacher_msgs) StdoutLine: {'line': b'-- Up-to-date: /home/ibrahim/BinPicking/install/linkattacher_msgs/share/linkattacher_msgs/cmake/ament_cmake_export_targets-extras.cmake\n'}
[0.370657] (linkattacher_msgs) StdoutLine: {'line': b'-- Up-to-date: /home/ibrahim/BinPicking/install/linkattacher_msgs/share/linkattacher_msgs/cmake/rosidl_cmake_export_typesupport_targets-extras.cmake\n'}
[0.370757] (linkattacher_msgs) StdoutLine: {'line': b'-- Up-to-date: /home/ibrahim/BinPicking/install/linkattacher_msgs/share/linkattacher_msgs/cmake/ament_cmake_export_dependencies-extras.cmake\n'}
[0.370856] (linkattacher_msgs) StdoutLine: {'line': b'-- Up-to-date: /home/ibrahim/BinPicking/install/linkattacher_msgs/share/linkattacher_msgs/cmake/rosidl_cmake_export_typesupport_libraries-extras.cmake\n'}
[0.370898] (linkattacher_msgs) StdoutLine: {'line': b'-- Up-to-date: /home/ibrahim/BinPicking/install/linkattacher_msgs/share/linkattacher_msgs/cmake/linkattacher_msgsConfig.cmake\n'}
[0.370933] (linkattacher_msgs) StdoutLine: {'line': b'-- Up-to-date: /home/ibrahim/BinPicking/install/linkattacher_msgs/share/linkattacher_msgs/cmake/linkattacher_msgsConfig-version.cmake\n'}
[0.370965] (linkattacher_msgs) StdoutLine: {'line': b'-- Up-to-date: /home/ibrahim/BinPicking/install/linkattacher_msgs/share/linkattacher_msgs/package.xml\n'}
[0.373111] (linkattacher_msgs) CommandEnded: {'returncode': 0}
[0.391320] (linkattacher_msgs) JobEnded: {'identifier': 'linkattacher_msgs', 'rc': 0}
[0.392660] (bin_nodes) JobStarted: {'identifier': 'bin_nodes'}
[0.398452] (ros2_linkattacher) JobStarted: {'identifier': 'ros2_linkattacher'}
[0.399723] (-) TimerEvent: {}
[0.480126] (bin_nodes) JobProgress: {'identifier': 'bin_nodes', 'progress': 'cmake'}
[0.481299] (bin_nodes) JobProgress: {'identifier': 'bin_nodes', 'progress': 'build'}
[0.481630] (bin_nodes) Command: {'cmd': ['/usr/bin/cmake', '--build', '/home/ibrahim/BinPicking/build/bin_nodes', '--', '-j16', '-l16'], 'cwd': '/home/ibrahim/BinPicking/build/bin_nodes', 'env': OrderedDict([('PYTHON_BASIC_REPL', '1'), ('LESSOPEN', '| /usr/bin/lesspipe %s'), ('USER', 'ibrahim'), ('GIT_ASKPASS', '/home/ibrahim/.vscode-server/bin/4fe60c8b1cdac1c4c174f2fb180d0d758272d713/extensions/git/dist/askpass.sh'), ('SHLVL', '1'), ('LD_LIBRARY_PATH', '/home/ibrahim/BinPicking/install/linkattacher_msgs/lib:/home/ibrahim/BinPicking/install/ros2_linkattacher/lib:/home/ibrahim/RobotArmExpanded/install/action_interfaces/lib:/home/ibrahim/RobotArm/install/action_interfaces/lib:/home/ibrahim/RobotNav/install/action_interfaces/lib:/home/ibrahim/ros2_ws/install/action_interfaces/lib:/usr/lib/x86_64-linux-gnu/gazebo-11/plugins:/opt/ros/humble/opt/rviz_ogre_vendor/lib:/opt/ros/humble/lib/x86_64-linux-gnu:/opt/ros/humble/lib'), ('HOME', '/home/ibrahim'), ('TERM_PROGRAM_VERSION', '1.127.0'), ('VSCODE_IPC_HOOK_CLI', '/run/user/1000/vscode-ipc-f56497ac-26c8-4238-ac57-aa6c35150e6d.sock'), ('ROS_PYTHON_VERSION', '3'), ('VSCODE_GIT_ASKPASS_MAIN', '/home/ibrahim/.vscode-server/bin/4fe60c8b1cdac1c4c174f2fb180d0d758272d713/extensions/git/dist/askpass-main.js'), ('VSCODE_GIT_ASKPASS_NODE', '/home/ibrahim/.vscode-server/bin/4fe60c8b1cdac1c4c174f2fb180d0d758272d713/node'), ('PYDEVD_DISABLE_FILE_VALIDATION', '1'), ('BUNDLED_DEBUGPY_PATH', '/home/ibrahim/.vscode-server/extensions/ms-python.debugpy-2026.6.0-linux-x64/bundled/libs/debugpy'), ('VSCODE_PYTHON_AUTOACTIVATE_GUARD', '1'), ('DBUS_SESSION_BUS_ADDRESS', 'unix:path=/run/user/1000/bus'), ('COLORTERM', 'truecolor'), ('WSL_DISTRO_NAME', 'Ubuntu-22.04'), ('WAYLAND_DISPLAY', 'wayland-0'), ('COLCON_PREFIX_PATH', '/home/ibrahim/BinPicking/install:/home/ibrahim/MoveItArm/install:/home/ibrahim/RobotArmExpanded/install:/home/ibrahim/RobotArm/install:/home/ibrahim/TF2Sample/install:/home/ibrahim/RobotNav/install:/home/ibrahim/RobotMonitor/install:/home/ibrahim/ros2_ws/install'), ('ROS_DISTRO', 'humble'), ('LOGNAME', 'ibrahim'), ('NAME', 'Ibrahim-laptop'), ('WSL_INTEROP', '/run/WSL/409_interop'), ('PULSE_SERVER', 'unix:/mnt/wslg/PulseServer'), ('_', '/usr/bin/colcon'), ('ROS_VERSION', '2'), ('CLAUDE_CODE_SSE_PORT', '15232'), ('TERM', 'xterm-256color'), ('ROS_LOCALHOST_ONLY', '0'), ('PATH', '/home/ibrahim/.vscode-server/data/User/globalStorage/github.copilot-chat/debugCommand:/home/ibrahim/.vscode-server/data/User/globalStorage/github.copilot-chat/copilotCli:/home/ibrahim/.vscode-server/bin/4fe60c8b1cdac1c4c174f2fb180d0d758272d713/bin/remote-cli:/opt/ros/humble/bin:/usr/local/sbin:/usr/local/bin:/usr/sbin:/usr/bin:/sbin:/bin:/usr/games:/usr/local/games:/usr/lib/wsl/lib:/mnt/c/Windows/system32:/mnt/c/Windows:/mnt/c/Windows/System32/Wbem:/mnt/c/Windows/System32/WindowsPowerShell/v1.0/:/mnt/c/Windows/System32/OpenSSH/:/mnt/c/Program Files (x86)/NVIDIA Corporation/PhysX/Common:/mnt/c/Program Files/NVIDIA Corporation/NVIDIA App/NvDLISR:/mnt/c/Program Files/dotnet/:/mnt/c/Program Files/nodejs/:/mnt/c/Program Files/Git/cmd:/mnt/c/Program Files/PostgreSQL/18/bin:/mnt/c/Users/zanto/.local/bin:/mnt/c/Program Files/Docker/Docker/resources/bin:/mnt/c/Program Files/GitHub CLI/:/mnt/c/Users/zanto/AppData/Local/Programs/Python/Python312/Scripts/:/mnt/c/Users/zanto/AppData/Local/Programs/Python/Python312/:/mnt/c/Users/zanto/AppData/Local/Programs/Python/Python314/Scripts/:/mnt/c/Users/zanto/AppData/Local/Programs/Python/Python314/:/mnt/c/Users/zanto/AppData/Local/Microsoft/WindowsApps:/mnt/c/Users/zanto/AppData/Local/Programs/Microsoft VS Code/bin:/mnt/c/Users/zanto/AppData/Local/Programs/Ollama:/mnt/c/Users/zanto/AppData/Roaming/npm:/mnt/c/msys64/ucrt64/bin:/snap/bin:/home/ibrahim/.vscode-server/extensions/ms-python.debugpy-2026.6.0-linux-x64/bundled/scripts/noConfigScripts'), ('XDG_RUNTIME_DIR', '/run/user/1000/'), ('DISPLAY', ':0'), ('VSCODE_DEBUGPY_ADAPTER_ENDPOINTS', '/home/ibrahim/.vscode-server/extensions/ms-python.debugpy-2026.6.0-linux-x64/.noConfigDebugAdapterEndpoints/endpoint-5f2293e981f4d090.txt'), ('LANG', 'C.UTF-8'), ('PYTHONSTARTUP', '/home/ibrahim/.vscode-server/data/User/workspaceStorage/53d6af783f54596ecf064b03d33c69c7/ms-python.python/pythonrc.py'), ('RMW_IMPLEMENTATION', 'rmw_cyclonedds_cpp'), ('LS_COLORS', 'rs=0:di=01;34:ln=01;36:mh=00:pi=40;33:so=01;35:do=01;35:bd=40;33;01:cd=40;33;01:or=40;31;01:mi=00:su=37;41:sg=30;43:ca=30;41:tw=30;42:ow=34;42:st=37;44:ex=01;32:*.tar=01;31:*.tgz=01;31:*.arc=01;31:*.arj=01;31:*.taz=01;31:*.lha=01;31:*.lz4=01;31:*.lzh=01;31:*.lzma=01;31:*.tlz=01;31:*.txz=01;31:*.tzo=01;31:*.t7z=01;31:*.zip=01;31:*.z=01;31:*.dz=01;31:*.gz=01;31:*.lrz=01;31:*.lz=01;31:*.lzo=01;31:*.xz=01;31:*.zst=01;31:*.tzst=01;31:*.bz2=01;31:*.bz=01;31:*.tbz=01;31:*.tbz2=01;31:*.tz=01;31:*.deb=01;31:*.rpm=01;31:*.jar=01;31:*.war=01;31:*.ear=01;31:*.sar=01;31:*.rar=01;31:*.alz=01;31:*.ace=01;31:*.zoo=01;31:*.cpio=01;31:*.7z=01;31:*.rz=01;31:*.cab=01;31:*.wim=01;31:*.swm=01;31:*.dwm=01;31:*.esd=01;31:*.jpg=01;35:*.jpeg=01;35:*.mjpg=01;35:*.mjpeg=01;35:*.gif=01;35:*.bmp=01;35:*.pbm=01;35:*.pgm=01;35:*.ppm=01;35:*.tga=01;35:*.xbm=01;35:*.xpm=01;35:*.tif=01;35:*.tiff=01;35:*.png=01;35:*.svg=01;35:*.svgz=01;35:*.mng=01;35:*.pcx=01;35:*.mov=01;35:*.mpg=01;35:*.mpeg=01;35:*.m2v=01;35:*.mkv=01;35:*.webm=01;35:*.webp=01;35:*.ogm=01;35:*.mp4=01;35:*.m4v=01;35:*.mp4v=01;35:*.vob=01;35:*.qt=01;35:*.nuv=01;35:*.wmv=01;35:*.asf=01;35:*.rm=01;35:*.rmvb=01;35:*.flc=01;35:*.avi=01;35:*.fli=01;35:*.flv=01;35:*.gl=01;35:*.dl=01;35:*.xcf=01;35:*.xwd=01;35:*.yuv=01;35:*.cgm=01;35:*.emf=01;35:*.ogv=01;35:*.ogx=01;35:*.aac=00;36:*.au=00;36:*.flac=00;36:*.m4a=00;36:*.mid=00;36:*.midi=00;36:*.mka=00;36:*.mp3=00;36:*.mpc=00;36:*.ogg=00;36:*.ra=00;36:*.wav=00;36:*.oga=00;36:*.opus=00;36:*.spx=00;36:*.xspf=00;36:'), ('VSCODE_GIT_IPC_HANDLE', '/run/user/1000/vscode-git-6e1624529d.sock'), ('TERM_PROGRAM', 'vscode'), ('ROS_DOMAIN_ID', '10'), ('AMENT_PREFIX_PATH', '/home/ibrahim/BinPicking/install/ros2_linkattacher:/home/ibrahim/BinPicking/install/moveit_config:/home/ibrahim/BinPicking/install/bin_nodes:/home/ibrahim/BinPicking/install/linkattacher_msgs:/home/ibrahim/RobotArmExpanded/install/main_arm_package:/home/ibrahim/RobotArmExpanded/install/action_interfaces:/home/ibrahim/MoveItArm/install/moveit_config:/home/ibrahim/MoveItArm/install/moveit_arm_package:/home/ibrahim/RobotArm/install/main_arm_package:/home/ibrahim/RobotArm/install/action_interfaces:/home/ibrahim/TF2Sample/install/tf2sim:/home/ibrahim/RobotNav/install/main_robot_nodes:/home/ibrahim/RobotNav/install/action_interfaces:/home/ibrahim/RobotMonitor/install/Robot3Node_Package:/home/ibrahim/ros2_ws/install/my_first_package:/home/ibrahim/ros2_ws/install/action_interfaces:/opt/ros/humble'), ('SHELL', '/bin/bash'), ('LESSCLOSE', '/usr/bin/lesspipe %s %s'), ('VSCODE_GIT_ASKPASS_EXTRA_ARGS', ''), ('PWD', '/home/ibrahim/BinPicking/build/bin_nodes'), ('COPILOT_DEBUG_NONCE', 'd05f4ba8ec07642c4df8354ff840a334'), ('XDG_DATA_DIRS', '/usr/local/share:/usr/share:/var/lib/snapd/desktop'), ('PYTHONPATH', '/home/ibrahim/BinPicking/install/linkattacher_msgs/local/lib/python3.10/dist-packages:/home/ibrahim/RobotArmExpanded/install/action_interfaces/local/lib/python3.10/dist-packages:/home/ibrahim/RobotArm/install/action_interfaces/local/lib/python3.10/dist-packages:/home/ibrahim/RobotNav/install/action_interfaces/local/lib/python3.10/dist-packages:/home/ibrahim/ros2_ws/install/action_interfaces/local/lib/python3.10/dist-packages:/opt/ros/humble/lib/python3.10/site-packages:/opt/ros/humble/local/lib/python3.10/dist-packages'), ('COLCON', '1'), ('WSL2_GUI_APPS_ENABLED', '1'), ('HOSTTYPE', 'x86_64'), ('CMAKE_PREFIX_PATH', '/home/ibrahim/BinPicking/install/linkattacher_msgs:/home/ibrahim/BinPicking/install/ros2_linkattacher:/home/ibrahim/BinPicking/install/moveit_config:/home/ibrahim/BinPicking/install/bin_nodes:/home/ibrahim/RobotArmExpanded/install/main_arm_package:/home/ibrahim/RobotArmExpanded/install/action_interfaces:/home/ibrahim/MoveItArm/install/moveit_config:/home/ibrahim/MoveItArm/install/moveit_arm_package:/home/ibrahim/TF2Sample/install/tf2sim:/home/ibrahim/RobotNav/install/main_robot_nodes:/home/ibrahim/RobotNav/install/action_interfaces:/home/ibrahim/RobotMonitor/install/Robot3Node_Package:/home/ibrahim/ros2_ws/install/my_first_package:/home/ibrahim/ros2_ws/install/action_interfaces:/home/ibrahim/RobotArm/install/main_arm_package:/home/ibrahim/RobotArm/install/action_interfaces:/opt/ros/humble'), ('WSLENV', 'VSCODE_WSL_EXT_LOCATION/up')]), 'shell': False}
[0.490996] (ros2_linkattacher) JobProgress: {'identifier': 'ros2_linkattacher', 'progress': 'cmake'}
[0.491730] (ros2_linkattacher) JobProgress: {'identifier': 'ros2_linkattacher', 'progress': 'build'}
[0.492051] (ros2_linkattacher) Command: {'cmd': ['/usr/bin/cmake', '--build', '/home/ibrahim/BinPicking/build/ros2_linkattacher', '--', '-j16', '-l16'], 'cwd': '/home/ibrahim/BinPicking/build/ros2_linkattacher', 'env': OrderedDict([('PYTHON_BASIC_REPL', '1'), ('LESSOPEN', '| /usr/bin/lesspipe %s'), ('USER', 'ibrahim'), ('GIT_ASKPASS', '/home/ibrahim/.vscode-server/bin/4fe60c8b1cdac1c4c174f2fb180d0d758272d713/extensions/git/dist/askpass.sh'), ('SHLVL', '1'), ('LD_LIBRARY_PATH', '/home/ibrahim/BinPicking/install/linkattacher_msgs/lib:/home/ibrahim/BinPicking/install/ros2_linkattacher/lib:/home/ibrahim/RobotArmExpanded/install/action_interfaces/lib:/home/ibrahim/RobotArm/install/action_interfaces/lib:/home/ibrahim/RobotNav/install/action_interfaces/lib:/home/ibrahim/ros2_ws/install/action_interfaces/lib:/usr/lib/x86_64-linux-gnu/gazebo-11/plugins:/opt/ros/humble/opt/rviz_ogre_vendor/lib:/opt/ros/humble/lib/x86_64-linux-gnu:/opt/ros/humble/lib'), ('HOME', '/home/ibrahim'), ('TERM_PROGRAM_VERSION', '1.127.0'), ('VSCODE_IPC_HOOK_CLI', '/run/user/1000/vscode-ipc-f56497ac-26c8-4238-ac57-aa6c35150e6d.sock'), ('ROS_PYTHON_VERSION', '3'), ('VSCODE_GIT_ASKPASS_MAIN', '/home/ibrahim/.vscode-server/bin/4fe60c8b1cdac1c4c174f2fb180d0d758272d713/extensions/git/dist/askpass-main.js'), ('VSCODE_GIT_ASKPASS_NODE', '/home/ibrahim/.vscode-server/bin/4fe60c8b1cdac1c4c174f2fb180d0d758272d713/node'), ('PYDEVD_DISABLE_FILE_VALIDATION', '1'), ('BUNDLED_DEBUGPY_PATH', '/home/ibrahim/.vscode-server/extensions/ms-python.debugpy-2026.6.0-linux-x64/bundled/libs/debugpy'), ('VSCODE_PYTHON_AUTOACTIVATE_GUARD', '1'), ('DBUS_SESSION_BUS_ADDRESS', 'unix:path=/run/user/1000/bus'), ('COLORTERM', 'truecolor'), ('WSL_DISTRO_NAME', 'Ubuntu-22.04'), ('WAYLAND_DISPLAY', 'wayland-0'), ('COLCON_PREFIX_PATH', '/home/ibrahim/BinPicking/install:/home/ibrahim/MoveItArm/install:/home/ibrahim/RobotArmExpanded/install:/home/ibrahim/RobotArm/install:/home/ibrahim/TF2Sample/install:/home/ibrahim/RobotNav/install:/home/ibrahim/RobotMonitor/install:/home/ibrahim/ros2_ws/install'), ('ROS_DISTRO', 'humble'), ('LOGNAME', 'ibrahim'), ('NAME', 'Ibrahim-laptop'), ('WSL_INTEROP', '/run/WSL/409_interop'), ('PULSE_SERVER', 'unix:/mnt/wslg/PulseServer'), ('_', '/usr/bin/colcon'), ('ROS_VERSION', '2'), ('CLAUDE_CODE_SSE_PORT', '15232'), ('TERM', 'xterm-256color'), ('ROS_LOCALHOST_ONLY', '0'), ('PATH', '/home/ibrahim/.vscode-server/data/User/globalStorage/github.copilot-chat/debugCommand:/home/ibrahim/.vscode-server/data/User/globalStorage/github.copilot-chat/copilotCli:/home/ibrahim/.vscode-server/bin/4fe60c8b1cdac1c4c174f2fb180d0d758272d713/bin/remote-cli:/opt/ros/humble/bin:/usr/local/sbin:/usr/local/bin:/usr/sbin:/usr/bin:/sbin:/bin:/usr/games:/usr/local/games:/usr/lib/wsl/lib:/mnt/c/Windows/system32:/mnt/c/Windows:/mnt/c/Windows/System32/Wbem:/mnt/c/Windows/System32/WindowsPowerShell/v1.0/:/mnt/c/Windows/System32/OpenSSH/:/mnt/c/Program Files (x86)/NVIDIA Corporation/PhysX/Common:/mnt/c/Program Files/NVIDIA Corporation/NVIDIA App/NvDLISR:/mnt/c/Program Files/dotnet/:/mnt/c/Program Files/nodejs/:/mnt/c/Program Files/Git/cmd:/mnt/c/Program Files/PostgreSQL/18/bin:/mnt/c/Users/zanto/.local/bin:/mnt/c/Program Files/Docker/Docker/resources/bin:/mnt/c/Program Files/GitHub CLI/:/mnt/c/Users/zanto/AppData/Local/Programs/Python/Python312/Scripts/:/mnt/c/Users/zanto/AppData/Local/Programs/Python/Python312/:/mnt/c/Users/zanto/AppData/Local/Programs/Python/Python314/Scripts/:/mnt/c/Users/zanto/AppData/Local/Programs/Python/Python314/:/mnt/c/Users/zanto/AppData/Local/Microsoft/WindowsApps:/mnt/c/Users/zanto/AppData/Local/Programs/Microsoft VS Code/bin:/mnt/c/Users/zanto/AppData/Local/Programs/Ollama:/mnt/c/Users/zanto/AppData/Roaming/npm:/mnt/c/msys64/ucrt64/bin:/snap/bin:/home/ibrahim/.vscode-server/extensions/ms-python.debugpy-2026.6.0-linux-x64/bundled/scripts/noConfigScripts'), ('XDG_RUNTIME_DIR', '/run/user/1000/'), ('DISPLAY', ':0'), ('VSCODE_DEBUGPY_ADAPTER_ENDPOINTS', '/home/ibrahim/.vscode-server/extensions/ms-python.debugpy-2026.6.0-linux-x64/.noConfigDebugAdapterEndpoints/endpoint-5f2293e981f4d090.txt'), ('LANG', 'C.UTF-8'), ('PYTHONSTARTUP', '/home/ibrahim/.vscode-server/data/User/workspaceStorage/53d6af783f54596ecf064b03d33c69c7/ms-python.python/pythonrc.py'), ('RMW_IMPLEMENTATION', 'rmw_cyclonedds_cpp'), ('LS_COLORS', 'rs=0:di=01;34:ln=01;36:mh=00:pi=40;33:so=01;35:do=01;35:bd=40;33;01:cd=40;33;01:or=40;31;01:mi=00:su=37;41:sg=30;43:ca=30;41:tw=30;42:ow=34;42:st=37;44:ex=01;32:*.tar=01;31:*.tgz=01;31:*.arc=01;31:*.arj=01;31:*.taz=01;31:*.lha=01;31:*.lz4=01;31:*.lzh=01;31:*.lzma=01;31:*.tlz=01;31:*.txz=01;31:*.tzo=01;31:*.t7z=01;31:*.zip=01;31:*.z=01;31:*.dz=01;31:*.gz=01;31:*.lrz=01;31:*.lz=01;31:*.lzo=01;31:*.xz=01;31:*.zst=01;31:*.tzst=01;31:*.bz2=01;31:*.bz=01;31:*.tbz=01;31:*.tbz2=01;31:*.tz=01;31:*.deb=01;31:*.rpm=01;31:*.jar=01;31:*.war=01;31:*.ear=01;31:*.sar=01;31:*.rar=01;31:*.alz=01;31:*.ace=01;31:*.zoo=01;31:*.cpio=01;31:*.7z=01;31:*.rz=01;31:*.cab=01;31:*.wim=01;31:*.swm=01;31:*.dwm=01;31:*.esd=01;31:*.jpg=01;35:*.jpeg=01;35:*.mjpg=01;35:*.mjpeg=01;35:*.gif=01;35:*.bmp=01;35:*.pbm=01;35:*.pgm=01;35:*.ppm=01;35:*.tga=01;35:*.xbm=01;35:*.xpm=01;35:*.tif=01;35:*.tiff=01;35:*.png=01;35:*.svg=01;35:*.svgz=01;35:*.mng=01;35:*.pcx=01;35:*.mov=01;35:*.mpg=01;35:*.mpeg=01;35:*.m2v=01;35:*.mkv=01;35:*.webm=01;35:*.webp=01;35:*.ogm=01;35:*.mp4=01;35:*.m4v=01;35:*.mp4v=01;35:*.vob=01;35:*.qt=01;35:*.nuv=01;35:*.wmv=01;35:*.asf=01;35:*.rm=01;35:*.rmvb=01;35:*.flc=01;35:*.avi=01;35:*.fli=01;35:*.flv=01;35:*.gl=01;35:*.dl=01;35:*.xcf=01;35:*.xwd=01;35:*.yuv=01;35:*.cgm=01;35:*.emf=01;35:*.ogv=01;35:*.ogx=01;35:*.aac=00;36:*.au=00;36:*.flac=00;36:*.m4a=00;36:*.mid=00;36:*.midi=00;36:*.mka=00;36:*.mp3=00;36:*.mpc=00;36:*.ogg=00;36:*.ra=00;36:*.wav=00;36:*.oga=00;36:*.opus=00;36:*.spx=00;36:*.xspf=00;36:'), ('VSCODE_GIT_IPC_HANDLE', '/run/user/1000/vscode-git-6e1624529d.sock'), ('TERM_PROGRAM', 'vscode'), ('ROS_DOMAIN_ID', '10'), ('AMENT_PREFIX_PATH', '/home/ibrahim/BinPicking/install/ros2_linkattacher:/home/ibrahim/BinPicking/install/moveit_config:/home/ibrahim/BinPicking/install/bin_nodes:/home/ibrahim/BinPicking/install/linkattacher_msgs:/home/ibrahim/RobotArmExpanded/install/main_arm_package:/home/ibrahim/RobotArmExpanded/install/action_interfaces:/home/ibrahim/MoveItArm/install/moveit_config:/home/ibrahim/MoveItArm/install/moveit_arm_package:/home/ibrahim/RobotArm/install/main_arm_package:/home/ibrahim/RobotArm/install/action_interfaces:/home/ibrahim/TF2Sample/install/tf2sim:/home/ibrahim/RobotNav/install/main_robot_nodes:/home/ibrahim/RobotNav/install/action_interfaces:/home/ibrahim/RobotMonitor/install/Robot3Node_Package:/home/ibrahim/ros2_ws/install/my_first_package:/home/ibrahim/ros2_ws/install/action_interfaces:/opt/ros/humble'), ('SHELL', '/bin/bash'), ('LESSCLOSE', '/usr/bin/lesspipe %s %s'), ('VSCODE_GIT_ASKPASS_EXTRA_ARGS', ''), ('PWD', '/home/ibrahim/BinPicking/build/ros2_linkattacher'), ('COPILOT_DEBUG_NONCE', 'd05f4ba8ec07642c4df8354ff840a334'), ('XDG_DATA_DIRS', '/usr/local/share:/usr/share:/var/lib/snapd/desktop'), ('PYTHONPATH', '/home/ibrahim/BinPicking/install/linkattacher_msgs/local/lib/python3.10/dist-packages:/home/ibrahim/RobotArmExpanded/install/action_interfaces/local/lib/python3.10/dist-packages:/home/ibrahim/RobotArm/install/action_interfaces/local/lib/python3.10/dist-packages:/home/ibrahim/RobotNav/install/action_interfaces/local/lib/python3.10/dist-packages:/home/ibrahim/ros2_ws/install/action_interfaces/local/lib/python3.10/dist-packages:/opt/ros/humble/lib/python3.10/site-packages:/opt/ros/humble/local/lib/python3.10/dist-packages'), ('COLCON', '1'), ('WSL2_GUI_APPS_ENABLED', '1'), ('HOSTTYPE', 'x86_64'), ('CMAKE_PREFIX_PATH', '/home/ibrahim/BinPicking/install/linkattacher_msgs:/home/ibrahim/BinPicking/install/ros2_linkattacher:/home/ibrahim/BinPicking/install/moveit_config:/home/ibrahim/BinPicking/install/bin_nodes:/home/ibrahim/RobotArmExpanded/install/main_arm_package:/home/ibrahim/RobotArmExpanded/install/action_interfaces:/home/ibrahim/MoveItArm/install/moveit_config:/home/ibrahim/MoveItArm/install/moveit_arm_package:/home/ibrahim/TF2Sample/install/tf2sim:/home/ibrahim/RobotNav/install/main_robot_nodes:/home/ibrahim/RobotNav/install/action_interfaces:/home/ibrahim/RobotMonitor/install/Robot3Node_Package:/home/ibrahim/ros2_ws/install/my_first_package:/home/ibrahim/ros2_ws/install/action_interfaces:/home/ibrahim/RobotArm/install/main_arm_package:/home/ibrahim/RobotArm/install/action_interfaces:/opt/ros/humble'), ('WSLENV', 'VSCODE_WSL_EXT_LOCATION/up')]), 'shell': False}
[0.499828] (-) TimerEvent: {}
[0.534079] (bin_nodes) StdoutLine: {'line': b'\x1b[35m\x1b[1mConsolidate compiler generated dependencies of target pick_and_place_fixed\x1b[0m\n'}
[0.553380] (bin_nodes) StdoutLine: {'line': b'[ 50%] Built target MoveArm\n'}
[0.563755] (bin_nodes) StdoutLine: {'line': b'[ 75%] \x1b[32mBuilding CXX object CMakeFiles/pick_and_place_fixed.dir/src/pick_and_place_fixed.cpp.o\x1b[0m\n'}
[0.570343] (ros2_linkattacher) StdoutLine: {'line': b'[100%] Built target gazebo_link_attacher\n'}
[0.583845] (ros2_linkattacher) CommandEnded: {'returncode': 0}
[0.584648] (ros2_linkattacher) JobProgress: {'identifier': 'ros2_linkattacher', 'progress': 'install'}
[0.585755] (ros2_linkattacher) Command: {'cmd': ['/usr/bin/cmake', '--install', '/home/ibrahim/BinPicking/build/ros2_linkattacher'], 'cwd': '/home/ibrahim/BinPicking/build/ros2_linkattacher', 'env': OrderedDict([('PYTHON_BASIC_REPL', '1'), ('LESSOPEN', '| /usr/bin/lesspipe %s'), ('USER', 'ibrahim'), ('GIT_ASKPASS', '/home/ibrahim/.vscode-server/bin/4fe60c8b1cdac1c4c174f2fb180d0d758272d713/extensions/git/dist/askpass.sh'), ('SHLVL', '1'), ('LD_LIBRARY_PATH', '/home/ibrahim/BinPicking/install/linkattacher_msgs/lib:/home/ibrahim/BinPicking/install/ros2_linkattacher/lib:/home/ibrahim/RobotArmExpanded/install/action_interfaces/lib:/home/ibrahim/RobotArm/install/action_interfaces/lib:/home/ibrahim/RobotNav/install/action_interfaces/lib:/home/ibrahim/ros2_ws/install/action_interfaces/lib:/usr/lib/x86_64-linux-gnu/gazebo-11/plugins:/opt/ros/humble/opt/rviz_ogre_vendor/lib:/opt/ros/humble/lib/x86_64-linux-gnu:/opt/ros/humble/lib'), ('HOME', '/home/ibrahim'), ('TERM_PROGRAM_VERSION', '1.127.0'), ('VSCODE_IPC_HOOK_CLI', '/run/user/1000/vscode-ipc-f56497ac-26c8-4238-ac57-aa6c35150e6d.sock'), ('ROS_PYTHON_VERSION', '3'), ('VSCODE_GIT_ASKPASS_MAIN', '/home/ibrahim/.vscode-server/bin/4fe60c8b1cdac1c4c174f2fb180d0d758272d713/extensions/git/dist/askpass-main.js'), ('VSCODE_GIT_ASKPASS_NODE', '/home/ibrahim/.vscode-server/bin/4fe60c8b1cdac1c4c174f2fb180d0d758272d713/node'), ('PYDEVD_DISABLE_FILE_VALIDATION', '1'), ('BUNDLED_DEBUGPY_PATH', '/home/ibrahim/.vscode-server/extensions/ms-python.debugpy-2026.6.0-linux-x64/bundled/libs/debugpy'), ('VSCODE_PYTHON_AUTOACTIVATE_GUARD', '1'), ('DBUS_SESSION_BUS_ADDRESS', 'unix:path=/run/user/1000/bus'), ('COLORTERM', 'truecolor'), ('WSL_DISTRO_NAME', 'Ubuntu-22.04'), ('WAYLAND_DISPLAY', 'wayland-0'), ('COLCON_PREFIX_PATH', '/home/ibrahim/BinPicking/install:/home/ibrahim/MoveItArm/install:/home/ibrahim/RobotArmExpanded/install:/home/ibrahim/RobotArm/install:/home/ibrahim/TF2Sample/install:/home/ibrahim/RobotNav/install:/home/ibrahim/RobotMonitor/install:/home/ibrahim/ros2_ws/install'), ('ROS_DISTRO', 'humble'), ('LOGNAME', 'ibrahim'), ('NAME', 'Ibrahim-laptop'), ('WSL_INTEROP', '/run/WSL/409_interop'), ('PULSE_SERVER', 'unix:/mnt/wslg/PulseServer'), ('_', '/usr/bin/colcon'), ('ROS_VERSION', '2'), ('CLAUDE_CODE_SSE_PORT', '15232'), ('TERM', 'xterm-256color'), ('ROS_LOCALHOST_ONLY', '0'), ('PATH', '/home/ibrahim/.vscode-server/data/User/globalStorage/github.copilot-chat/debugCommand:/home/ibrahim/.vscode-server/data/User/globalStorage/github.copilot-chat/copilotCli:/home/ibrahim/.vscode-server/bin/4fe60c8b1cdac1c4c174f2fb180d0d758272d713/bin/remote-cli:/opt/ros/humble/bin:/usr/local/sbin:/usr/local/bin:/usr/sbin:/usr/bin:/sbin:/bin:/usr/games:/usr/local/games:/usr/lib/wsl/lib:/mnt/c/Windows/system32:/mnt/c/Windows:/mnt/c/Windows/System32/Wbem:/mnt/c/Windows/System32/WindowsPowerShell/v1.0/:/mnt/c/Windows/System32/OpenSSH/:/mnt/c/Program Files (x86)/NVIDIA Corporation/PhysX/Common:/mnt/c/Program Files/NVIDIA Corporation/NVIDIA App/NvDLISR:/mnt/c/Program Files/dotnet/:/mnt/c/Program Files/nodejs/:/mnt/c/Program Files/Git/cmd:/mnt/c/Program Files/PostgreSQL/18/bin:/mnt/c/Users/zanto/.local/bin:/mnt/c/Program Files/Docker/Docker/resources/bin:/mnt/c/Program Files/GitHub CLI/:/mnt/c/Users/zanto/AppData/Local/Programs/Python/Python312/Scripts/:/mnt/c/Users/zanto/AppData/Local/Programs/Python/Python312/:/mnt/c/Users/zanto/AppData/Local/Programs/Python/Python314/Scripts/:/mnt/c/Users/zanto/AppData/Local/Programs/Python/Python314/:/mnt/c/Users/zanto/AppData/Local/Microsoft/WindowsApps:/mnt/c/Users/zanto/AppData/Local/Programs/Microsoft VS Code/bin:/mnt/c/Users/zanto/AppData/Local/Programs/Ollama:/mnt/c/Users/zanto/AppData/Roaming/npm:/mnt/c/msys64/ucrt64/bin:/snap/bin:/home/ibrahim/.vscode-server/extensions/ms-python.debugpy-2026.6.0-linux-x64/bundled/scripts/noConfigScripts'), ('XDG_RUNTIME_DIR', '/run/user/1000/'), ('DISPLAY', ':0'), ('VSCODE_DEBUGPY_ADAPTER_ENDPOINTS', '/home/ibrahim/.vscode-server/extensions/ms-python.debugpy-2026.6.0-linux-x64/.noConfigDebugAdapterEndpoints/endpoint-5f2293e981f4d090.txt'), ('LANG', 'C.UTF-8'), ('PYTHONSTARTUP', '/home/ibrahim/.vscode-server/data/User/workspaceStorage/53d6af783f54596ecf064b03d33c69c7/ms-python.python/pythonrc.py'), ('RMW_IMPLEMENTATION', 'rmw_cyclonedds_cpp'), ('LS_COLORS', 'rs=0:di=01;34:ln=01;36:mh=00:pi=40;33:so=01;35:do=01;35:bd=40;33;01:cd=40;33;01:or=40;31;01:mi=00:su=37;41:sg=30;43:ca=30;41:tw=30;42:ow=34;42:st=37;44:ex=01;32:*.tar=01;31:*.tgz=01;31:*.arc=01;31:*.arj=01;31:*.taz=01;31:*.lha=01;31:*.lz4=01;31:*.lzh=01;31:*.lzma=01;31:*.tlz=01;31:*.txz=01;31:*.tzo=01;31:*.t7z=01;31:*.zip=01;31:*.z=01;31:*.dz=01;31:*.gz=01;31:*.lrz=01;31:*.lz=01;31:*.lzo=01;31:*.xz=01;31:*.zst=01;31:*.tzst=01;31:*.bz2=01;31:*.bz=01;31:*.tbz=01;31:*.tbz2=01;31:*.tz=01;31:*.deb=01;31:*.rpm=01;31:*.jar=01;31:*.war=01;31:*.ear=01;31:*.sar=01;31:*.rar=01;31:*.alz=01;31:*.ace=01;31:*.zoo=01;31:*.cpio=01;31:*.7z=01;31:*.rz=01;31:*.cab=01;31:*.wim=01;31:*.swm=01;31:*.dwm=01;31:*.esd=01;31:*.jpg=01;35:*.jpeg=01;35:*.mjpg=01;35:*.mjpeg=01;35:*.gif=01;35:*.bmp=01;35:*.pbm=01;35:*.pgm=01;35:*.ppm=01;35:*.tga=01;35:*.xbm=01;35:*.xpm=01;35:*.tif=01;35:*.tiff=01;35:*.png=01;35:*.svg=01;35:*.svgz=01;35:*.mng=01;35:*.pcx=01;35:*.mov=01;35:*.mpg=01;35:*.mpeg=01;35:*.m2v=01;35:*.mkv=01;35:*.webm=01;35:*.webp=01;35:*.ogm=01;35:*.mp4=01;35:*.m4v=01;35:*.mp4v=01;35:*.vob=01;35:*.qt=01;35:*.nuv=01;35:*.wmv=01;35:*.asf=01;35:*.rm=01;35:*.rmvb=01;35:*.flc=01;35:*.avi=01;35:*.fli=01;35:*.flv=01;35:*.gl=01;35:*.dl=01;35:*.xcf=01;35:*.xwd=01;35:*.yuv=01;35:*.cgm=01;35:*.emf=01;35:*.ogv=01;35:*.ogx=01;35:*.aac=00;36:*.au=00;36:*.flac=00;36:*.m4a=00;36:*.mid=00;36:*.midi=00;36:*.mka=00;36:*.mp3=00;36:*.mpc=00;36:*.ogg=00;36:*.ra=00;36:*.wav=00;36:*.oga=00;36:*.opus=00;36:*.spx=00;36:*.xspf=00;36:'), ('VSCODE_GIT_IPC_HANDLE', '/run/user/1000/vscode-git-6e1624529d.sock'), ('TERM_PROGRAM', 'vscode'), ('ROS_DOMAIN_ID', '10'), ('AMENT_PREFIX_PATH', '/home/ibrahim/BinPicking/install/ros2_linkattacher:/home/ibrahim/BinPicking/install/moveit_config:/home/ibrahim/BinPicking/install/bin_nodes:/home/ibrahim/BinPicking/install/linkattacher_msgs:/home/ibrahim/RobotArmExpanded/install/main_arm_package:/home/ibrahim/RobotArmExpanded/install/action_interfaces:/home/ibrahim/MoveItArm/install/moveit_config:/home/ibrahim/MoveItArm/install/moveit_arm_package:/home/ibrahim/RobotArm/install/main_arm_package:/home/ibrahim/RobotArm/install/action_interfaces:/home/ibrahim/TF2Sample/install/tf2sim:/home/ibrahim/RobotNav/install/main_robot_nodes:/home/ibrahim/RobotNav/install/action_interfaces:/home/ibrahim/RobotMonitor/install/Robot3Node_Package:/home/ibrahim/ros2_ws/install/my_first_package:/home/ibrahim/ros2_ws/install/action_interfaces:/opt/ros/humble'), ('SHELL', '/bin/bash'), ('LESSCLOSE', '/usr/bin/lesspipe %s %s'), ('VSCODE_GIT_ASKPASS_EXTRA_ARGS', ''), ('PWD', '/home/ibrahim/BinPicking/build/ros2_linkattacher'), ('COPILOT_DEBUG_NONCE', 'd05f4ba8ec07642c4df8354ff840a334'), ('XDG_DATA_DIRS', '/usr/local/share:/usr/share:/var/lib/snapd/desktop'), ('PYTHONPATH', '/home/ibrahim/BinPicking/install/linkattacher_msgs/local/lib/python3.10/dist-packages:/home/ibrahim/RobotArmExpanded/install/action_interfaces/local/lib/python3.10/dist-packages:/home/ibrahim/RobotArm/install/action_interfaces/local/lib/python3.10/dist-packages:/home/ibrahim/RobotNav/install/action_interfaces/local/lib/python3.10/dist-packages:/home/ibrahim/ros2_ws/install/action_interfaces/local/lib/python3.10/dist-packages:/opt/ros/humble/lib/python3.10/site-packages:/opt/ros/humble/local/lib/python3.10/dist-packages'), ('COLCON', '1'), ('WSL2_GUI_APPS_ENABLED', '1'), ('HOSTTYPE', 'x86_64'), ('CMAKE_PREFIX_PATH', '/home/ibrahim/BinPicking/install/linkattacher_msgs:/home/ibrahim/BinPicking/install/ros2_linkattacher:/home/ibrahim/BinPicking/install/moveit_config:/home/ibrahim/BinPicking/install/bin_nodes:/home/ibrahim/RobotArmExpanded/install/main_arm_package:/home/ibrahim/RobotArmExpanded/install/action_interfaces:/home/ibrahim/MoveItArm/install/moveit_config:/home/ibrahim/MoveItArm/install/moveit_arm_package:/home/ibrahim/TF2Sample/install/tf2sim:/home/ibrahim/RobotNav/install/main_robot_nodes:/home/ibrahim/RobotNav/install/action_interfaces:/home/ibrahim/RobotMonitor/install/Robot3Node_Package:/home/ibrahim/ros2_ws/install/my_first_package:/home/ibrahim/ros2_ws/install/action_interfaces:/home/ibrahim/RobotArm/install/main_arm_package:/home/ibrahim/RobotArm/install/action_interfaces:/opt/ros/humble'), ('WSLENV', 'VSCODE_WSL_EXT_LOCATION/up')]), 'shell': False}
[0.593717] (ros2_linkattacher) StdoutLine: {'line': b'-- Install configuration: ""\n'}
[0.594057] (ros2_linkattacher) StdoutLine: {'line': b'-- Up-to-date: /home/ibrahim/BinPicking/install/ros2_linkattacher/share/ros2_linkattacher/environment/library_path.sh\n'}
[0.594322] (ros2_linkattacher) StdoutLine: {'line': b'-- Up-to-date: /home/ibrahim/BinPicking/install/ros2_linkattacher/share/ros2_linkattacher/environment/library_path.dsv\n'}
[0.594737] (ros2_linkattacher) StdoutLine: {'line': b'-- Up-to-date: /home/ibrahim/BinPicking/install/ros2_linkattacher/lib/libgazebo_link_attacher.so\n'}
[0.594964] (ros2_linkattacher) StdoutLine: {'line': b'-- Up-to-date: /home/ibrahim/BinPicking/install/ros2_linkattacher/share/ament_index/resource_index/package_run_dependencies/ros2_linkattacher\n'}
[0.595036] (ros2_linkattacher) StdoutLine: {'line': b'-- Up-to-date: /home/ibrahim/BinPicking/install/ros2_linkattacher/share/ament_index/resource_index/parent_prefix_path/ros2_linkattacher\n'}
[0.595122] (ros2_linkattacher) StdoutLine: {'line': b'-- Up-to-date: /home/ibrahim/BinPicking/install/ros2_linkattacher/share/ros2_linkattacher/environment/ament_prefix_path.sh\n'}
[0.595181] (ros2_linkattacher) StdoutLine: {'line': b'-- Up-to-date: /home/ibrahim/BinPicking/install/ros2_linkattacher/share/ros2_linkattacher/environment/ament_prefix_path.dsv\n'}
[0.595322] (ros2_linkattacher) StdoutLine: {'line': b'-- Up-to-date: /home/ibrahim/BinPicking/install/ros2_linkattacher/share/ros2_linkattacher/environment/path.sh\n'}
[0.595530] (ros2_linkattacher) StdoutLine: {'line': b'-- Up-to-date: /home/ibrahim/BinPicking/install/ros2_linkattacher/share/ros2_linkattacher/environment/path.dsv\n'}
[0.595576] (ros2_linkattacher) StdoutLine: {'line': b'-- Up-to-date: /home/ibrahim/BinPicking/install/ros2_linkattacher/share/ros2_linkattacher/local_setup.bash\n'}
[0.595613] (ros2_linkattacher) StdoutLine: {'line': b'-- Up-to-date: /home/ibrahim/BinPicking/install/ros2_linkattacher/share/ros2_linkattacher/local_setup.sh\n'}
[0.595645] (ros2_linkattacher) StdoutLine: {'line': b'-- Up-to-date: /home/ibrahim/BinPicking/install/ros2_linkattacher/share/ros2_linkattacher/local_setup.zsh\n'}
[0.595674] (ros2_linkattacher) StdoutLine: {'line': b'-- Up-to-date: /home/ibrahim/BinPicking/install/ros2_linkattacher/share/ros2_linkattacher/local_setup.dsv\n'}
[0.595703] (ros2_linkattacher) StdoutLine: {'line': b'-- Installing: /home/ibrahim/BinPicking/install/ros2_linkattacher/share/ros2_linkattacher/package.dsv\n'}
[0.595732] (ros2_linkattacher) StdoutLine: {'line': b'-- Up-to-date: /home/ibrahim/BinPicking/install/ros2_linkattacher/share/ament_index/resource_index/packages/ros2_linkattacher\n'}
[0.595762] (ros2_linkattacher) StdoutLine: {'line': b'-- Up-to-date: /home/ibrahim/BinPicking/install/ros2_linkattacher/share/ros2_linkattacher/cmake/ament_cmake_export_libraries-extras.cmake\n'}
[0.595801] (ros2_linkattacher) StdoutLine: {'line': b'-- Up-to-date: /home/ibrahim/BinPicking/install/ros2_linkattacher/share/ros2_linkattacher/cmake/ros2_linkattacherConfig.cmake\n'}
[0.595829] (ros2_linkattacher) StdoutLine: {'line': b'-- Up-to-date: /home/ibrahim/BinPicking/install/ros2_linkattacher/share/ros2_linkattacher/cmake/ros2_linkattacherConfig-version.cmake\n'}
[0.595858] (ros2_linkattacher) StdoutLine: {'line': b'-- Up-to-date: /home/ibrahim/BinPicking/install/ros2_linkattacher/share/ros2_linkattacher/package.xml\n'}
[0.597812] (ros2_linkattacher) CommandEnded: {'returncode': 0}
[0.599881] (-) TimerEvent: {}
[0.613675] (ros2_linkattacher) JobEnded: {'identifier': 'ros2_linkattacher', 'rc': 0}
[0.700029] (-) TimerEvent: {}
[0.800419] (-) TimerEvent: {}
[0.900756] (-) TimerEvent: {}
[1.001135] (-) TimerEvent: {}
[1.101531] (-) TimerEvent: {}
[1.201889] (-) TimerEvent: {}
[1.302278] (-) TimerEvent: {}
[1.402717] (-) TimerEvent: {}
[1.503187] (-) TimerEvent: {}
[1.603538] (-) TimerEvent: {}
[1.703907] (-) TimerEvent: {}
[1.804228] (-) TimerEvent: {}
[1.904600] (-) TimerEvent: {}
[2.005071] (-) TimerEvent: {}
[2.105462] (-) TimerEvent: {}
[2.205781] (-) TimerEvent: {}
[2.306172] (-) TimerEvent: {}
[2.406553] (-) TimerEvent: {}
[2.506996] (-) TimerEvent: {}
[2.607660] (-) TimerEvent: {}
[2.708724] (-) TimerEvent: {}
[2.809214] (-) TimerEvent: {}
[2.909585] (-) TimerEvent: {}
[3.009923] (-) TimerEvent: {}
[3.110312] (-) TimerEvent: {}
[3.210709] (-) TimerEvent: {}
[3.311072] (-) TimerEvent: {}
[3.411573] (-) TimerEvent: {}
[3.512178] (-) TimerEvent: {}
[3.612923] (-) TimerEvent: {}
[3.713588] (-) TimerEvent: {}
[3.813961] (-) TimerEvent: {}
[3.914384] (-) TimerEvent: {}
[4.014841] (-) TimerEvent: {}
[4.115176] (-) TimerEvent: {}
[4.215583] (-) TimerEvent: {}
[4.315993] (-) TimerEvent: {}
[4.416364] (-) TimerEvent: {}
[4.516725] (-) TimerEvent: {}
[4.617101] (-) TimerEvent: {}
[4.717453] (-) TimerEvent: {}
[4.817822] (-) TimerEvent: {}
[4.918205] (-) TimerEvent: {}
[5.018591] (-) TimerEvent: {}
[5.119021] (-) TimerEvent: {}
[5.219479] (-) TimerEvent: {}
[5.320043] (-) TimerEvent: {}
[5.420556] (-) TimerEvent: {}
[5.521065] (-) TimerEvent: {}
[5.621567] (-) TimerEvent: {}
[5.722092] (-) TimerEvent: {}
[5.822529] (-) TimerEvent: {}
[5.923016] (-) TimerEvent: {}
[6.023462] (-) TimerEvent: {}
[6.123938] (-) TimerEvent: {}
[6.224371] (-) TimerEvent: {}
[6.324788] (-) TimerEvent: {}
[6.425228] (-) TimerEvent: {}
[6.525685] (-) TimerEvent: {}
[6.626138] (-) TimerEvent: {}
[6.726590] (-) TimerEvent: {}
[6.827052] (-) TimerEvent: {}
[6.927502] (-) TimerEvent: {}
[7.027960] (-) TimerEvent: {}
[7.128459] (-) TimerEvent: {}
[7.228935] (-) TimerEvent: {}
[7.329429] (-) TimerEvent: {}
[7.429939] (-) TimerEvent: {}
[7.530339] (-) TimerEvent: {}
[7.630720] (-) TimerEvent: {}
[7.731099] (-) TimerEvent: {}
[7.831453] (-) TimerEvent: {}
[7.931828] (-) TimerEvent: {}
[8.032287] (-) TimerEvent: {}
[8.132734] (-) TimerEvent: {}
[8.233172] (-) TimerEvent: {}
[8.333671] (-) TimerEvent: {}
[8.434154] (-) TimerEvent: {}
[8.534622] (-) TimerEvent: {}
[8.635082] (-) TimerEvent: {}
[8.735549] (-) TimerEvent: {}
[8.835925] (-) TimerEvent: {}
[8.936360] (-) TimerEvent: {}
[9.036905] (-) TimerEvent: {}
[9.137434] (-) TimerEvent: {}
[9.237865] (-) TimerEvent: {}
[9.338275] (-) TimerEvent: {}
[9.438661] (-) TimerEvent: {}
[9.539048] (-) TimerEvent: {}
[9.639433] (-) TimerEvent: {}
[9.739829] (-) TimerEvent: {}
[9.798066] (bin_nodes) StdoutLine: {'line': b'[100%] \x1b[32m\x1b[1mLinking CXX executable pick_and_place_fixed\x1b[0m\n'}
[9.839913] (-) TimerEvent: {}
[9.940263] (-) TimerEvent: {}
[10.040675] (-) TimerEvent: {}
[10.141075] (-) TimerEvent: {}
[10.183526] (bin_nodes) StdoutLine: {'line': b'[100%] Built target pick_and_place_fixed\n'}
[10.197748] (bin_nodes) CommandEnded: {'returncode': 0}
[10.198655] (bin_nodes) JobProgress: {'identifier': 'bin_nodes', 'progress': 'install'}
[10.198992] (bin_nodes) Command: {'cmd': ['/usr/bin/cmake', '--install', '/home/ibrahim/BinPicking/build/bin_nodes'], 'cwd': '/home/ibrahim/BinPicking/build/bin_nodes', 'env': OrderedDict([('PYTHON_BASIC_REPL', '1'), ('LESSOPEN', '| /usr/bin/lesspipe %s'), ('USER', 'ibrahim'), ('GIT_ASKPASS', '/home/ibrahim/.vscode-server/bin/4fe60c8b1cdac1c4c174f2fb180d0d758272d713/extensions/git/dist/askpass.sh'), ('SHLVL', '1'), ('LD_LIBRARY_PATH', '/home/ibrahim/BinPicking/install/linkattacher_msgs/lib:/home/ibrahim/BinPicking/install/ros2_linkattacher/lib:/home/ibrahim/RobotArmExpanded/install/action_interfaces/lib:/home/ibrahim/RobotArm/install/action_interfaces/lib:/home/ibrahim/RobotNav/install/action_interfaces/lib:/home/ibrahim/ros2_ws/install/action_interfaces/lib:/usr/lib/x86_64-linux-gnu/gazebo-11/plugins:/opt/ros/humble/opt/rviz_ogre_vendor/lib:/opt/ros/humble/lib/x86_64-linux-gnu:/opt/ros/humble/lib'), ('HOME', '/home/ibrahim'), ('TERM_PROGRAM_VERSION', '1.127.0'), ('VSCODE_IPC_HOOK_CLI', '/run/user/1000/vscode-ipc-f56497ac-26c8-4238-ac57-aa6c35150e6d.sock'), ('ROS_PYTHON_VERSION', '3'), ('VSCODE_GIT_ASKPASS_MAIN', '/home/ibrahim/.vscode-server/bin/4fe60c8b1cdac1c4c174f2fb180d0d758272d713/extensions/git/dist/askpass-main.js'), ('VSCODE_GIT_ASKPASS_NODE', '/home/ibrahim/.vscode-server/bin/4fe60c8b1cdac1c4c174f2fb180d0d758272d713/node'), ('PYDEVD_DISABLE_FILE_VALIDATION', '1'), ('BUNDLED_DEBUGPY_PATH', '/home/ibrahim/.vscode-server/extensions/ms-python.debugpy-2026.6.0-linux-x64/bundled/libs/debugpy'), ('VSCODE_PYTHON_AUTOACTIVATE_GUARD', '1'), ('DBUS_SESSION_BUS_ADDRESS', 'unix:path=/run/user/1000/bus'), ('COLORTERM', 'truecolor'), ('WSL_DISTRO_NAME', 'Ubuntu-22.04'), ('WAYLAND_DISPLAY', 'wayland-0'), ('COLCON_PREFIX_PATH', '/home/ibrahim/BinPicking/install:/home/ibrahim/MoveItArm/install:/home/ibrahim/RobotArmExpanded/install:/home/ibrahim/RobotArm/install:/home/ibrahim/TF2Sample/install:/home/ibrahim/RobotNav/install:/home/ibrahim/RobotMonitor/install:/home/ibrahim/ros2_ws/install'), ('ROS_DISTRO', 'humble'), ('LOGNAME', 'ibrahim'), ('NAME', 'Ibrahim-laptop'), ('WSL_INTEROP', '/run/WSL/409_interop'), ('PULSE_SERVER', 'unix:/mnt/wslg/PulseServer'), ('_', '/usr/bin/colcon'), ('ROS_VERSION', '2'), ('CLAUDE_CODE_SSE_PORT', '15232'), ('TERM', 'xterm-256color'), ('ROS_LOCALHOST_ONLY', '0'), ('PATH', '/home/ibrahim/.vscode-server/data/User/globalStorage/github.copilot-chat/debugCommand:/home/ibrahim/.vscode-server/data/User/globalStorage/github.copilot-chat/copilotCli:/home/ibrahim/.vscode-server/bin/4fe60c8b1cdac1c4c174f2fb180d0d758272d713/bin/remote-cli:/opt/ros/humble/bin:/usr/local/sbin:/usr/local/bin:/usr/sbin:/usr/bin:/sbin:/bin:/usr/games:/usr/local/games:/usr/lib/wsl/lib:/mnt/c/Windows/system32:/mnt/c/Windows:/mnt/c/Windows/System32/Wbem:/mnt/c/Windows/System32/WindowsPowerShell/v1.0/:/mnt/c/Windows/System32/OpenSSH/:/mnt/c/Program Files (x86)/NVIDIA Corporation/PhysX/Common:/mnt/c/Program Files/NVIDIA Corporation/NVIDIA App/NvDLISR:/mnt/c/Program Files/dotnet/:/mnt/c/Program Files/nodejs/:/mnt/c/Program Files/Git/cmd:/mnt/c/Program Files/PostgreSQL/18/bin:/mnt/c/Users/zanto/.local/bin:/mnt/c/Program Files/Docker/Docker/resources/bin:/mnt/c/Program Files/GitHub CLI/:/mnt/c/Users/zanto/AppData/Local/Programs/Python/Python312/Scripts/:/mnt/c/Users/zanto/AppData/Local/Programs/Python/Python312/:/mnt/c/Users/zanto/AppData/Local/Programs/Python/Python314/Scripts/:/mnt/c/Users/zanto/AppData/Local/Programs/Python/Python314/:/mnt/c/Users/zanto/AppData/Local/Microsoft/WindowsApps:/mnt/c/Users/zanto/AppData/Local/Programs/Microsoft VS Code/bin:/mnt/c/Users/zanto/AppData/Local/Programs/Ollama:/mnt/c/Users/zanto/AppData/Roaming/npm:/mnt/c/msys64/ucrt64/bin:/snap/bin:/home/ibrahim/.vscode-server/extensions/ms-python.debugpy-2026.6.0-linux-x64/bundled/scripts/noConfigScripts'), ('XDG_RUNTIME_DIR', '/run/user/1000/'), ('DISPLAY', ':0'), ('VSCODE_DEBUGPY_ADAPTER_ENDPOINTS', '/home/ibrahim/.vscode-server/extensions/ms-python.debugpy-2026.6.0-linux-x64/.noConfigDebugAdapterEndpoints/endpoint-5f2293e981f4d090.txt'), ('LANG', 'C.UTF-8'), ('PYTHONSTARTUP', '/home/ibrahim/.vscode-server/data/User/workspaceStorage/53d6af783f54596ecf064b03d33c69c7/ms-python.python/pythonrc.py'), ('RMW_IMPLEMENTATION', 'rmw_cyclonedds_cpp'), ('LS_COLORS', 'rs=0:di=01;34:ln=01;36:mh=00:pi=40;33:so=01;35:do=01;35:bd=40;33;01:cd=40;33;01:or=40;31;01:mi=00:su=37;41:sg=30;43:ca=30;41:tw=30;42:ow=34;42:st=37;44:ex=01;32:*.tar=01;31:*.tgz=01;31:*.arc=01;31:*.arj=01;31:*.taz=01;31:*.lha=01;31:*.lz4=01;31:*.lzh=01;31:*.lzma=01;31:*.tlz=01;31:*.txz=01;31:*.tzo=01;31:*.t7z=01;31:*.zip=01;31:*.z=01;31:*.dz=01;31:*.gz=01;31:*.lrz=01;31:*.lz=01;31:*.lzo=01;31:*.xz=01;31:*.zst=01;31:*.tzst=01;31:*.bz2=01;31:*.bz=01;31:*.tbz=01;31:*.tbz2=01;31:*.tz=01;31:*.deb=01;31:*.rpm=01;31:*.jar=01;31:*.war=01;31:*.ear=01;31:*.sar=01;31:*.rar=01;31:*.alz=01;31:*.ace=01;31:*.zoo=01;31:*.cpio=01;31:*.7z=01;31:*.rz=01;31:*.cab=01;31:*.wim=01;31:*.swm=01;31:*.dwm=01;31:*.esd=01;31:*.jpg=01;35:*.jpeg=01;35:*.mjpg=01;35:*.mjpeg=01;35:*.gif=01;35:*.bmp=01;35:*.pbm=01;35:*.pgm=01;35:*.ppm=01;35:*.tga=01;35:*.xbm=01;35:*.xpm=01;35:*.tif=01;35:*.tiff=01;35:*.png=01;35:*.svg=01;35:*.svgz=01;35:*.mng=01;35:*.pcx=01;35:*.mov=01;35:*.mpg=01;35:*.mpeg=01;35:*.m2v=01;35:*.mkv=01;35:*.webm=01;35:*.webp=01;35:*.ogm=01;35:*.mp4=01;35:*.m4v=01;35:*.mp4v=01;35:*.vob=01;35:*.qt=01;35:*.nuv=01;35:*.wmv=01;35:*.asf=01;35:*.rm=01;35:*.rmvb=01;35:*.flc=01;35:*.avi=01;35:*.fli=01;35:*.flv=01;35:*.gl=01;35:*.dl=01;35:*.xcf=01;35:*.xwd=01;35:*.yuv=01;35:*.cgm=01;35:*.emf=01;35:*.ogv=01;35:*.ogx=01;35:*.aac=00;36:*.au=00;36:*.flac=00;36:*.m4a=00;36:*.mid=00;36:*.midi=00;36:*.mka=00;36:*.mp3=00;36:*.mpc=00;36:*.ogg=00;36:*.ra=00;36:*.wav=00;36:*.oga=00;36:*.opus=00;36:*.spx=00;36:*.xspf=00;36:'), ('VSCODE_GIT_IPC_HANDLE', '/run/user/1000/vscode-git-6e1624529d.sock'), ('TERM_PROGRAM', 'vscode'), ('ROS_DOMAIN_ID', '10'), ('AMENT_PREFIX_PATH', '/home/ibrahim/BinPicking/install/ros2_linkattacher:/home/ibrahim/BinPicking/install/moveit_config:/home/ibrahim/BinPicking/install/bin_nodes:/home/ibrahim/BinPicking/install/linkattacher_msgs:/home/ibrahim/RobotArmExpanded/install/main_arm_package:/home/ibrahim/RobotArmExpanded/install/action_interfaces:/home/ibrahim/MoveItArm/install/moveit_config:/home/ibrahim/MoveItArm/install/moveit_arm_package:/home/ibrahim/RobotArm/install/main_arm_package:/home/ibrahim/RobotArm/install/action_interfaces:/home/ibrahim/TF2Sample/install/tf2sim:/home/ibrahim/RobotNav/install/main_robot_nodes:/home/ibrahim/RobotNav/install/action_interfaces:/home/ibrahim/RobotMonitor/install/Robot3Node_Package:/home/ibrahim/ros2_ws/install/my_first_package:/home/ibrahim/ros2_ws/install/action_interfaces:/opt/ros/humble'), ('SHELL', '/bin/bash'), ('LESSCLOSE', '/usr/bin/lesspipe %s %s'), ('VSCODE_GIT_ASKPASS_EXTRA_ARGS', ''), ('PWD', '/home/ibrahim/BinPicking/build/bin_nodes'), ('COPILOT_DEBUG_NONCE', 'd05f4ba8ec07642c4df8354ff840a334'), ('XDG_DATA_DIRS', '/usr/local/share:/usr/share:/var/lib/snapd/desktop'), ('PYTHONPATH', '/home/ibrahim/BinPicking/install/linkattacher_msgs/local/lib/python3.10/dist-packages:/home/ibrahim/RobotArmExpanded/install/action_interfaces/local/lib/python3.10/dist-packages:/home/ibrahim/RobotArm/install/action_interfaces/local/lib/python3.10/dist-packages:/home/ibrahim/RobotNav/install/action_interfaces/local/lib/python3.10/dist-packages:/home/ibrahim/ros2_ws/install/action_interfaces/local/lib/python3.10/dist-packages:/opt/ros/humble/lib/python3.10/site-packages:/opt/ros/humble/local/lib/python3.10/dist-packages'), ('COLCON', '1'), ('WSL2_GUI_APPS_ENABLED', '1'), ('HOSTTYPE', 'x86_64'), ('CMAKE_PREFIX_PATH', '/home/ibrahim/BinPicking/install/linkattacher_msgs:/home/ibrahim/BinPicking/install/ros2_linkattacher:/home/ibrahim/BinPicking/install/moveit_config:/home/ibrahim/BinPicking/install/bin_nodes:/home/ibrahim/RobotArmExpanded/install/main_arm_package:/home/ibrahim/RobotArmExpanded/install/action_interfaces:/home/ibrahim/MoveItArm/install/moveit_config:/home/ibrahim/MoveItArm/install/moveit_arm_package:/home/ibrahim/TF2Sample/install/tf2sim:/home/ibrahim/RobotNav/install/main_robot_nodes:/home/ibrahim/RobotNav/install/action_interfaces:/home/ibrahim/RobotMonitor/install/Robot3Node_Package:/home/ibrahim/ros2_ws/install/my_first_package:/home/ibrahim/ros2_ws/install/action_interfaces:/home/ibrahim/RobotArm/install/main_arm_package:/home/ibrahim/RobotArm/install/action_interfaces:/opt/ros/humble'), ('WSLENV', 'VSCODE_WSL_EXT_LOCATION/up')]), 'shell': False}
[10.208427] (bin_nodes) StdoutLine: {'line': b'-- Install configuration: ""\n'}
[10.208754] (bin_nodes) StdoutLine: {'line': b'-- Up-to-date: /home/ibrahim/BinPicking/install/bin_nodes/lib/bin_nodes/MoveArm\n'}
[10.208987] (bin_nodes) StdoutLine: {'line': b'-- Installing: /home/ibrahim/BinPicking/install/bin_nodes/lib/bin_nodes/pick_and_place_fixed\n'}
[10.211897] (bin_nodes) StdoutLine: {'line': b'-- Set runtime path of "/home/ibrahim/BinPicking/install/bin_nodes/lib/bin_nodes/pick_and_place_fixed" to ""\n'}
[10.212133] (bin_nodes) StdoutLine: {'line': b'-- Up-to-date: /home/ibrahim/BinPicking/install/bin_nodes/share/bin_nodes/launch\n'}
[10.212444] (bin_nodes) StdoutLine: {'line': b'-- Up-to-date: /home/ibrahim/BinPicking/install/bin_nodes/share/bin_nodes/launch/display.launch.py\n'}
[10.212612] (bin_nodes) StdoutLine: {'line': b'-- Up-to-date: /home/ibrahim/BinPicking/install/bin_nodes/share/bin_nodes/urdf\n'}
[10.212769] (bin_nodes) StdoutLine: {'line': b'-- Up-to-date: /home/ibrahim/BinPicking/install/bin_nodes/share/bin_nodes/urdf/robot.urdf\n'}
[10.212955] (bin_nodes) StdoutLine: {'line': b'-- Up-to-date: /home/ibrahim/BinPicking/install/bin_nodes/share/bin_nodes/rviz\n'}
[10.213091] (bin_nodes) StdoutLine: {'line': b'-- Up-to-date: /home/ibrahim/BinPicking/install/bin_nodes/share/bin_nodes/rviz/model.rviz\n'}
[10.213160] (bin_nodes) StdoutLine: {'line': b'-- Up-to-date: /home/ibrahim/BinPicking/install/bin_nodes/share/bin_nodes/worlds\n'}
[10.213215] (bin_nodes) StdoutLine: {'line': b'-- Up-to-date: /home/ibrahim/BinPicking/install/bin_nodes/share/bin_nodes/worlds/world.sdf\n'}
[10.213316] (bin_nodes) StdoutLine: {'line': b'-- Up-to-date: /home/ibrahim/BinPicking/install/bin_nodes/share/ament_index/resource_index/package_run_dependencies/bin_nodes\n'}
[10.213604] (bin_nodes) StdoutLine: {'line': b'-- Up-to-date: /home/ibrahim/BinPicking/install/bin_nodes/share/ament_index/resource_index/parent_prefix_path/bin_nodes\n'}
[10.213656] (bin_nodes) StdoutLine: {'line': b'-- Up-to-date: /home/ibrahim/BinPicking/install/bin_nodes/share/bin_nodes/environment/ament_prefix_path.sh\n'}
[10.213707] (bin_nodes) StdoutLine: {'line': b'-- Up-to-date: /home/ibrahim/BinPicking/install/bin_nodes/share/bin_nodes/environment/ament_prefix_path.dsv\n'}
[10.213792] (bin_nodes) StdoutLine: {'line': b'-- Up-to-date: /home/ibrahim/BinPicking/install/bin_nodes/share/bin_nodes/environment/path.sh\n'}
[10.213836] (bin_nodes) StdoutLine: {'line': b'-- Up-to-date: /home/ibrahim/BinPicking/install/bin_nodes/share/bin_nodes/environment/path.dsv\n'}
[10.213871] (bin_nodes) StdoutLine: {'line': b'-- Up-to-date: /home/ibrahim/BinPicking/install/bin_nodes/share/bin_nodes/local_setup.bash\n'}
[10.213903] (bin_nodes) StdoutLine: {'line': b'-- Up-to-date: /home/ibrahim/BinPicking/install/bin_nodes/share/bin_nodes/local_setup.sh\n'}
[10.213990] (bin_nodes) StdoutLine: {'line': b'-- Up-to-date: /home/ibrahim/BinPicking/install/bin_nodes/share/bin_nodes/local_setup.zsh\n'}
[10.214036] (bin_nodes) StdoutLine: {'line': b'-- Up-to-date: /home/ibrahim/BinPicking/install/bin_nodes/share/bin_nodes/local_setup.dsv\n'}
[10.214072] (bin_nodes) StdoutLine: {'line': b'-- Installing: /home/ibrahim/BinPicking/install/bin_nodes/share/bin_nodes/package.dsv\n'}
[10.214105] (bin_nodes) StdoutLine: {'line': b'-- Up-to-date: /home/ibrahim/BinPicking/install/bin_nodes/share/ament_index/resource_index/packages/bin_nodes\n'}
[10.214137] (bin_nodes) StdoutLine: {'line': b'-- Up-to-date: /home/ibrahim/BinPicking/install/bin_nodes/share/bin_nodes/cmake/bin_nodesConfig.cmake\n'}
[10.214168] (bin_nodes) StdoutLine: {'line': b'-- Up-to-date: /home/ibrahim/BinPicking/install/bin_nodes/share/bin_nodes/cmake/bin_nodesConfig-version.cmake\n'}
[10.214197] (bin_nodes) StdoutLine: {'line': b'-- Up-to-date: /home/ibrahim/BinPicking/install/bin_nodes/share/bin_nodes/package.xml\n'}
[10.215769] (bin_nodes) CommandEnded: {'returncode': 0}
[10.228121] (bin_nodes) JobEnded: {'identifier': 'bin_nodes', 'rc': 0}
[10.229664] (moveit_config) JobStarted: {'identifier': 'moveit_config'}
[10.241279] (-) TimerEvent: {}
[10.341674] (-) TimerEvent: {}
[10.344235] (moveit_config) JobProgress: {'identifier': 'moveit_config', 'progress': 'cmake'}
[10.344775] (moveit_config) JobProgress: {'identifier': 'moveit_config', 'progress': 'build'}
[10.345792] (moveit_config) Command: {'cmd': ['/usr/bin/cmake', '--build', '/home/ibrahim/BinPicking/build/moveit_config', '--', '-j16', '-l16'], 'cwd': '/home/ibrahim/BinPicking/build/moveit_config', 'env': OrderedDict([('PYTHON_BASIC_REPL', '1'), ('LESSOPEN', '| /usr/bin/lesspipe %s'), ('USER', 'ibrahim'), ('GIT_ASKPASS', '/home/ibrahim/.vscode-server/bin/4fe60c8b1cdac1c4c174f2fb180d0d758272d713/extensions/git/dist/askpass.sh'), ('SHLVL', '1'), ('LD_LIBRARY_PATH', '/home/ibrahim/BinPicking/install/linkattacher_msgs/lib:/home/ibrahim/BinPicking/install/ros2_linkattacher/lib:/home/ibrahim/RobotArmExpanded/install/action_interfaces/lib:/home/ibrahim/RobotArm/install/action_interfaces/lib:/home/ibrahim/RobotNav/install/action_interfaces/lib:/home/ibrahim/ros2_ws/install/action_interfaces/lib:/usr/lib/x86_64-linux-gnu/gazebo-11/plugins:/opt/ros/humble/opt/rviz_ogre_vendor/lib:/opt/ros/humble/lib/x86_64-linux-gnu:/opt/ros/humble/lib'), ('HOME', '/home/ibrahim'), ('TERM_PROGRAM_VERSION', '1.127.0'), ('VSCODE_IPC_HOOK_CLI', '/run/user/1000/vscode-ipc-f56497ac-26c8-4238-ac57-aa6c35150e6d.sock'), ('ROS_PYTHON_VERSION', '3'), ('VSCODE_GIT_ASKPASS_MAIN', '/home/ibrahim/.vscode-server/bin/4fe60c8b1cdac1c4c174f2fb180d0d758272d713/extensions/git/dist/askpass-main.js'), ('VSCODE_GIT_ASKPASS_NODE', '/home/ibrahim/.vscode-server/bin/4fe60c8b1cdac1c4c174f2fb180d0d758272d713/node'), ('PYDEVD_DISABLE_FILE_VALIDATION', '1'), ('BUNDLED_DEBUGPY_PATH', '/home/ibrahim/.vscode-server/extensions/ms-python.debugpy-2026.6.0-linux-x64/bundled/libs/debugpy'), ('VSCODE_PYTHON_AUTOACTIVATE_GUARD', '1'), ('DBUS_SESSION_BUS_ADDRESS', 'unix:path=/run/user/1000/bus'), ('COLORTERM', 'truecolor'), ('WSL_DISTRO_NAME', 'Ubuntu-22.04'), ('WAYLAND_DISPLAY', 'wayland-0'), ('COLCON_PREFIX_PATH', '/home/ibrahim/BinPicking/install:/home/ibrahim/MoveItArm/install:/home/ibrahim/RobotArmExpanded/install:/home/ibrahim/RobotArm/install:/home/ibrahim/TF2Sample/install:/home/ibrahim/RobotNav/install:/home/ibrahim/RobotMonitor/install:/home/ibrahim/ros2_ws/install'), ('ROS_DISTRO', 'humble'), ('LOGNAME', 'ibrahim'), ('NAME', 'Ibrahim-laptop'), ('WSL_INTEROP', '/run/WSL/409_interop'), ('PULSE_SERVER', 'unix:/mnt/wslg/PulseServer'), ('_', '/usr/bin/colcon'), ('ROS_VERSION', '2'), ('CLAUDE_CODE_SSE_PORT', '15232'), ('TERM', 'xterm-256color'), ('ROS_LOCALHOST_ONLY', '0'), ('PATH', '/home/ibrahim/.vscode-server/data/User/globalStorage/github.copilot-chat/debugCommand:/home/ibrahim/.vscode-server/data/User/globalStorage/github.copilot-chat/copilotCli:/home/ibrahim/.vscode-server/bin/4fe60c8b1cdac1c4c174f2fb180d0d758272d713/bin/remote-cli:/opt/ros/humble/bin:/usr/local/sbin:/usr/local/bin:/usr/sbin:/usr/bin:/sbin:/bin:/usr/games:/usr/local/games:/usr/lib/wsl/lib:/mnt/c/Windows/system32:/mnt/c/Windows:/mnt/c/Windows/System32/Wbem:/mnt/c/Windows/System32/WindowsPowerShell/v1.0/:/mnt/c/Windows/System32/OpenSSH/:/mnt/c/Program Files (x86)/NVIDIA Corporation/PhysX/Common:/mnt/c/Program Files/NVIDIA Corporation/NVIDIA App/NvDLISR:/mnt/c/Program Files/dotnet/:/mnt/c/Program Files/nodejs/:/mnt/c/Program Files/Git/cmd:/mnt/c/Program Files/PostgreSQL/18/bin:/mnt/c/Users/zanto/.local/bin:/mnt/c/Program Files/Docker/Docker/resources/bin:/mnt/c/Program Files/GitHub CLI/:/mnt/c/Users/zanto/AppData/Local/Programs/Python/Python312/Scripts/:/mnt/c/Users/zanto/AppData/Local/Programs/Python/Python312/:/mnt/c/Users/zanto/AppData/Local/Programs/Python/Python314/Scripts/:/mnt/c/Users/zanto/AppData/Local/Programs/Python/Python314/:/mnt/c/Users/zanto/AppData/Local/Microsoft/WindowsApps:/mnt/c/Users/zanto/AppData/Local/Programs/Microsoft VS Code/bin:/mnt/c/Users/zanto/AppData/Local/Programs/Ollama:/mnt/c/Users/zanto/AppData/Roaming/npm:/mnt/c/msys64/ucrt64/bin:/snap/bin:/home/ibrahim/.vscode-server/extensions/ms-python.debugpy-2026.6.0-linux-x64/bundled/scripts/noConfigScripts'), ('XDG_RUNTIME_DIR', '/run/user/1000/'), ('DISPLAY', ':0'), ('VSCODE_DEBUGPY_ADAPTER_ENDPOINTS', '/home/ibrahim/.vscode-server/extensions/ms-python.debugpy-2026.6.0-linux-x64/.noConfigDebugAdapterEndpoints/endpoint-5f2293e981f4d090.txt'), ('LANG', 'C.UTF-8'), ('PYTHONSTARTUP', '/home/ibrahim/.vscode-server/data/User/workspaceStorage/53d6af783f54596ecf064b03d33c69c7/ms-python.python/pythonrc.py'), ('RMW_IMPLEMENTATION', 'rmw_cyclonedds_cpp'), ('LS_COLORS', 'rs=0:di=01;34:ln=01;36:mh=00:pi=40;33:so=01;35:do=01;35:bd=40;33;01:cd=40;33;01:or=40;31;01:mi=00:su=37;41:sg=30;43:ca=30;41:tw=30;42:ow=34;42:st=37;44:ex=01;32:*.tar=01;31:*.tgz=01;31:*.arc=01;31:*.arj=01;31:*.taz=01;31:*.lha=01;31:*.lz4=01;31:*.lzh=01;31:*.lzma=01;31:*.tlz=01;31:*.txz=01;31:*.tzo=01;31:*.t7z=01;31:*.zip=01;31:*.z=01;31:*.dz=01;31:*.gz=01;31:*.lrz=01;31:*.lz=01;31:*.lzo=01;31:*.xz=01;31:*.zst=01;31:*.tzst=01;31:*.bz2=01;31:*.bz=01;31:*.tbz=01;31:*.tbz2=01;31:*.tz=01;31:*.deb=01;31:*.rpm=01;31:*.jar=01;31:*.war=01;31:*.ear=01;31:*.sar=01;31:*.rar=01;31:*.alz=01;31:*.ace=01;31:*.zoo=01;31:*.cpio=01;31:*.7z=01;31:*.rz=01;31:*.cab=01;31:*.wim=01;31:*.swm=01;31:*.dwm=01;31:*.esd=01;31:*.jpg=01;35:*.jpeg=01;35:*.mjpg=01;35:*.mjpeg=01;35:*.gif=01;35:*.bmp=01;35:*.pbm=01;35:*.pgm=01;35:*.ppm=01;35:*.tga=01;35:*.xbm=01;35:*.xpm=01;35:*.tif=01;35:*.tiff=01;35:*.png=01;35:*.svg=01;35:*.svgz=01;35:*.mng=01;35:*.pcx=01;35:*.mov=01;35:*.mpg=01;35:*.mpeg=01;35:*.m2v=01;35:*.mkv=01;35:*.webm=01;35:*.webp=01;35:*.ogm=01;35:*.mp4=01;35:*.m4v=01;35:*.mp4v=01;35:*.vob=01;35:*.qt=01;35:*.nuv=01;35:*.wmv=01;35:*.asf=01;35:*.rm=01;35:*.rmvb=01;35:*.flc=01;35:*.avi=01;35:*.fli=01;35:*.flv=01;35:*.gl=01;35:*.dl=01;35:*.xcf=01;35:*.xwd=01;35:*.yuv=01;35:*.cgm=01;35:*.emf=01;35:*.ogv=01;35:*.ogx=01;35:*.aac=00;36:*.au=00;36:*.flac=00;36:*.m4a=00;36:*.mid=00;36:*.midi=00;36:*.mka=00;36:*.mp3=00;36:*.mpc=00;36:*.ogg=00;36:*.ra=00;36:*.wav=00;36:*.oga=00;36:*.opus=00;36:*.spx=00;36:*.xspf=00;36:'), ('VSCODE_GIT_IPC_HANDLE', '/run/user/1000/vscode-git-6e1624529d.sock'), ('TERM_PROGRAM', 'vscode'), ('ROS_DOMAIN_ID', '10'), ('AMENT_PREFIX_PATH', '/home/ibrahim/BinPicking/install/ros2_linkattacher:/home/ibrahim/BinPicking/install/moveit_config:/home/ibrahim/BinPicking/install/bin_nodes:/home/ibrahim/BinPicking/install/linkattacher_msgs:/home/ibrahim/RobotArmExpanded/install/main_arm_package:/home/ibrahim/RobotArmExpanded/install/action_interfaces:/home/ibrahim/MoveItArm/install/moveit_config:/home/ibrahim/MoveItArm/install/moveit_arm_package:/home/ibrahim/RobotArm/install/main_arm_package:/home/ibrahim/RobotArm/install/action_interfaces:/home/ibrahim/TF2Sample/install/tf2sim:/home/ibrahim/RobotNav/install/main_robot_nodes:/home/ibrahim/RobotNav/install/action_interfaces:/home/ibrahim/RobotMonitor/install/Robot3Node_Package:/home/ibrahim/ros2_ws/install/my_first_package:/home/ibrahim/ros2_ws/install/action_interfaces:/opt/ros/humble'), ('SHELL', '/bin/bash'), ('LESSCLOSE', '/usr/bin/lesspipe %s %s'), ('VSCODE_GIT_ASKPASS_EXTRA_ARGS', ''), ('PWD', '/home/ibrahim/BinPicking/build/moveit_config'), ('COPILOT_DEBUG_NONCE', 'd05f4ba8ec07642c4df8354ff840a334'), ('XDG_DATA_DIRS', '/usr/local/share:/usr/share:/var/lib/snapd/desktop'), ('PYTHONPATH', '/home/ibrahim/BinPicking/install/linkattacher_msgs/local/lib/python3.10/dist-packages:/home/ibrahim/RobotArmExpanded/install/action_interfaces/local/lib/python3.10/dist-packages:/home/ibrahim/RobotArm/install/action_interfaces/local/lib/python3.10/dist-packages:/home/ibrahim/RobotNav/install/action_interfaces/local/lib/python3.10/dist-packages:/home/ibrahim/ros2_ws/install/action_interfaces/local/lib/python3.10/dist-packages:/opt/ros/humble/lib/python3.10/site-packages:/opt/ros/humble/local/lib/python3.10/dist-packages'), ('COLCON', '1'), ('WSL2_GUI_APPS_ENABLED', '1'), ('HOSTTYPE', 'x86_64'), ('CMAKE_PREFIX_PATH', '/home/ibrahim/BinPicking/install/bin_nodes:/home/ibrahim/BinPicking/install/linkattacher_msgs:/home/ibrahim/BinPicking/install/ros2_linkattacher:/home/ibrahim/BinPicking/install/moveit_config:/home/ibrahim/RobotArmExpanded/install/main_arm_package:/home/ibrahim/RobotArmExpanded/install/action_interfaces:/home/ibrahim/MoveItArm/install/moveit_config:/home/ibrahim/MoveItArm/install/moveit_arm_package:/home/ibrahim/TF2Sample/install/tf2sim:/home/ibrahim/RobotNav/install/main_robot_nodes:/home/ibrahim/RobotNav/install/action_interfaces:/home/ibrahim/RobotMonitor/install/Robot3Node_Package:/home/ibrahim/ros2_ws/install/my_first_package:/home/ibrahim/ros2_ws/install/action_interfaces:/home/ibrahim/RobotArm/install/main_arm_package:/home/ibrahim/RobotArm/install/action_interfaces:/opt/ros/humble'), ('WSLENV', 'VSCODE_WSL_EXT_LOCATION/up')]), 'shell': False}
[10.391914] (moveit_config) CommandEnded: {'returncode': 0}
[10.392761] (moveit_config) JobProgress: {'identifier': 'moveit_config', 'progress': 'install'}
[10.392944] (moveit_config) Command: {'cmd': ['/usr/bin/cmake', '--install', '/home/ibrahim/BinPicking/build/moveit_config'], 'cwd': '/home/ibrahim/BinPicking/build/moveit_config', 'env': OrderedDict([('PYTHON_BASIC_REPL', '1'), ('LESSOPEN', '| /usr/bin/lesspipe %s'), ('USER', 'ibrahim'), ('GIT_ASKPASS', '/home/ibrahim/.vscode-server/bin/4fe60c8b1cdac1c4c174f2fb180d0d758272d713/extensions/git/dist/askpass.sh'), ('SHLVL', '1'), ('LD_LIBRARY_PATH', '/home/ibrahim/BinPicking/install/linkattacher_msgs/lib:/home/ibrahim/BinPicking/install/ros2_linkattacher/lib:/home/ibrahim/RobotArmExpanded/install/action_interfaces/lib:/home/ibrahim/RobotArm/install/action_interfaces/lib:/home/ibrahim/RobotNav/install/action_interfaces/lib:/home/ibrahim/ros2_ws/install/action_interfaces/lib:/usr/lib/x86_64-linux-gnu/gazebo-11/plugins:/opt/ros/humble/opt/rviz_ogre_vendor/lib:/opt/ros/humble/lib/x86_64-linux-gnu:/opt/ros/humble/lib'), ('HOME', '/home/ibrahim'), ('TERM_PROGRAM_VERSION', '1.127.0'), ('VSCODE_IPC_HOOK_CLI', '/run/user/1000/vscode-ipc-f56497ac-26c8-4238-ac57-aa6c35150e6d.sock'), ('ROS_PYTHON_VERSION', '3'), ('VSCODE_GIT_ASKPASS_MAIN', '/home/ibrahim/.vscode-server/bin/4fe60c8b1cdac1c4c174f2fb180d0d758272d713/extensions/git/dist/askpass-main.js'), ('VSCODE_GIT_ASKPASS_NODE', '/home/ibrahim/.vscode-server/bin/4fe60c8b1cdac1c4c174f2fb180d0d758272d713/node'), ('PYDEVD_DISABLE_FILE_VALIDATION', '1'), ('BUNDLED_DEBUGPY_PATH', '/home/ibrahim/.vscode-server/extensions/ms-python.debugpy-2026.6.0-linux-x64/bundled/libs/debugpy'), ('VSCODE_PYTHON_AUTOACTIVATE_GUARD', '1'), ('DBUS_SESSION_BUS_ADDRESS', 'unix:path=/run/user/1000/bus'), ('COLORTERM', 'truecolor'), ('WSL_DISTRO_NAME', 'Ubuntu-22.04'), ('WAYLAND_DISPLAY', 'wayland-0'), ('COLCON_PREFIX_PATH', '/home/ibrahim/BinPicking/install:/home/ibrahim/MoveItArm/install:/home/ibrahim/RobotArmExpanded/install:/home/ibrahim/RobotArm/install:/home/ibrahim/TF2Sample/install:/home/ibrahim/RobotNav/install:/home/ibrahim/RobotMonitor/install:/home/ibrahim/ros2_ws/install'), ('ROS_DISTRO', 'humble'), ('LOGNAME', 'ibrahim'), ('NAME', 'Ibrahim-laptop'), ('WSL_INTEROP', '/run/WSL/409_interop'), ('PULSE_SERVER', 'unix:/mnt/wslg/PulseServer'), ('_', '/usr/bin/colcon'), ('ROS_VERSION', '2'), ('CLAUDE_CODE_SSE_PORT', '15232'), ('TERM', 'xterm-256color'), ('ROS_LOCALHOST_ONLY', '0'), ('PATH', '/home/ibrahim/.vscode-server/data/User/globalStorage/github.copilot-chat/debugCommand:/home/ibrahim/.vscode-server/data/User/globalStorage/github.copilot-chat/copilotCli:/home/ibrahim/.vscode-server/bin/4fe60c8b1cdac1c4c174f2fb180d0d758272d713/bin/remote-cli:/opt/ros/humble/bin:/usr/local/sbin:/usr/local/bin:/usr/sbin:/usr/bin:/sbin:/bin:/usr/games:/usr/local/games:/usr/lib/wsl/lib:/mnt/c/Windows/system32:/mnt/c/Windows:/mnt/c/Windows/System32/Wbem:/mnt/c/Windows/System32/WindowsPowerShell/v1.0/:/mnt/c/Windows/System32/OpenSSH/:/mnt/c/Program Files (x86)/NVIDIA Corporation/PhysX/Common:/mnt/c/Program Files/NVIDIA Corporation/NVIDIA App/NvDLISR:/mnt/c/Program Files/dotnet/:/mnt/c/Program Files/nodejs/:/mnt/c/Program Files/Git/cmd:/mnt/c/Program Files/PostgreSQL/18/bin:/mnt/c/Users/zanto/.local/bin:/mnt/c/Program Files/Docker/Docker/resources/bin:/mnt/c/Program Files/GitHub CLI/:/mnt/c/Users/zanto/AppData/Local/Programs/Python/Python312/Scripts/:/mnt/c/Users/zanto/AppData/Local/Programs/Python/Python312/:/mnt/c/Users/zanto/AppData/Local/Programs/Python/Python314/Scripts/:/mnt/c/Users/zanto/AppData/Local/Programs/Python/Python314/:/mnt/c/Users/zanto/AppData/Local/Microsoft/WindowsApps:/mnt/c/Users/zanto/AppData/Local/Programs/Microsoft VS Code/bin:/mnt/c/Users/zanto/AppData/Local/Programs/Ollama:/mnt/c/Users/zanto/AppData/Roaming/npm:/mnt/c/msys64/ucrt64/bin:/snap/bin:/home/ibrahim/.vscode-server/extensions/ms-python.debugpy-2026.6.0-linux-x64/bundled/scripts/noConfigScripts'), ('XDG_RUNTIME_DIR', '/run/user/1000/'), ('DISPLAY', ':0'), ('VSCODE_DEBUGPY_ADAPTER_ENDPOINTS', '/home/ibrahim/.vscode-server/extensions/ms-python.debugpy-2026.6.0-linux-x64/.noConfigDebugAdapterEndpoints/endpoint-5f2293e981f4d090.txt'), ('LANG', 'C.UTF-8'), ('PYTHONSTARTUP', '/home/ibrahim/.vscode-server/data/User/workspaceStorage/53d6af783f54596ecf064b03d33c69c7/ms-python.python/pythonrc.py'), ('RMW_IMPLEMENTATION', 'rmw_cyclonedds_cpp'), ('LS_COLORS', 'rs=0:di=01;34:ln=01;36:mh=00:pi=40;33:so=01;35:do=01;35:bd=40;33;01:cd=40;33;01:or=40;31;01:mi=00:su=37;41:sg=30;43:ca=30;41:tw=30;42:ow=34;42:st=37;44:ex=01;32:*.tar=01;31:*.tgz=01;31:*.arc=01;31:*.arj=01;31:*.taz=01;31:*.lha=01;31:*.lz4=01;31:*.lzh=01;31:*.lzma=01;31:*.tlz=01;31:*.txz=01;31:*.tzo=01;31:*.t7z=01;31:*.zip=01;31:*.z=01;31:*.dz=01;31:*.gz=01;31:*.lrz=01;31:*.lz=01;31:*.lzo=01;31:*.xz=01;31:*.zst=01;31:*.tzst=01;31:*.bz2=01;31:*.bz=01;31:*.tbz=01;31:*.tbz2=01;31:*.tz=01;31:*.deb=01;31:*.rpm=01;31:*.jar=01;31:*.war=01;31:*.ear=01;31:*.sar=01;31:*.rar=01;31:*.alz=01;31:*.ace=01;31:*.zoo=01;31:*.cpio=01;31:*.7z=01;31:*.rz=01;31:*.cab=01;31:*.wim=01;31:*.swm=01;31:*.dwm=01;31:*.esd=01;31:*.jpg=01;35:*.jpeg=01;35:*.mjpg=01;35:*.mjpeg=01;35:*.gif=01;35:*.bmp=01;35:*.pbm=01;35:*.pgm=01;35:*.ppm=01;35:*.tga=01;35:*.xbm=01;35:*.xpm=01;35:*.tif=01;35:*.tiff=01;35:*.png=01;35:*.svg=01;35:*.svgz=01;35:*.mng=01;35:*.pcx=01;35:*.mov=01;35:*.mpg=01;35:*.mpeg=01;35:*.m2v=01;35:*.mkv=01;35:*.webm=01;35:*.webp=01;35:*.ogm=01;35:*.mp4=01;35:*.m4v=01;35:*.mp4v=01;35:*.vob=01;35:*.qt=01;35:*.nuv=01;35:*.wmv=01;35:*.asf=01;35:*.rm=01;35:*.rmvb=01;35:*.flc=01;35:*.avi=01;35:*.fli=01;35:*.flv=01;35:*.gl=01;35:*.dl=01;35:*.xcf=01;35:*.xwd=01;35:*.yuv=01;35:*.cgm=01;35:*.emf=01;35:*.ogv=01;35:*.ogx=01;35:*.aac=00;36:*.au=00;36:*.flac=00;36:*.m4a=00;36:*.mid=00;36:*.midi=00;36:*.mka=00;36:*.mp3=00;36:*.mpc=00;36:*.ogg=00;36:*.ra=00;36:*.wav=00;36:*.oga=00;36:*.opus=00;36:*.spx=00;36:*.xspf=00;36:'), ('VSCODE_GIT_IPC_HANDLE', '/run/user/1000/vscode-git-6e1624529d.sock'), ('TERM_PROGRAM', 'vscode'), ('ROS_DOMAIN_ID', '10'), ('AMENT_PREFIX_PATH', '/home/ibrahim/BinPicking/install/ros2_linkattacher:/home/ibrahim/BinPicking/install/moveit_config:/home/ibrahim/BinPicking/install/bin_nodes:/home/ibrahim/BinPicking/install/linkattacher_msgs:/home/ibrahim/RobotArmExpanded/install/main_arm_package:/home/ibrahim/RobotArmExpanded/install/action_interfaces:/home/ibrahim/MoveItArm/install/moveit_config:/home/ibrahim/MoveItArm/install/moveit_arm_package:/home/ibrahim/RobotArm/install/main_arm_package:/home/ibrahim/RobotArm/install/action_interfaces:/home/ibrahim/TF2Sample/install/tf2sim:/home/ibrahim/RobotNav/install/main_robot_nodes:/home/ibrahim/RobotNav/install/action_interfaces:/home/ibrahim/RobotMonitor/install/Robot3Node_Package:/home/ibrahim/ros2_ws/install/my_first_package:/home/ibrahim/ros2_ws/install/action_interfaces:/opt/ros/humble'), ('SHELL', '/bin/bash'), ('LESSCLOSE', '/usr/bin/lesspipe %s %s'), ('VSCODE_GIT_ASKPASS_EXTRA_ARGS', ''), ('PWD', '/home/ibrahim/BinPicking/build/moveit_config'), ('COPILOT_DEBUG_NONCE', 'd05f4ba8ec07642c4df8354ff840a334'), ('XDG_DATA_DIRS', '/usr/local/share:/usr/share:/var/lib/snapd/desktop'), ('PYTHONPATH', '/home/ibrahim/BinPicking/install/linkattacher_msgs/local/lib/python3.10/dist-packages:/home/ibrahim/RobotArmExpanded/install/action_interfaces/local/lib/python3.10/dist-packages:/home/ibrahim/RobotArm/install/action_interfaces/local/lib/python3.10/dist-packages:/home/ibrahim/RobotNav/install/action_interfaces/local/lib/python3.10/dist-packages:/home/ibrahim/ros2_ws/install/action_interfaces/local/lib/python3.10/dist-packages:/opt/ros/humble/lib/python3.10/site-packages:/opt/ros/humble/local/lib/python3.10/dist-packages'), ('COLCON', '1'), ('WSL2_GUI_APPS_ENABLED', '1'), ('HOSTTYPE', 'x86_64'), ('CMAKE_PREFIX_PATH', '/home/ibrahim/BinPicking/install/bin_nodes:/home/ibrahim/BinPicking/install/linkattacher_msgs:/home/ibrahim/BinPicking/install/ros2_linkattacher:/home/ibrahim/BinPicking/install/moveit_config:/home/ibrahim/RobotArmExpanded/install/main_arm_package:/home/ibrahim/RobotArmExpanded/install/action_interfaces:/home/ibrahim/MoveItArm/install/moveit_config:/home/ibrahim/MoveItArm/install/moveit_arm_package:/home/ibrahim/TF2Sample/install/tf2sim:/home/ibrahim/RobotNav/install/main_robot_nodes:/home/ibrahim/RobotNav/install/action_interfaces:/home/ibrahim/RobotMonitor/install/Robot3Node_Package:/home/ibrahim/ros2_ws/install/my_first_package:/home/ibrahim/ros2_ws/install/action_interfaces:/home/ibrahim/RobotArm/install/main_arm_package:/home/ibrahim/RobotArm/install/action_interfaces:/opt/ros/humble'), ('WSLENV', 'VSCODE_WSL_EXT_LOCATION/up')]), 'shell': False}
[10.401053] (moveit_config) StdoutLine: {'line': b'-- Install configuration: ""\n'}
[10.401356] (moveit_config) StdoutLine: {'line': b'-- Up-to-date: /home/ibrahim/BinPicking/install/moveit_config/share/ament_index/resource_index/package_run_dependencies/moveit_config\n'}
[10.401719] (moveit_config) StdoutLine: {'line': b'-- Up-to-date: /home/ibrahim/BinPicking/install/moveit_config/share/ament_index/resource_index/parent_prefix_path/moveit_config\n'}
[10.401871] (moveit_config) StdoutLine: {'line': b'-- Up-to-date: /home/ibrahim/BinPicking/install/moveit_config/share/moveit_config/environment/ament_prefix_path.sh\n'}
[10.402021] (moveit_config) StdoutLine: {'line': b'-- Up-to-date: /home/ibrahim/BinPicking/install/moveit_config/share/moveit_config/environment/ament_prefix_path.dsv\n'}
[10.402230] (moveit_config) StdoutLine: {'line': b'-- Up-to-date: /home/ibrahim/BinPicking/install/moveit_config/share/moveit_config/environment/path.sh\n'}
[10.402434] (moveit_config) StdoutLine: {'line': b'-- Up-to-date: /home/ibrahim/BinPicking/install/moveit_config/share/moveit_config/environment/path.dsv\n'}
[10.402651] (moveit_config) StdoutLine: {'line': b'-- Up-to-date: /home/ibrahim/BinPicking/install/moveit_config/share/moveit_config/local_setup.bash\n'}
[10.402807] (moveit_config) StdoutLine: {'line': b'-- Up-to-date: /home/ibrahim/BinPicking/install/moveit_config/share/moveit_config/local_setup.sh\n'}
[10.403122] (moveit_config) StdoutLine: {'line': b'-- Up-to-date: /home/ibrahim/BinPicking/install/moveit_config/share/moveit_config/local_setup.zsh\n'}
[10.403260] (moveit_config) StdoutLine: {'line': b'-- Up-to-date: /home/ibrahim/BinPicking/install/moveit_config/share/moveit_config/local_setup.dsv\n'}
[10.403467] (moveit_config) StdoutLine: {'line': b'-- Installing: /home/ibrahim/BinPicking/install/moveit_config/share/moveit_config/package.dsv\n'}
[10.403670] (moveit_config) StdoutLine: {'line': b'-- Up-to-date: /home/ibrahim/BinPicking/install/moveit_config/share/ament_index/resource_index/packages/moveit_config\n'}
[10.403877] (moveit_config) StdoutLine: {'line': b'-- Up-to-date: /home/ibrahim/BinPicking/install/moveit_config/share/moveit_config/cmake/moveit_configConfig.cmake\n'}
[10.404033] (moveit_config) StdoutLine: {'line': b'-- Up-to-date: /home/ibrahim/BinPicking/install/moveit_config/share/moveit_config/cmake/moveit_configConfig-version.cmake\n'}
[10.404077] (moveit_config) StdoutLine: {'line': b'-- Up-to-date: /home/ibrahim/BinPicking/install/moveit_config/share/moveit_config/package.xml\n'}
[10.404113] (moveit_config) StdoutLine: {'line': b'-- Up-to-date: /home/ibrahim/BinPicking/install/moveit_config/share/moveit_config/launch\n'}
[10.404152] (moveit_config) StdoutLine: {'line': b'-- Up-to-date: /home/ibrahim/BinPicking/install/moveit_config/share/moveit_config/launch/move_group.launch.py\n'}
[10.404181] (moveit_config) StdoutLine: {'line': b'-- Up-to-date: /home/ibrahim/BinPicking/install/moveit_config/share/moveit_config/launch/static_virtual_joint_tfs.launch.py\n'}
[10.404211] (moveit_config) StdoutLine: {'line': b'-- Up-to-date: /home/ibrahim/BinPicking/install/moveit_config/share/moveit_config/launch/spawn_controllers.launch.py\n'}
[10.404238] (moveit_config) StdoutLine: {'line': b'-- Up-to-date: /home/ibrahim/BinPicking/install/moveit_config/share/moveit_config/launch/__pycache__\n'}
[10.404267] (moveit_config) StdoutLine: {'line': b'-- Up-to-date: /home/ibrahim/BinPicking/install/moveit_config/share/moveit_config/launch/__pycache__/pick_and_place.launch.cpython-310.pyc\n'}
[10.404295] (moveit_config) StdoutLine: {'line': b'-- Up-to-date: /home/ibrahim/BinPicking/install/moveit_config/share/moveit_config/launch/__pycache__/gazebo.launch.cpython-310.pyc\n'}
[10.404326] (moveit_config) StdoutLine: {'line': b'-- Up-to-date: /home/ibrahim/BinPicking/install/moveit_config/share/moveit_config/launch/gazebo.launch.py\n'}
[10.404352] (moveit_config) StdoutLine: {'line': b'-- Up-to-date: /home/ibrahim/BinPicking/install/moveit_config/share/moveit_config/launch/rsp.launch.py\n'}
[10.404506] (moveit_config) StdoutLine: {'line': b'-- Up-to-date: /home/ibrahim/BinPicking/install/moveit_config/share/moveit_config/launch/moveit_rviz.launch.py\n'}
[10.404646] (moveit_config) StdoutLine: {'line': b'-- Up-to-date: /home/ibrahim/BinPicking/install/moveit_config/share/moveit_config/launch/warehouse_db.launch.py\n'}
[10.404780] (moveit_config) StdoutLine: {'line': b'-- Up-to-date: /home/ibrahim/BinPicking/install/moveit_config/share/moveit_config/launch/pick_and_place.launch.py\n'}
[10.404883] (moveit_config) StdoutLine: {'line': b'-- Up-to-date: /home/ibrahim/BinPicking/install/moveit_config/share/moveit_config/launch/demo.launch.py\n'}
[10.404942] (moveit_config) StdoutLine: {'line': b'-- Up-to-date: /home/ibrahim/BinPicking/install/moveit_config/share/moveit_config/launch/setup_assistant.launch.py\n'}
[10.404991] (moveit_config) StdoutLine: {'line': b'-- Up-to-date: /home/ibrahim/BinPicking/install/moveit_config/share/moveit_config/config\n'}
[10.405037] (moveit_config) StdoutLine: {'line': b'-- Up-to-date: /home/ibrahim/BinPicking/install/moveit_config/share/moveit_config/config/initial_positions.yaml\n'}
[10.405081] (moveit_config) StdoutLine: {'line': b'-- Up-to-date: /home/ibrahim/BinPicking/install/moveit_config/share/moveit_config/config/robot_arm.ros2_control.xacro\n'}
[10.405136] (moveit_config) StdoutLine: {'line': b'-- Up-to-date: /home/ibrahim/BinPicking/install/moveit_config/share/moveit_config/config/kinematics.yaml\n'}
[10.405179] (moveit_config) StdoutLine: {'line': b'-- Up-to-date: /home/ibrahim/BinPicking/install/moveit_config/share/moveit_config/config/robot_arm.urdf.xacro\n'}
[10.405233] (moveit_config) StdoutLine: {'line': b'-- Up-to-date: /home/ibrahim/BinPicking/install/moveit_config/share/moveit_config/config/sensors_3d.yaml\n'}
[10.405277] (moveit_config) StdoutLine: {'line': b'-- Up-to-date: /home/ibrahim/BinPicking/install/moveit_config/share/moveit_config/config/moveit_controllers.yaml\n'}
[10.405318] (moveit_config) StdoutLine: {'line': b'-- Up-to-date: /home/ibrahim/BinPicking/install/moveit_config/share/moveit_config/config/moveit.rviz\n'}
[10.405357] (moveit_config) StdoutLine: {'line': b'-- Up-to-date: /home/ibrahim/BinPicking/install/moveit_config/share/moveit_config/config/pilz_cartesian_limits.yaml\n'}
[10.405448] (moveit_config) StdoutLine: {'line': b'-- Up-to-date: /home/ibrahim/BinPicking/install/moveit_config/share/moveit_config/config/joint_limits.yaml\n'}
[10.405563] (moveit_config) StdoutLine: {'line': b'-- Up-to-date: /home/ibrahim/BinPicking/install/moveit_config/share/moveit_config/config/ros2_controllers.yaml\n'}
[10.406060] (moveit_config) StdoutLine: {'line': b'-- Up-to-date: /home/ibrahim/BinPicking/install/moveit_config/share/moveit_config/config/robot_arm.srdf\n'}
[10.406861] (moveit_config) StdoutLine: {'line': b'-- Up-to-date: /home/ibrahim/BinPicking/install/moveit_config/share/moveit_config/.setup_assistant\n'}
[10.407656] (moveit_config) CommandEnded: {'returncode': 0}
[10.419788] (moveit_config) JobEnded: {'identifier': 'moveit_config', 'rc': 0}
[10.421082] (-) EventReactorShutdown: {}
